"ts_code","symbol","name","area","industry","cnspell","market","list_date","act_name","act_ent_type","exchange","list_status","fullname","enname"
"000001.SZ","000001","平安银行","深圳","银行","payh","主板","19910403","无实际控制人","无","SZSE","L","平安银行股份有限公司","Ping An Bank Co., Ltd."
"000002.SZ","000002","万科A","深圳","全国地产","wka","主板","19910129","深圳市人民政府国有资产监督管理委员会","地方国企","SZSE","L","万科企业股份有限公司","China Vanke Co.,Ltd."
"000004.SZ","000004","*ST国华","深圳","软件服务","stgh","主板","19910114","李映彤","民营企业","SZSE","L","深圳国华网安科技股份有限公司","Shenzhen Guohua Network Security Technology Co., Ltd."
"000006.SZ","000006","深振业A","深圳","区域地产","szya","主板","19920427","深圳市人民政府国有资产监督管理委员会","地方国企","SZSE","L","深圳市振业(集团)股份有限公司","Shenzhen Zhenye(Group) Co., Ltd."
"000007.SZ","000007","全新好","深圳","其他商业","qxh","主板","19920413","王玩虹","民营企业","SZSE","L","深圳市全新好股份有限公司","Shenzhen Quanxinhao Co,.Ltd."
"000008.SZ","000008","神州高铁","北京","运输设备","szgt","主板","19920507","","","SZSE","L","神州高铁技术股份有限公司","China High Speed Railway Technology Co.,Ltd."
"000009.SZ","000009","中国宝安","深圳","电气设备","zgba","主板","19910625","无实际控制人","无","SZSE","L","中国宝安集团股份有限公司","China Baoan Group Co., Ltd."
"000010.SZ","000010","美丽生态","深圳","建筑工程","mlst","主板","19951027","","","SZSE","L","深圳美丽生态股份有限公司","Shenzhen Ecobeauty Co.,Ltd."
"000011.SZ","000011","深物业A","深圳","房产服务","swya","主板","19920330","深圳市人民政府国有资产监督管理委员会","地方国企","SZSE","L","深圳市物业发展(集团)股份有限公司","Shenzhen Properties & Resources Development (Group) Ltd."
"000012.SZ","000012","南玻A","深圳","玻璃","nba","主板","19920228","深圳市人民政府国有资产监督管理委员会","地方国企","SZSE","L","中国南玻集团股份有限公司","CSG Holding Co., Ltd."
"000014.SZ","000014","沙河股份","深圳","全国地产","shgf","主板","19920602","深圳市人民政府国有资产监督管理委员会","地方国企","SZSE","L","沙河实业股份有限公司","Shahe Industrial Co., Ltd."
"000016.SZ","000016","深康佳A","深圳","家用电器","skja","主板","19920327","","","SZSE","L","康佳集团股份有限公司","Konka Group Co.,Ltd"
"000017.SZ","000017","深中华A","深圳","服饰","szha","主板","19920331","王胜洪","民营企业","SZSE","L","深圳中华自行车(集团)股份有限公司","Shenzhen China Bicycle Company (Holdings) Limited"
"000019.SZ","000019","深粮控股","深圳","农业综合","slkg","主板","19921012","深圳市人民政府国有资产监督管理委员会","地方国企","SZSE","L","深圳市深粮控股股份有限公司","Shenzhen Cereals Holdings Co.,Ltd"
"000020.SZ","000020","深华发A","深圳","元器件","shfa","主板","19920428","李中秋","民营企业","SZSE","L","深圳中恒华发股份有限公司","Shenzhen Zhongheng Huafa Co.,Ltd."
"000021.SZ","000021","深科技","深圳","元器件","skj","主板","19940202","","","SZSE","L","深圳长城开发科技股份有限公司","Shenzhen Kaifa Technology Co., Ltd."
"000025.SZ","000025","特力A","深圳","综合类","tla","主板","19930621","深圳市人民政府国有资产监督管理委员会","地方国企","SZSE","L","深圳市特力(集团)股份有限公司","Shenzhen Tellus Holding Co.,Ltd."
"000026.SZ","000026","飞亚达","深圳","服饰","fyd","主板","19930603","中国航空工业集团有限公司","中央国企","SZSE","L","飞亚达精密科技股份有限公司","FIYTA Precision Technology Co., Ltd."
"000027.SZ","000027","深圳能源","深圳","火力发电","szny","主板","19930903","深圳市人民政府国有资产监督管理委员会","地方国企","SZSE","L","深圳能源集团股份有限公司","Shenzhen Energy Group Co., Ltd."
"000028.SZ","000028","国药一致","深圳","医药商业","gyyz","主板","19930809","","","SZSE","L","国药集团一致药业股份有限公司","China National Accord Medicines Corporation Ltd."
"000029.SZ","000029","深深房A","深圳","区域地产","ssfa","主板","19930915","深圳市人民政府国有资产监督管理委员会","地方国企","SZSE","L","深圳经济特区房地产(集团)股份有限公司","Shenzhen Special Economic Zone Real Estate&Properties (Group).Co.,Ltd."
"000030.SZ","000030","富奥股份","吉林","汽车配件","fagf","主板","19930929","","","SZSE","L","富奥汽车零部件股份有限公司","Fawer Automotive Parts Limited Company"
"000031.SZ","000031","大悦城","深圳","全国地产","dyc","主板","19931008","","","SZSE","L","大悦城控股集团股份有限公司","Grandjoy Holdings Group Co.,Ltd."
"000032.SZ","000032","深桑达A","深圳","建筑工程","ssda","主板","19931028","","","SZSE","L","深圳市桑达实业股份有限公司","Shenzhen Sed Industry Co.,Ltd."
"000034.SZ","000034","神州数码","深圳","软件服务","szsm","主板","19940509","","","SZSE","L","神州数码集团股份有限公司","Digital China Group Co., Ltd."
"000035.SZ","000035","中国天楹","江苏","环境保护","zgty","主板","19940408","","","SZSE","L","中国天楹股份有限公司","China Tianying Inc."
"000036.SZ","000036","华联控股","深圳","全国地产","hlkg","主板","19940617","龚泽民","民营企业","SZSE","L","华联控股股份有限公司","China Union Holdings Ltd."
"000037.SZ","000037","深南电A","深圳","火力发电","snda","主板","19940701","无实际控制人","无","SZSE","L","深圳南山热电股份有限公司","Shenzhen Nanshan Power Co., Ltd."
"000039.SZ","000039","中集集团","深圳","运输设备","zjjt","主板","19940408","无实际控制人","无","SZSE","L","中国国际海运集装箱(集团)股份有限公司","China International Marine Containers (Group) Co., Ltd."
"000042.SZ","000042","中洲控股","深圳","全国地产","zzkg","主板","19940921","深圳市人民政府国有资产监督管理委员会","地方国企","SZSE","L","深圳市中洲投资控股股份有限公司","Shenzhen Centralcon Investment Holding Co.,Ltd"
"000045.SZ","000045","深纺织A","深圳","元器件","sfza","主板","19940815","深圳市人民政府国有资产监督管理委员会","地方国企","SZSE","L","深圳市纺织(集团)股份有限公司","Shenzhen Textile (Holdings) Co.,Ltd"
"000048.SZ","000048","京基智农","深圳","农业综合","jjzn","主板","19941101","","","SZSE","L","深圳市京基智农时代股份有限公司","Shenzhen Kingkey Smart Agriculture Times Co.,Ltd"
"000049.SZ","000049","德赛电池","深圳","电气设备","dsdc","主板","19950320","","","SZSE","L","深圳市德赛电池科技股份有限公司","Shenzhen Desay Battery Technology Co., Ltd."
"000050.SZ","000050","深天马A","深圳","元器件","stma","主板","19950315","","","SZSE","L","天马微电子股份有限公司","Tianma Microelectronics Co.,Ltd."
"000055.SZ","000055","方大集团","深圳","其他建材","fdjt","主板","19960415","","","SZSE","L","方大集团股份有限公司","China Fangda Group Co., Ltd."
"000056.SZ","000056","皇庭国际","深圳","其他商业","htgj","主板","19960708","","","SZSE","L","深圳市皇庭国际企业股份有限公司","Shenzhen Wongtee International Enterprise Co., Ltd."
"000058.SZ","000058","深赛格","深圳","商品城","ssg","主板","19961226","深圳市人民政府国有资产监督管理委员会","地方国企","SZSE","L","深圳赛格股份有限公司","Shenzhen Seg Co.,Ltd"
"000059.SZ","000059","华锦股份","辽宁","石油加工","hjgf","主板","19970130","","","SZSE","L","北方华锦化学工业股份有限公司","North Huajin Chemical Industries Co.,Ltd"
"000060.SZ","000060","中金岭南","深圳","铅锌","zjln","主板","19970123","","","SZSE","L","深圳市中金岭南有色金属股份有限公司","Shenzhen Zhongjin Lingnan Nonfemet Co. Ltd."
"000061.SZ","000061","农产品","深圳","农业综合","ncp","主板","19970110","深圳市人民政府国有资产监督管理委员会","地方国企","SZSE","L","深圳市农产品集团股份有限公司","Shenzhen Agricultural Power Group Co.,Ltd"
"000062.SZ","000062","深圳华强","深圳","元器件","szhq","主板","19970130","","","SZSE","L","深圳华强实业股份有限公司","Shenzhen Huaqiang Industry Co.,Ltd."
"000063.SZ","000063","中兴通讯","深圳","通信设备","zxtx","主板","19971118","无实际控制人","无","SZSE","L","中兴通讯股份有限公司","ZTE Corporation"
"000065.SZ","000065","北方国际","北京","建筑工程","bfgj","主板","19980605","","","SZSE","L","北方国际合作股份有限公司","Norinco International Cooperation Ltd."
"000066.SZ","000066","中国长城","深圳","IT设备","zgcc","主板","19970626","","","SZSE","L","中国长城科技集团股份有限公司","China Greatwall Technology Group Co., Ltd."
"000068.SZ","000068","华控赛格","深圳","环境保护","hksg","主板","19970611","山西省国有资本运营有限公司","地方国企","SZSE","L","深圳华控赛格股份有限公司","Shenzhen Huakong Seg Co.,Ltd."
"000069.SZ","000069","华侨城A","深圳","全国地产","hqca","主板","19970910","国务院国有资产监督管理委员会","中央国企","SZSE","L","深圳华侨城股份有限公司","Shenzhen Overseas Chinese Town Co., Ltd"
"000070.SZ","000070","特发信息","深圳","通信设备","tfxx","主板","20000511","深圳市人民政府国有资产监督管理委员会","地方国企","SZSE","L","深圳市特发信息股份有限公司","Shenzhen SDG Information Co., Ltd"
"000078.SZ","000078","海王生物","深圳","医药商业","hwsw","主板","19981218","","","SZSE","L","深圳市海王生物工程股份有限公司","Shenzhen Neptunus Bioengineering Co.,Ltd"
"000088.SZ","000088","盐田港","深圳","港口","ytg","主板","19970728","深圳市人民政府国有资产监督管理委员会","地方国企","SZSE","L","深圳市盐田港股份有限公司","Shenzhen Yan Tian Port Holdings Co.,Ltd."
"000089.SZ","000089","深圳机场","深圳","机场","szjc","主板","19980420","深圳市人民政府国有资产监督管理委员会","地方国企","SZSE","L","深圳市机场股份有限公司","Shenzhen Airport Co.,Ltd."
"000090.SZ","000090","天健集团","深圳","建筑工程","tjjt","主板","19990721","深圳市人民政府国有资产监督管理委员会","地方国企","SZSE","L","深圳市天健(集团)股份有限公司","Shenzhen Tagen Group Co., Ltd."
"000096.SZ","000096","广聚能源","深圳","石油贸易","gjny","主板","20000724","","","SZSE","L","深圳市广聚能源股份有限公司","Shenzhen Guangju Energy Co.,Ltd."
"000099.SZ","000099","中信海直","深圳","空运","zxhz","主板","20000731","","","SZSE","L","中信海洋直升机股份有限公司","CITIC Offshore Helicopter Co.,Ltd"
"000100.SZ","000100","TCL科技","广东","元器件","tclkj","主板","20040130","无实际控制人","无","SZSE","L","TCL科技集团股份有限公司","Tcl Technology Group Corporation"
"000151.SZ","000151","中成股份","北京","商贸代理","zcgf","主板","20000906","","","SZSE","L","中成进出口股份有限公司","China National Complete Plant Import & Export Corporation Limited"
"000153.SZ","000153","丰原药业","安徽","化学制药","fyyy","主板","20000920","","","SZSE","L","安徽丰原药业股份有限公司","Anhui Fengyuan Pharmaceutical Co., Ltd."
"000155.SZ","000155","川能动力","四川","新型电力","cndl","主板","20000926","四川省政府国有资产监督管理委员会","地方国企","SZSE","L","四川省新能源动力股份有限公司","Sichuan New Energy Power Company Limited"
"000156.SZ","000156","华数传媒","浙江","影视音像","hscm","主板","20000906","","","SZSE","L","华数传媒控股股份有限公司","Wasu Media Holding Co.,Ltd"
"000157.SZ","000157","中联重科","湖南","工程机械","zlzk","主板","20001012","","","SZSE","L","中联重科股份有限公司","Zoomlion Heavy Industry Science and Technology Co., Ltd"
"000158.SZ","000158","常山北明","河北","软件服务","csbm","主板","20000724","","","SZSE","L","石家庄常山北明科技股份有限公司","Shijiazhuang ChangShan BeiMing Technology Co.,Ltd"
"000159.SZ","000159","国际实业","新疆","石油贸易","gjsy","主板","20000926","冯建方","民营企业","SZSE","L","新疆国际实业股份有限公司","Xinjiang International Industry Co.,Ltd"
"000166.SZ","000166","申万宏源","新疆","证券","swhy","主板","20150126","","","SZSE","L","申万宏源集团股份有限公司","Shenwan Hongyuan Group Co.,Ltd."
"000301.SZ","000301","东方盛虹","江苏","化纤","dfsh","主板","20000529","","","SZSE","L","江苏东方盛虹股份有限公司","Jiangsu Eastern Shenghong Co., Ltd."
"000333.SZ","000333","美的集团","广东","家用电器","mdjt","主板","20130918","","","SZSE","L","美的集团股份有限公司","Midea Group Co., Ltd"
"000338.SZ","000338","潍柴动力","山东","汽车配件","wcdl","主板","20070430","","","SZSE","L","潍柴动力股份有限公司","Weichai Power Co., Ltd."
"000400.SZ","000400","许继电气","河南","电气设备","xjdq","主板","19970418","许昌市人民政府","地方国企","SZSE","L","许继电气股份有限公司","Xj Electric Co.,Ltd."
"000401.SZ","000401","金隅冀东","河北","水泥","jyjd","主板","19960614","唐山市人民政府国有资产监督管理委员会","地方国企","SZSE","L","金隅冀东水泥集团股份有限公司","Bbmg Jidong Cement Group Co.,Ltd"
"000402.SZ","000402","金融街","北京","全国地产","jrj","主板","19960626","","","SZSE","L","金融街控股股份有限公司","Financial Street Holdings Co., Ltd."
"000403.SZ","000403","派林生物","山西","生物制药","plsw","主板","19960628","陕西省人民政府国有资产监督管理委员会","地方国企","SZSE","L","派斯双林生物制药股份有限公司","Pacific Shuanglin Bio-pharmacy Co., LTD"
"000404.SZ","000404","长虹华意","江西","家用电器","chhy","主板","19960619","绵阳市国有资产监督管理委员会","地方国企","SZSE","L","长虹华意压缩机股份有限公司","Changhong Huayi Compressor Co., Ltd."
"000407.SZ","000407","胜利股份","山东","供气供热","slgf","主板","19960703","许铁良","外资企业","SZSE","L","山东胜利股份有限公司","Shandong Shengli Co.,Ltd."
"000408.SZ","000408","藏格矿业","青海","农药化肥","zgky","主板","19960628","","","SZSE","L","藏格矿业股份有限公司","Zangge Mining Company Limited"
"000409.SZ","000409","云鼎科技","山东","软件服务","ydkj","主板","19960627","","","SZSE","L","云鼎科技股份有限公司","Yunding Technology Co.,Ltd."
"000410.SZ","000410","沈阳机床","辽宁","机床制造","syjc","主板","19960718","国务院国有资产监督管理委员会","中央国企","SZSE","L","沈阳机床股份有限公司","Shenyang Machine Tool Co,Ltd"
"000411.SZ","000411","英特集团","浙江","医药商业","ytjt","主板","19960716","","","SZSE","L","浙江英特集团股份有限公司","Zhejiang Int'l Group Co.,Ltd."
"000415.SZ","000415","渤海租赁","新疆","多元金融","bhzl","主板","19960716","无实际控制人","无","SZSE","L","渤海租赁股份有限公司","Bohai Leasing Co.,Ltd."
"000417.SZ","000417","合百集团","安徽","百货","hbjt","主板","19960812","合肥市人民政府国有资产监督管理委员会","地方国企","SZSE","L","合肥百货大楼集团股份有限公司","Hefei Department Store Group Co.,Ltd"
"000419.SZ","000419","通程控股","湖南","百货","tckg","主板","19960816","长沙市人民政府国有资产监督管理委员会","地方国企","SZSE","L","长沙通程控股股份有限公司","Changsha Tongcheng Holdings Co.,Ltd"
"000420.SZ","000420","吉林化纤","吉林","化纤","jlhx","主板","19960802","吉林省吉林市人民政府国有资产监督管理委员会","地方国企","SZSE","L","吉林化纤股份有限公司","Jilin Chemical Fibre Stock Co., Ltd."
"000421.SZ","000421","南京公用","江苏","供气供热","njgy","主板","19960806","","","SZSE","L","南京公用发展股份有限公司","Nanjing Public Utilities Development Co.,Ltd."
"000422.SZ","000422","湖北宜化","湖北","农药化肥","hbyh","主板","19960815","宜昌市人民政府国有资产监督管理委员会","地方国企","SZSE","L","湖北宜化化工股份有限公司","Hubei Yihua Chemical Industry Co.,Ltd"
"000423.SZ","000423","东阿阿胶","山东","中成药","deej","主板","19960729","","","SZSE","L","东阿阿胶股份有限公司","Dong-E-E-Jiao Co.,Ltd."
"000425.SZ","000425","徐工机械","江苏","工程机械","xgjx","主板","19960828","徐州工程机械集团有限公司","地方国企","SZSE","L","徐工集团工程机械股份有限公司","XCMG Construction Machinery Co.,Ltd."
"000426.SZ","000426","兴业银锡","内蒙","铅锌","xyyx","主板","19960828","","","SZSE","L","内蒙古兴业银锡矿业股份有限公司","Inner Mongolia Xingye Silver &Tin Mining Co.,Ltd"
"000428.SZ","000428","华天酒店","湖南","酒店餐饮","htjd","主板","19960808","","","SZSE","L","华天酒店集团股份有限公司","Huatian Hotel Group Co.,Ltd."
"000429.SZ","000429","粤高速A","广东","路桥","ygsa","主板","19980220","","","SZSE","L","广东省高速公路发展股份有限公司","Guangdong Provincial Expressway Development Co.Ltd."
"000430.SZ","000430","ST张家界","湖南","旅游景点","stzjj","主板","19960829","","","SZSE","L","张家界旅游集团股份有限公司","Zhang Jia Jie Tourism Group Co., Ltd"
"000488.SZ","000488","ST晨鸣","山东","造纸","stcm","主板","20001120","寿光市国有资产监督管理办公室","地方国企","SZSE","L","山东晨鸣纸业集团股份有限公司","Shandong Chenming Paper Holdings Limited"
"000498.SZ","000498","山东路桥","山东","建筑工程","sdlq","主板","19970609","","","SZSE","L","山东高速路桥集团股份有限公司","Shandong Hi-Speed Road&Bridge Group Co., Ltd."
"000501.SZ","000501","武商集团","湖北","百货","wsjt","主板","19921120","武汉市人民政府国有资产监督管理委员会","地方国企","SZSE","L","武商集团股份有限公司","Wushang Group Co., Ltd."
"000503.SZ","000503","国新健康","山东","软件服务","gxjk","主板","19921130","国务院国有资产监督管理委员会","中央国企","SZSE","L","国新健康保障服务集团股份有限公司","China Reform Health Management and Services Group Co., Ltd."
"000504.SZ","000504","*ST生物","湖南","医疗保健","stsw","主板","19921208","","","SZSE","L","南华生物医药股份有限公司","Landfar Bio-Medicine Co.,Ltd"
"000505.SZ","000505","京粮控股","海南","食品","jlkg","主板","19921221","","","SZSE","L","海南京粮控股股份有限公司","Hainan Jingliang Holdings Co., Ltd."
"000506.SZ","000506","招金黄金","山东","黄金","zjhj","主板","19930312","","","SZSE","L","招金国际黄金股份有限公司","Zhaojin International Gold Co., Ltd."
"000507.SZ","000507","珠海港","广东","新型电力","zhg","主板","19930326","珠海市人民政府国有资产监督管理委员会","地方国企","SZSE","L","珠海港股份有限公司","Zhuhai Port Co.,Ltd."
"000509.SZ","000509","华塑控股","四川","元器件","hskg","主板","19930507","湖北省人民政府国有资产监督管理委员会","地方国企","SZSE","L","华塑控股股份有限公司","Huasu Holdings Co.,Ltd."
"000510.SZ","000510","新金路","四川","化工原料","xjl","主板","19930507","","","SZSE","L","四川新金路集团股份有限公司","Sichuan Xinjinlu Group Co.,Ltd"
"000513.SZ","000513","丽珠集团","广东","化学制药","lzjt","主板","19931028","朱保国","民营企业","SZSE","L","丽珠医药集团股份有限公司","Livzon Pharmaceutical Group Inc."
"000514.SZ","000514","渝开发","重庆","区域地产","ykf","主板","19930712","重庆市国有资产监督管理委员会","地方国企","SZSE","L","重庆渝开发股份有限公司","Chongqing Yukaifa Co.,Ltd"
"000516.SZ","000516","国际医学","陕西","医疗保健","gjyx","主板","19930809","","","SZSE","L","西安国际医学投资股份有限公司","Xi'an International Medical Investment Company Limited"
"000517.SZ","000517","荣安地产","浙江","区域地产","radc","主板","19930806","王久芳","民营企业","SZSE","L","荣安地产股份有限公司","Rongan Property Co., Ltd."
"000518.SZ","000518","*ST四环","江苏","生物制药","stsh","主板","19930908","","","SZSE","L","江苏四环生物股份有限公司","Jiangsu Sihuan Bioengineering Co.,Ltd"
"000519.SZ","000519","中兵红箭","湖南","专用机械","zbhj","主板","19931008","","","SZSE","L","中兵红箭股份有限公司","North Industries Group Red Arrow Co., Ltd"
"000520.SZ","000520","凤凰航运","湖北","水运","fhhy","主板","19931025","李杨","民营企业","SZSE","L","凤凰航运(武汉)股份有限公司","Phoenix Shipping (Wuhan) Co.,Ltd."
"000521.SZ","000521","长虹美菱","安徽","家用电器","chml","主板","19931018","绵阳市国有资产监督管理委员会","地方国企","SZSE","L","长虹美菱股份有限公司","Changhong Meiling Co.,Ltd."
"000523.SZ","000523","红棉股份","广东","食品","hmgf","主板","19931108","","","SZSE","L","广州市红棉智汇科创股份有限公司","Hongmian Zhihui Science and Technology Innovation Co.,Ltd.Guangzhou"
"000524.SZ","000524","岭南控股","广东","旅游服务","lnkg","主板","19931118","","","SZSE","L","广州岭南集团控股股份有限公司","Guangzhou Lingnan Group Holdings Company Limited"
"000525.SZ","000525","红太阳","江苏","农药化肥","hty","主板","19931028","","","SZSE","L","南京红太阳股份有限公司","Nanjing Red Sun Co.,Ltd."
"000526.SZ","000526","学大教育","福建","文教休闲","xdjy","主板","19931101","无实际控制人","无","SZSE","L","学大(厦门)教育科技集团股份有限公司","Xueda (Xiamen) Education Technology Group Co., Ltd"
"000528.SZ","000528","柳工","广西","工程机械","lg","主板","19931118","","","SZSE","L","广西柳工机械股份有限公司","Guangxi Liugong Machinery Co., Ltd."
"000529.SZ","000529","广弘控股","广东","食品","ghkg","主板","19931118","","","SZSE","L","广东广弘控股股份有限公司","Guangdong Guanghong Holdings Co.,Ltd."
"000530.SZ","000530","冰山冷热","辽宁","机械基件","bslr","主板","19931208","大连市人民政府国有资产监督管理委员会","地方国企","SZSE","L","冰山冷热科技股份有限公司","Bingshan Refrigeration & Heat Transfer Technologies Co., Ltd."
"000531.SZ","000531","穗恒运A","广东","火力发电","shya","主板","19940106","","","SZSE","L","广州恒运企业集团股份有限公司","Guangzhou Hengyun Enterprises Holding Ltd."
"000532.SZ","000532","华金资本","广东","多元金融","hjzb","主板","19940103","珠海市人民政府国有资产监督管理委员会","地方国企","SZSE","L","珠海华金资本股份有限公司","Zhuhai Huajin Capital Co., Ltd."
"000533.SZ","000533","顺钠股份","广东","电气设备","sngf","主板","19940103","","","SZSE","L","广东顺钠电气股份有限公司","Guangdong Shunna Electric Co., Ltd"
"000534.SZ","000534","万泽股份","广东","生物制药","wzgf","主板","19940110","","","SZSE","L","万泽实业股份有限公司","Wedge Industrial Co.,Ltd."
"000536.SZ","000536","华映科技","福建","元器件","hykj","主板","19931126","福建省人民政府国有资产监督管理委员会","地方国企","SZSE","L","华映科技(集团)股份有限公司","Hua Ying Technology(Group) Co.,Ltd."
"000537.SZ","000537","中绿电","天津","新型电力","zld","主板","19931210","","","SZSE","L","天津中绿电投资股份有限公司","China Green Electricity Investment of Tianjin Co., Ltd."
"000538.SZ","000538","云南白药","云南","中成药","ynby","主板","19931215","","","SZSE","L","云南白药集团股份有限公司","Yunnan Baiyao Group Co.,Ltd."
"000539.SZ","000539","粤电力A","广东","火力发电","ydla","主板","19931126","","","SZSE","L","广东电力发展股份有限公司","Guangdong Electric Power Development Co.,Ltd"
"000541.SZ","000541","佛山照明","广东","家用电器","fszm","主板","19931123","广东省广晟控股集团有限公司","地方国企","SZSE","L","佛山电器照明股份有限公司","Foshan Electrical and Lighting Co.,Ltd"
"000543.SZ","000543","皖能电力","安徽","火力发电","wndl","主板","19931220","","","SZSE","L","安徽省皖能股份有限公司","An Hui Wenergy Company Limited"
"000544.SZ","000544","中原环保","河南","环境保护","zyhb","主板","19931208","郑州市人民政府","地方国企","SZSE","L","中原环保股份有限公司","Central Plains Environment Protection Co.,Ltd."
"000545.SZ","000545","金浦钛业","吉林","化工原料","jpty","主板","19931215","","","SZSE","L","金浦钛业股份有限公司","Gpro Titanium Industry Co.,Ltd"
"000546.SZ","000546","金圆股份","吉林","环境保护","jygf","主板","19931215","江苏省政府国有资产监督管理委员会","地方国企","SZSE","L","金圆环保股份有限公司","Jinyuan EP Co.,Ltd."
"000547.SZ","000547","航天发展","福建","通信设备","htfz","主板","19931130","","","SZSE","L","航天工业发展股份有限公司","Addsino Co.,Ltd."
"000548.SZ","000548","湖南投资","湖南","路桥","hntz","主板","19931220","长沙市人民政府国有资产监督管理委员会","地方国企","SZSE","L","湖南投资集团股份有限公司","Hunan Investment Group Co.,Ltd."
"000550.SZ","000550","江铃汽车","江西","汽车整车","jlqc","主板","19931201","江西省南昌市人民政府国有资产监督管理委员会","地方国企","SZSE","L","江铃汽车股份有限公司","Jiangling Motors Corporation, Ltd."
"000551.SZ","000551","创元科技","江苏","专用机械","cykj","主板","19940106","苏州市人民政府","地方国企","SZSE","L","创元科技股份有限公司","Create Technology & Science Co., Ltd."
"000552.SZ","000552","甘肃能化","甘肃","煤炭开采","gsnh","主板","19940106","","","SZSE","L","甘肃能化股份有限公司","Gansu Energy Chemical Co.,Ltd"
"000553.SZ","000553","安道麦A","湖北","农药化肥","adma","主板","19931203","","","SZSE","L","安道麦股份有限公司","Adama Ltd."
"000554.SZ","000554","泰山石油","山东","石油贸易","tssy","主板","19931215","","","SZSE","L","中国石化山东泰山石油股份有限公司","Sinopec Shandong Taishan Pectroleum Co.,Ltd."
"000555.SZ","000555","神州信息","深圳","软件服务","szxx","主板","19940408","无实际控制人","无","SZSE","L","神州数码信息服务集团股份有限公司","Digital China Information Service Group Company Ltd."
"000557.SZ","000557","西部创业","宁夏","铁路","xbcy","主板","19940617","中华人民共和国财政部","中央国企","SZSE","L","宁夏西部创业实业股份有限公司","Ningxia Western Venture Industrial Co.,Ltd."
"000558.SZ","000558","天府文旅","四川","旅游景点","tfwl","主板","19940509","成都市国有资产监督管理委员会","地方国企","SZSE","L","成都新天府文化旅游发展股份有限公司","Chengdu New Tianfu Culture Tourism Development Co.,Ltd."
"000559.SZ","000559","万向钱潮","浙江","汽车配件","wxqc","主板","19940110","","","SZSE","L","万向钱潮股份公司","Wanxiang Qianchao Co.,Ltd."
"000560.SZ","000560","我爱我家","云南","房产服务","wawj","主板","19940202","","","SZSE","L","我爱我家控股集团股份有限公司","5I5j Holding Group Co., Ltd."
"000561.SZ","000561","烽火电子","陕西","通信设备","fhdz","主板","19940509","宝鸡市人民政府国有资产监督管理委员会","地方国企","SZSE","L","陕西烽火电子股份有限公司","Shaanxi Fenghuo Electronics Co., Ltd."
"000563.SZ","000563","陕国投A","陕西","多元金融","sgta","主板","19940110","","","SZSE","L","陕西省国际信托股份有限公司","Shaanxi International Trust Co.,Ltd."
"000564.SZ","000564","供销大集","陕西","百货","gxdj","主板","19940110","无实际控制人","无","SZSE","L","供销大集集团股份有限公司","Ccoop Group Co.,Ltd"
"000565.SZ","000565","渝三峡A","重庆","染料涂料","ysxa","主板","19940408","重庆市国有资产监督管理委员会","地方国企","SZSE","L","重庆三峡油漆股份有限公司","Chongqing Sanxia Paints Co.,Ltd"
"000566.SZ","000566","海南海药","海南","化学制药","hnhy","主板","19940525","国务院国有资产监督管理委员会","中央国企","SZSE","L","海南海药股份有限公司","Hainanhaiyao Co., Ltd."
"000567.SZ","000567","海德股份","海南","多元金融","hdgf","主板","19940525","","","SZSE","L","海南海德资本管理股份有限公司","Hainan Haide Capital Management Co.,Ltd."
"000568.SZ","000568","泸州老窖","四川","白酒","lzlj","主板","19940509","泸州市国有资产监督管理委员会","地方国企","SZSE","L","泸州老窖股份有限公司","Luzhou Laojiao Co.,Ltd"
"000570.SZ","000570","苏常柴A","江苏","农用机械","scca","主板","19940701","常州市人民政府国有资产监督管理委员会","地方国企","SZSE","L","常柴股份有限公司","Changchai Co.,Ltd."
"000571.SZ","000571","新大洲A","海南","煤炭开采","xdza","主板","19940525","王文锋","民营企业","SZSE","L","新大洲控股股份有限公司","Sundiro Holding Co.,Ltd."
"000572.SZ","000572","海马汽车","海南","汽车整车","hmqc","主板","19940808","","","SZSE","L","海马汽车股份有限公司","Haima Automobile Co.,Ltd"
"000573.SZ","000573","粤宏远A","广东","区域地产","yhya","主板","19940815","","","SZSE","L","东莞宏远工业区股份有限公司","DongGuan Winnerway Industry Zone Ltd."
"000576.SZ","000576","甘化科工","广东","电气设备","ghkg","主板","19940907","","","SZSE","L","广东甘化科工股份有限公司","Guangdong Ganhua Science & Industry Co., Ltd."
"000581.SZ","000581","威孚高科","江苏","汽车配件","wfgk","主板","19980924","无锡市人民政府国有资产监督管理委员会","地方国企","SZSE","L","无锡威孚高科技集团股份有限公司","Weifu High-Technology Group Co.,Ltd."
"000582.SZ","000582","北部湾港","广西","港口","bbwg","主板","19951102","","","SZSE","L","北部湾港股份有限公司","Beibu Gulf Port Co., Ltd."
"000586.SZ","000586","汇源通信","四川","通信设备","hytx","主板","19951220","广州蕙富骐骥投资合伙企业(有限合伙)","无","SZSE","L","四川汇源光通信股份有限公司","Sichuan Huiyuan Optical Communications Co.,Ltd."
"000589.SZ","000589","贵州轮胎","贵州","汽车配件","gzlt","主板","19960308","贵阳市人民政府国有资产监督管理委员会","地方国企","SZSE","L","贵州轮胎股份有限公司","Guizhou Tyre Co., Ltd."
"000590.SZ","000590","启迪药业","湖南","中成药","qdyy","主板","19960119","无实际控制人","无","SZSE","L","启迪药业集团股份公司","Tus-Pharmaceutical Group Co., Ltd."
"000591.SZ","000591","太阳能","重庆","新型电力","tyn","主板","19960208","重庆市涪陵区国有资产监督管理委员会","地方国企","SZSE","L","中节能太阳能股份有限公司","Cecep Solar Energy Co.,Ltd."
"000592.SZ","000592","平潭发展","福建","林业","ptfz","主板","19960327","王志明","民营企业","SZSE","L","中福海峡(平潭)发展股份有限公司","Zhongfu Straits (Pingtan) Development Company Limited"
"000593.SZ","000593","德龙汇能","四川","供气供热","dlhn","主板","19960312","","","SZSE","L","德龙汇能集团股份有限公司","Delong Composite Energy Group Co., Ltd"
"000595.SZ","000595","*ST宝实","宁夏","新型电力","stbs","主板","19960419","宁夏回族自治区人民政府","地方国企","SZSE","L","宁夏国运新能源股份有限公司","Ningxia Guoyun New Energy Co., Ltd."
"000596.SZ","000596","古井贡酒","安徽","白酒","gjgj","主板","19960927","毫州市人民政府","地方国企","SZSE","L","安徽古井贡酒股份有限公司","Anhui Gujing Distillery Company Limited"
"000597.SZ","000597","东北制药","辽宁","化学制药","dbzy","主板","19960523","","","SZSE","L","东北制药集团股份有限公司","Northeast Pharmaceutical Group Co., Ltd."
"000598.SZ","000598","兴蓉环境","四川","水务","xrhj","主板","19960529","成都市国有资产监督管理委员会","地方国企","SZSE","L","成都市兴蓉环境股份有限公司","Chengdu Xingrong Environment Co., Ltd."
"000599.SZ","000599","青岛双星","山东","汽车配件","qdsx","主板","19960430","青岛市人民政府国有资产监督管理委员会","地方国企","SZSE","L","青岛双星股份有限公司","Qingdao Doublestar Co., Ltd."
"000600.SZ","000600","建投能源","河北","火力发电","jtny","主板","19960606","","","SZSE","L","河北建投能源投资股份有限公司","Jointo Energy Investment Co., Ltd. Hebei."
"000601.SZ","000601","韶能股份","广东","水力发电","sngf","主板","19960830","","","SZSE","L","广东韶能集团股份有限公司","Guangdong Shaoneng Group Co.,Ltd"
"000603.SZ","000603","盛达资源","北京","铅锌","sdzy","主板","19960823","","","SZSE","L","盛达金属资源股份有限公司","Shengda Resources Co.,Ltd."
"000605.SZ","000605","渤海股份","北京","水务","bhgf","主板","19960913","天津市人民政府国有资产监督管理委员会","地方国企","SZSE","L","渤海水业股份有限公司","Bohai Water Industry Co., Ltd."
"000607.SZ","000607","华媒控股","浙江","广告包装","hmkg","主板","19960830","杭州日报报业集团(杭州日报社)","地方国企","SZSE","L","浙江华媒控股股份有限公司","Zhejiang Huamei Holding Co., Ltd."
"000608.SZ","000608","*ST阳光","广西","区域地产","styg","主板","19960919","陈华","民营企业","SZSE","L","阳光新业地产股份有限公司","Yang Guang Co., Ltd."
"000609.SZ","000609","ST中迪","北京","区域地产","stzd","主板","19961010","吴珺","民营企业","SZSE","L","北京中迪投资股份有限公司","Beijing Zodi Investment Co., Ltd."
"000610.SZ","000610","西安旅游","陕西","旅游服务","xaly","主板","19960926","西安市人民政府","地方国企","SZSE","L","西安旅游股份有限公司","Xi'an Tourism Co.,Ltd."
"000612.SZ","000612","焦作万方","河南","铝","jzwf","主板","19960926","","","SZSE","L","焦作万方铝业股份有限公司","Jiaozuo Wanfang Aluminum Manufacturing Co., Ltd"
"000615.SZ","000615","*ST美谷","湖北","医疗保健","stmg","主板","19961016","郭梓文","民营企业","SZSE","L","奥园美谷科技股份有限公司","Aoyuan Beauty Valley Technology Co.,Ltd."
"000617.SZ","000617","中油资本","新疆","多元金融","zyzb","主板","19961022","","","SZSE","L","中国石油集团资本股份有限公司","Cnpc Capital Company Limited"
"000619.SZ","000619","海螺新材","安徽","其他建材","hlxc","主板","19961023","","","SZSE","L","海螺(安徽)节能环保新材料股份有限公司","Conch (Anhui) Energy Saving and Environment Protection New Material Co., Ltd."
"000620.SZ","000620","盈新发展","北京","全国地产","yxfz","主板","19961029","","","SZSE","L","北京铜官盈新文化旅游发展股份有限公司","Winnovation Culturaltainment Development Limited"
"000623.SZ","000623","吉林敖东","吉林","中成药","jlad","主板","19961028","","","SZSE","L","吉林敖东药业集团股份有限公司","Jilin Aodong Pharmaceutical Group Co., Ltd."
"000625.SZ","000625","长安汽车","重庆","汽车整车","caqc","主板","19970610","","","SZSE","L","重庆长安汽车股份有限公司","Chongqing Changan Automobile Company Limited"
"000626.SZ","000626","远大控股","江苏","商贸代理","ydkg","主板","19961128","","","SZSE","L","远大产业控股股份有限公司","Grand Industrial Holding Co., Ltd"
"000628.SZ","000628","高新发展","四川","建筑工程","gxfz","主板","19961118","","","SZSE","L","成都高新发展股份有限公司","Chengdu Hi-Tech Development Co., Ltd."
"000629.SZ","000629","钒钛股份","四川","小金属","ftgf","主板","19961115","","","SZSE","L","攀钢集团钒钛资源股份有限公司","Pangang Group Vanadium & Titanium Resources Co., Ltd."
"000630.SZ","000630","铜陵有色","安徽","铜","tlys","主板","19961120","","","SZSE","L","铜陵有色金属集团股份有限公司","Tongling Nonferrous Metals Group Co.,Ltd."
"000631.SZ","000631","顺发恒能","浙江","综合类","sfhn","主板","19961122","","","SZSE","L","顺发恒能股份公司","Shunfa Hengneng Corporation"
"000632.SZ","000632","三木集团","福建","综合类","smjt","主板","19961121","福州经济技术开发区财政局","地方国企","SZSE","L","福建三木集团股份有限公司","Fujian Sanmu Group Co., Ltd."
"000633.SZ","000633","合金投资","新疆","小金属","hjtz","主板","19961112","孙广信","民营企业","SZSE","L","新疆合金投资股份有限公司","Xinjiang Hejin Holding Co.,Ltd"
"000635.SZ","000635","英力特","宁夏","化工原料","ylt","主板","19961120","","","SZSE","L","宁夏英力特化工股份有限公司","Ningxia Younglight Chemicals Co.,Ltd"
"000636.SZ","000636","风华高科","广东","元器件","fhgk","主板","19961129","","","SZSE","L","广东风华高新科技股份有限公司","Guangdong Fenghua Advanced Technology (Holding) Co.,Ltd."
"000637.SZ","000637","茂化实华","广东","石油加工","mhsh","主板","19961114","","","SZSE","L","茂名石化实华股份有限公司","Maoming Petro-Chemical Shihua Co.,Ltd"
"000638.SZ","000638","*ST万方","吉林","农业综合","stwf","主板","19961126","白山市江源区财政局","地方国企","SZSE","L","万方城镇投资发展股份有限公司","Vanfund Urban Investment&Development Co.,Ltd."
"000639.SZ","000639","西王食品","山东","食品","xwsp","主板","19961126","王勇","民营企业","SZSE","L","西王食品股份有限公司","Xiwang Foodstuffs Co.,Ltd."
"000650.SZ","000650","仁和药业","江西","中成药","rhyy","主板","19961210","","","SZSE","L","仁和药业股份有限公司","Renhe Pharmacy Co.,Ltd"
"000651.SZ","000651","格力电器","广东","家用电器","gldq","主板","19961118","珠海市人民政府国有资产监督管理委员会","地方国企","SZSE","L","珠海格力电器股份有限公司","Gree Electric Appliances,Inc.of Zhuhai"
"000652.SZ","000652","泰达股份","天津","批发业","tdgf","主板","19961128","","","SZSE","L","天津泰达资源循环集团股份有限公司","Tianjin TEDA Resources Recycling Group Co.,Ltd."
"000655.SZ","000655","金岭矿业","山东","普钢","jlky","主板","19961128","","","SZSE","L","山东金岭矿业股份有限公司","Shandong Jinling Mining Co., Ltd."
"000656.SZ","000656","*ST金科","重庆","全国地产","stjk","主板","19961128","","","SZSE","L","金科地产集团股份有限公司","Jinke Property Group Co.,Ltd."
"000657.SZ","000657","中钨高新","海南","小金属","zwgx","主板","19961205","","","SZSE","L","中钨高新材料股份有限公司","China Tungsten and Hightech Materials Co.,Ltd."
"000659.SZ","000659","珠海中富","广东","广告包装","zhzf","主板","19961203","陕西新丝路进取一号投资合伙企业(有限合伙)","民营企业","SZSE","L","珠海中富实业股份有限公司","Zhuhai Zhongfu Enterprise Co.,Ltd"
"000661.SZ","000661","长春高新","吉林","生物制药","ccgx","主板","19961218","长春市人民政府","地方国企","SZSE","L","长春高新技术产业(集团)股份有限公司","Changchun High-Tech Industry (Group) Co., Ltd."
"000663.SZ","000663","永安林业","福建","林业","yaly","主板","19961206","国务院国有资产监督管理委员会","中央国企","SZSE","L","福建省永安林业(集团)股份有限公司","Fujian Yongan Forestry(Group) Joint-Stock Co.,Ltd."
"000665.SZ","000665","湖北广电","湖北","影视音像","hbgd","主板","19961210","","","SZSE","L","湖北省广播电视信息网络股份有限公司","Hubei Radio & Television Information Network Co., Ltd."
"000668.SZ","000668","*ST荣控","山东","房产服务","strk","主板","19961210","王征","外资企业","SZSE","L","荣丰控股集团股份有限公司","Rongfengholding Group Co.,Ltd."
"000669.SZ","000669","ST金鸿","湖南","供气供热","stjh","主板","19961210","","","SZSE","L","金鸿控股集团股份有限公司","Jinhong Holdings Group Co., Ltd."
"000670.SZ","000670","盈方微","湖北","元器件","yfw","主板","19961217","陈炎表","民营企业","SZSE","L","盈方微电子股份有限公司","Infotmic Co.,Ltd"
"000672.SZ","000672","上峰水泥","甘肃","水泥","sfsn","主板","19961218","","","SZSE","L","甘肃上峰水泥股份有限公司","Gansu Shangfeng Cement Co.,Ltd"
"000676.SZ","000676","智度股份","广东","互联网","zdgf","主板","19961224","李向清","民营企业","SZSE","L","智度科技股份有限公司","Genimous Technology Co.,Ltd."
"000677.SZ","000677","恒天海龙","山东","化纤","hthl","主板","19961226","潍坊市人民政府","地方国企","SZSE","L","恒天海龙股份有限公司","Chtc Helon Co., Ltd."
"000678.SZ","000678","襄阳轴承","湖北","汽车配件","xyzc","主板","19970106","","","SZSE","L","襄阳汽车轴承股份有限公司","Xiangyang Automobile Bearing Company., Ltd"
"000679.SZ","000679","大连友谊","辽宁","百货","dlyy","主板","19970124","大连一方地产有限公司","民营企业","SZSE","L","大连友谊(集团)股份有限公司","Dalian Friendship (Group) Co., Ltd."
"000680.SZ","000680","山推股份","山东","工程机械","stgf","主板","19970122","","","SZSE","L","山推工程机械股份有限公司","Shantui Construction Machinery Co.,Ltd"
"000681.SZ","000681","视觉中国","江苏","互联网","sjzg","主板","19970121","吴春红","民营企业","SZSE","L","视觉(中国)文化发展股份有限公司","Visual China Group Co., Ltd."
"000682.SZ","000682","东方电子","山东","电气设备","dfdz","主板","19970121","山东省烟台市人民政府国有资产监督管理委员会","地方国企","SZSE","L","东方电子股份有限公司","Dongfang Electronics Co.,Ltd"
"000683.SZ","000683","博源化工","内蒙","化工原料","byhg","主板","19970131","","","SZSE","L","内蒙古博源化工股份有限公司","Inner Mongolia Berun Chemical Company Limited"
"000685.SZ","000685","中山公用","广东","水务","zsgy","主板","19970123","中山市人民政府国有资产监督管理委员会","地方国企","SZSE","L","中山公用事业集团股份有限公司","Zhongshan Public Utilities Group Co.,Ltd."
"000686.SZ","000686","东北证券","吉林","证券","dbzq","主板","19970227","长春市人民政府国有资产监督管理委员会","地方国企","SZSE","L","东北证券股份有限公司","Northeast Securities Co.,Ltd."
"000688.SZ","000688","国城矿业","四川","铅锌","gcky","主板","19970120","","","SZSE","L","国城矿业股份有限公司","GuoCheng Mining CO.,LTD"
"000690.SZ","000690","宝新能源","广东","火力发电","bxny","主板","19970128","","","SZSE","L","广东宝丽华新能源股份有限公司","Guangdong Baolihua New Energy Stock Co., Ltd."
"000691.SZ","000691","*ST亚太","甘肃","化工原料","styt","主板","19970228","陈志健","民营企业","SZSE","L","甘肃亚太实业发展股份有限公司","Gansu Yatai Industrial Development Co., Ltd."
"000692.SZ","000692","惠天热电","辽宁","供气供热","htrd","主板","19970227","无实际控制人","无","SZSE","L","沈阳惠天热电股份有限公司","Shenyang Huitian Thermal Power Co.,Ltd"
"000695.SZ","000695","滨海能源","天津","化工原料","bhny","主板","19970218","天津市文化体制改革和发展工作领导小组办公室","地方国企","SZSE","L","天津滨海能源发展股份有限公司","Tianjin Binhai Energy & Development Co.,Ltd"
"000697.SZ","000697","*ST炼石","陕西","航空","stls","主板","19970325","咸阳市国有资产监督管理委员会","地方国企","SZSE","L","炼石航空科技股份有限公司","Ligeance Aerospace Technology Co.,Ltd."
"000698.SZ","000698","ST沈化","辽宁","石油加工","stsh","主板","19970220","","","SZSE","L","沈阳化工股份有限公司","Shenyang Chemical Co.,Ltd"
"000700.SZ","000700","模塑科技","江苏","汽车配件","mskj","主板","19970228","","","SZSE","L","江南模塑科技股份有限公司","Jiangnan Mould & Plastic Technology Co.,Ltd."
"000701.SZ","000701","厦门信达","福建","商贸代理","xmxd","主板","19970226","厦门市人民政府国有资产监督管理委员会","地方国企","SZSE","L","厦门信达股份有限公司","Xiamen Xindeco Ltd"
"000702.SZ","000702","正虹科技","湖南","饲料","zhkj","主板","19970318","岳阳城陵矶综合保税区管理委员会","地方国企","SZSE","L","湖南正虹科技发展股份有限公司","Hunan Zhenghong Science and Technology Develop Co.,Ltd."
"000703.SZ","000703","恒逸石化","广西","化纤","hysh","主板","19970328","","","SZSE","L","恒逸石化股份有限公司","Hengyi Petrochemical Co., Ltd."
"000705.SZ","000705","浙江震元","浙江","医药商业","zjzy","主板","19970410","绍兴市人民政府国有资产监督管理委员会","地方国企","SZSE","L","浙江震元股份有限公司","Zhejiang Zhenyuan Share Co.,Ltd."
"000707.SZ","000707","双环科技","湖北","化工原料","shkj","主板","19970415","宜昌市人民政府国有资产监督管理委员会","地方国企","SZSE","L","湖北双环科技股份有限公司","Hubei Shuanghuan Science and Technology Stock Co.,Ltd"
"000708.SZ","000708","中信特钢","湖北","特种钢","zxtg","主板","19970326","中信泰富有限公司","民营企业","SZSE","L","中信泰富特钢集团股份有限公司","Citic Pacific Special Steel Group Co., Ltd"
"000709.SZ","000709","河钢股份","河北","普钢","hggf","主板","19970416","","","SZSE","L","河钢股份有限公司","Hbis Company Limited"
"000710.SZ","000710","贝瑞基因","四川","医疗保健","brjy","主板","19970422","","","SZSE","L","成都市贝瑞和康基因技术股份有限公司","Berry Genomics Co.,Ltd"
"000711.SZ","000711","ST京蓝","黑龙江","环境保护","stjl","主板","19970411","","","SZSE","L","京蓝科技股份有限公司","Kingland Technology Co.,Ltd."
"000712.SZ","000712","锦龙股份","广东","证券","jlgf","主板","19970415","","","SZSE","L","广东锦龙发展股份有限公司","Guangdong Golden Dragon Development Inc."
"000713.SZ","000713","国投丰乐","安徽","种植业","gtfl","主板","19970422","合肥市人民政府国有资产监督管理委员会","地方国企","SZSE","L","国投丰乐种业股份有限公司","Sdic Fengle Seed Co.,Ltd"
"000715.SZ","000715","中兴商业","辽宁","百货","zxsy","主板","19970508","","","SZSE","L","中兴-沈阳商业大厦(集团)股份有限公司","Zhongxing Shenyang Commercial Building Group Co., Ltd"
"000716.SZ","000716","黑芝麻","广西","食品","hzm","主板","19970418","李汉荣","民营企业","SZSE","L","南方黑芝麻集团股份有限公司","Nanfang Black Sesame Group Co.,Ltd."
"000717.SZ","000717","中南股份","广东","普钢","zngf","主板","19970508","","","SZSE","L","广东中南钢铁股份有限公司","Guangdong Zhongnan Iron & Steel Co., Ltd."
"000718.SZ","000718","苏宁环球","吉林","区域地产","snhq","主板","19970408","","","SZSE","L","苏宁环球股份有限公司","Suning Universal Co.,Ltd"
"000719.SZ","000719","中原传媒","河南","出版业","zycm","主板","19970331","","","SZSE","L","中原大地传媒股份有限公司","Central China Land Media Co.,Ltd"
"000720.SZ","000720","新能泰山","山东","电气设备","xnts","主板","19970509","","","SZSE","L","山东新能泰山发电股份有限公司","Shandong Xinneng Taishan Power Generation Co.,Ltd."
"000721.SZ","000721","西安饮食","陕西","酒店餐饮","xays","主板","19970430","","","SZSE","L","西安饮食股份有限公司","Xi'an Catering Co.,Ltd."
"000722.SZ","000722","湖南发展","湖南","水力发电","hnfz","主板","19970522","","","SZSE","L","湖南能源集团发展股份有限公司","Hunan Energy Group Development Co.,Ltd."
"000723.SZ","000723","美锦能源","山西","焦炭加工","mjny","主板","19970515","","","SZSE","L","山西美锦能源股份有限公司","Shanxi Meijin Energy Co.,Ltd"
"000725.SZ","000725","京东方A","北京","元器件","jdfa","主板","20010112","","","SZSE","L","京东方科技集团股份有限公司","BOE Technology Group Co., Ltd."
"000726.SZ","000726","鲁泰A","山东","纺织","lta","主板","20001225","刘子斌","民营企业","SZSE","L","鲁泰纺织股份有限公司","Lu Thai Textile Co., Ltd"
"000727.SZ","000727","冠捷科技","江苏","元器件","gjkj","主板","19970520","","","SZSE","L","冠捷电子科技股份有限公司","TPV Technology Co., Ltd."
"000728.SZ","000728","国元证券","安徽","证券","gyzq","主板","19970616","","","SZSE","L","国元证券股份有限公司","Guoyuan Securities Company Limited"
"000729.SZ","000729","燕京啤酒","北京","啤酒","yjpj","主板","19970716","","","SZSE","L","北京燕京啤酒股份有限公司","Beijing Yanjing Brewery Co.,Ltd."
"000731.SZ","000731","四川美丰","四川","农药化肥","scmf","主板","19970617","","","SZSE","L","四川美丰化工股份有限公司","Sichuan Meifeng Chemical Industry Co., Ltd."
"000733.SZ","000733","振华科技","贵州","元器件","zhkj","主板","19970703","","","SZSE","L","中国振华(集团)科技股份有限公司","China Zhenhua(Group) Science & Technology Co.,Ltd"
"000735.SZ","000735","罗牛山","海南","农业综合","lns","主板","19970611","徐自力","民营企业","SZSE","L","罗牛山股份有限公司","Luoniushan Co., Ltd"
"000736.SZ","000736","*ST中地","重庆","全国地产","stzd","主板","19970425","重庆市国有资产监督管理委员会","地方国企","SZSE","L","中交地产股份有限公司","CCCG Real Estate Company Limited"
"000737.SZ","000737","北方铜业","山西","铜","bfty","主板","19970428","","","SZSE","L","北方铜业股份有限公司","North Copper Co.,Ltd."
"000738.SZ","000738","航发控制","江苏","航空","hfkz","主板","19970626","中国航空发动机集团有限公司","中央国企","SZSE","L","中国航发动力控制股份有限公司","Aecc Aero-Engine Control Co.,Ltd."
"000739.SZ","000739","普洛药业","浙江","化学制药","plyy","主板","19970509","东阳市横店社团经济企业联合会","集体企业","SZSE","L","普洛药业股份有限公司","Apeloa Pharmaceutical Co.,Ltd"
"000750.SZ","000750","国海证券","广西","证券","ghzq","主板","19970709","广西壮族自治区人民政府国有资产监督管理委员会","地方国企","SZSE","L","国海证券股份有限公司","Sealand Securities Co., Ltd."
"000751.SZ","000751","锌业股份","辽宁","铅锌","xygf","主板","19970626","于跃","民营企业","SZSE","L","葫芦岛锌业股份有限公司","Huludao Zinc Industry Co.,Ltd."
"000752.SZ","000752","ST西发","西藏","啤酒","stxf","主板","19970625","罗希","民营企业","SZSE","L","西藏发展股份有限公司","Tibet Development Co.,Ltd"
"000753.SZ","000753","漳州发展","福建","综合类","zzfz","主板","19970626","","","SZSE","L","福建漳州发展股份有限公司","Fujian Zhangzhou Development Co.,Ltd."
"000755.SZ","000755","山西高速","山西","路桥","sxgs","主板","19970627","","","SZSE","L","山西高速集团股份有限公司","Shanxi Hi-Speed Group Co., Ltd."
"000756.SZ","000756","新华制药","山东","化学制药","xhzy","主板","19970806","","","SZSE","L","山东新华制药股份有限公司","Shandong Xinhua Pharmaceutical Company Limited"
"000757.SZ","000757","浩物股份","四川","汽车服务","hwgf","主板","19970627","张荣华","民营企业","SZSE","L","四川浩物机电股份有限公司","Sichuan Haowu Electromechanical Co.,Ltd."
"000758.SZ","000758","中色股份","北京","铅锌","zsgf","主板","19970416","","","SZSE","L","中国有色金属建设股份有限公司","China Nonferrous Metal Industry's Foreign Engineering and Construction Co.,Ltd."
"000759.SZ","000759","中百集团","湖北","超市连锁","zbjt","主板","19970519","武汉市人民政府国有资产监督管理委员会","地方国企","SZSE","L","中百控股集团股份有限公司","Zhongbai Holdings Group Co.,Ltd."
"000761.SZ","000761","本钢板材","辽宁","普钢","bgbc","主板","19980115","辽宁省人民政府国有资产监督管理委员会","地方国企","SZSE","L","本钢板材股份有限公司","Bengang Steel Plates Co.,Ltd"
"000762.SZ","000762","西藏矿业","西藏","小金属","xzky","主板","19970708","国务院国有资产监督管理委员会","中央国企","SZSE","L","西藏矿业发展股份有限公司","Xizang Mineral Development Co.Ltd"
"000766.SZ","000766","通化金马","吉林","化学制药","thjm","主板","19970430","通化市二道江区人民政府","地方国企","SZSE","L","通化金马药业集团股份有限公司","Tonghua Golden-Horse Pharmaceutical Industry Co,Ltd"
"000767.SZ","000767","晋控电力","山西","火力发电","jkdl","主板","19970609","","","SZSE","L","晋能控股山西电力股份有限公司","Jinneng Holding Shanxi Electric Power Co., Ltd."
"000768.SZ","000768","中航西飞","陕西","航空","zhxf","主板","19970626","中国航空工业集团有限公司","中央国企","SZSE","L","中航西安飞机工业集团股份有限公司","Avic Xi'an Aircraft Industry Group Company Ltd."
"000776.SZ","000776","广发证券","广东","证券","gfzq","主板","19970611","","","SZSE","L","广发证券股份有限公司","Gf Securities Co.,Ltd"
"000777.SZ","000777","中核科技","江苏","机械基件","zhkj","主板","19970710","","","SZSE","L","中核苏阀科技实业股份有限公司","SUFA Technology Industry Co., Ltd., Cnnc"
"000778.SZ","000778","新兴铸管","河北","钢加工","xxzg","主板","19970606","","","SZSE","L","新兴铸管股份有限公司","Xinxing Ductile Iron Pipes Co., Ltd."
"000779.SZ","000779","甘咨询","甘肃","建筑工程","gzx","主板","19970528","","","SZSE","L","甘肃工程咨询集团股份有限公司","Gansu Engineering Consulting Group Co., Ltd."
"000782.SZ","000782","恒申新材","广东","化纤","hsxc","主板","19970619","","","SZSE","L","广东恒申美达新材料股份公司","Guangdong Highsun Meida New Materials Co., Ltd."
"000783.SZ","000783","长江证券","湖北","证券","cjzq","主板","19970731","","","SZSE","L","长江证券股份有限公司","Changjiang Securities Company Limited"
"000785.SZ","000785","居然智家","湖北","百货","jrzj","主板","19970711","武汉市人民政府国有资产监督管理委员会","地方国企","SZSE","L","居然智家新零售集团股份有限公司","Easyhome New Retail Group Corporation Limited"
"000786.SZ","000786","北新建材","北京","其他建材","bxjc","主板","19970606","","","SZSE","L","北新集团建材股份有限公司","Beijing New Building Materials Public Limited Company"
"000788.SZ","000788","北大医药","重庆","化学制药","bdyy","主板","19970616","无实际控制人","无","SZSE","L","北大医药股份有限公司","PKU HealthCare Corp.,Ltd."
"000789.SZ","000789","万年青","江西","水泥","wnq","主板","19970923","江西省国有资产监督管理委员会","地方国企","SZSE","L","江西万年青水泥股份有限公司","Jiangxi Wannianqing Cement Co.,Ltd."
"000790.SZ","000790","华神科技","四川","中成药","hskj","主板","19980327","黄明良","民营企业","SZSE","L","成都华神科技集团股份有限公司","Chengdu Huasun Technology Group Inc., LTD."
"000791.SZ","000791","甘肃能源","甘肃","水力发电","gsny","主板","19971014","","","SZSE","L","甘肃电投能源发展股份有限公司","Gepic Energy Development Co., Ltd."
"000792.SZ","000792","盐湖股份","青海","农药化肥","yhgf","主板","19970904","","","SZSE","L","青海盐湖工业股份有限公司","Qinghai Yanhu Industry Co.,Ltd."
"000793.SZ","000793","ST华闻","海南","出版业","sthw","主板","19970729","中华人民共和国财政部","中央国企","SZSE","L","华闻传媒投资集团股份有限公司","Huawen Media Group"
"000795.SZ","000795","英洛华","浙江","矿物制品","ylh","主板","19970808","东阳市横店社团经济企业联合会","集体企业","SZSE","L","英洛华科技股份有限公司","Innuovo Technology Co.,Ltd."
"000796.SZ","000796","凯撒旅业","海南","旅游服务","ksly","主板","19970703","陈小兵","民营企业","SZSE","L","凯撒同盛发展股份有限公司","Caissa Tosun Development Co.,Ltd."
"000797.SZ","000797","中国武夷","福建","全国地产","zgwy","主板","19970715","","","SZSE","L","中国武夷实业股份有限公司","China Wuyi Co.,Ltd."
"000798.SZ","000798","中水渔业","北京","渔业","zsyy","主板","19980212","","","SZSE","L","中水集团远洋股份有限公司","Cnfc Overseas Fisheries Co.,Ltd"
"000799.SZ","000799","酒鬼酒","湖南","白酒","jgj","主板","19970718","","","SZSE","L","酒鬼酒股份有限公司","Jiugui Liquor Co., Ltd."
"000800.SZ","000800","一汽解放","吉林","汽车整车","yqjf","主板","19970618","","","SZSE","L","一汽解放集团股份有限公司","Faw Jiefang Group Co., Ltd."
"000801.SZ","000801","四川九洲","四川","家用电器","scjz","主板","19980506","绵阳市国有资产监督管理委员会","地方国企","SZSE","L","四川九洲电器股份有限公司","Sichuan Jiuzhou Electric Co., Ltd."
"000802.SZ","000802","北京文化","北京","影视音像","bjwh","主板","19980108","","","SZSE","L","北京京西文化旅游股份有限公司","Beijing Jingxi Culture & Tourism Co.,Ltd"
"000803.SZ","000803","山高环能","四川","环境保护","sghn","主板","19980303","南充市国有资产投资经营有限责任公司","地方国企","SZSE","L","山高环能集团股份有限公司","Shandong High Speed Renewable Energy Group Limited"
"000807.SZ","000807","云铝股份","云南","铝","ylgf","主板","19980408","","","SZSE","L","云南铝业股份有限公司","Yunnan Aluminium Co,Ltd."
"000809.SZ","000809","和展能源","辽宁","区域地产","hzny","主板","19980616","","","SZSE","L","辽宁和展能源集团股份有限公司","Liaoning HeZhan Energy Group Co.,Ltd."
"000810.SZ","000810","创维数字","四川","家用电器","cwsz","主板","19980602","黄宏生","民营企业","SZSE","L","创维数字股份有限公司","Skyworth Digital Co.,Ltd."
"000811.SZ","000811","冰轮环境","山东","工程机械","blhj","主板","19980528","","","SZSE","L","冰轮环境技术股份有限公司","Moon Environment Technology Co.,Ltd."
"000812.SZ","000812","陕西金叶","陕西","广告包装","sxjy","主板","19980623","","","SZSE","L","陕西金叶科教集团股份有限公司","Shaanxi Jinye Science Technology and Education Group.,Ltd."
"000813.SZ","000813","德展健康","新疆","化学制药","dzjk","主板","19980519","新疆维吾尔自治区人民政府国有资产监督管理委员会","地方国企","SZSE","L","德展大健康股份有限公司","Dezhan Healthcare Company Limited."
"000815.SZ","000815","美利云","宁夏","通信设备","mly","主板","19980609","","","SZSE","L","中冶美利云产业投资股份有限公司","Mcc Meili Cloud Computing Industry Investment Co., Ltd"
"000816.SZ","000816","智慧农业","江苏","农用机械","zhny","主板","19970818","","","SZSE","L","江苏农华智慧农业科技股份有限公司","Jiangsu Nonghua Intelligent Agriculture Technology Co.,Ltd"
"000818.SZ","000818","航锦科技","辽宁","化工原料","hjkj","主板","19971017","葫芦岛市人民政府国有资产监督管理委员会","地方国企","SZSE","L","航锦科技股份有限公司","Hangjin Technology Co.,Ltd."
"000819.SZ","000819","岳阳兴长","湖南","石油加工","yyxc","主板","19970625","","","SZSE","L","岳阳兴长石化股份有限公司","Yueyang Xingchang Petro-Chemical Co., Ltd."
"000820.SZ","000820","*ST节能","江西","综合类","stjn","主板","19980630","","","SZSE","L","神雾节能股份有限公司","Shenwu Energy Saving Co., Ltd"
"000821.SZ","000821","京山轻机","湖北","电气设备","jsqj","主板","19980626","","","SZSE","L","湖北京山轻工机械股份有限公司","J.S. Corrugating Machinery Co., Ltd."
"000822.SZ","000822","山东海化","山东","化工原料","sdhh","主板","19980703","山东省潍坊市人民政府国有资产监督管理委员会","地方国企","SZSE","L","山东海化股份有限公司","Shandong Haihua Co.,Ltd"
"000823.SZ","000823","超声电子","广东","元器件","csdz","主板","19971008","","","SZSE","L","广东汕头超声电子股份有限公司","Guangdong Goworld Co., Ltd."
"000825.SZ","000825","太钢不锈","山西","特种钢","tgbx","主板","19981021","国务院国有资产监督管理委员会","中央国企","SZSE","L","山西太钢不锈钢股份有限公司","Shanxi Taigang Stainless Steel Co., Ltd."
"000826.SZ","000826","启迪环境","湖北","环境保护","qdhj","主板","19980225","无实际控制人","无","SZSE","L","启迪环境科技发展股份有限公司","Tus Environmental Science and Technology Development Co., Ltd."
"000828.SZ","000828","东莞控股","广东","路桥","dgkg","主板","19970617","","","SZSE","L","东莞发展控股股份有限公司","Dongguan Development (Holdings) Co.,Ltd."
"000829.SZ","000829","天音控股","江西","其他商业","tykg","主板","19971202","深圳市人民政府国有资产监督管理委员会","地方国企","SZSE","L","天音通信控股股份有限公司","Telling Telecommunication Holding Co.,Ltd"
"000830.SZ","000830","鲁西化工","山东","化工原料","lxhg","主板","19980807","国务院国有资产监督管理委员会","中央国企","SZSE","L","鲁西化工集团股份有限公司","Luxi Chemical Group Co.,Ltd."
"000831.SZ","000831","中国稀土","江西","小金属","zgxt","主板","19980911","国务院国有资产监督管理委员会","中央国企","SZSE","L","中国稀土集团资源科技股份有限公司","China Rare Earth Resources and Technology Co., Ltd."
"000833.SZ","000833","粤桂股份","广西","综合类","yggf","主板","19981111","","","SZSE","L","广西粤桂广业控股股份有限公司","Guangxi Yuegui Guangye Holdings Co., Ltd."
"000837.SZ","000837","秦川机床","陕西","机床制造","qcjc","主板","19980928","","","SZSE","L","秦川机床工具集团股份公司","Qinchuan Machine Tool & Tool Group Share Co.,Ltd."
"000838.SZ","000838","财信发展","重庆","区域地产","cxfz","主板","19970626","北京电力实业开发有限责任公司","无","SZSE","L","财信地产发展集团股份有限公司","Casin Real Estate Development Group Co.,Ltd."
"000839.SZ","000839","国安股份","北京","综合类","gagf","主板","19971031","","","SZSE","L","中信国安信息产业股份有限公司","CITIC Guoan Information Industry Co., Ltd."
"000848.SZ","000848","承德露露","河北","软饮料","cdll","主板","19971113","","","SZSE","L","承德露露股份公司","Cheng De Lolo Company Limited."
"000850.SZ","000850","华茂股份","安徽","纺织","hmgf","主板","19981007","","","SZSE","L","安徽华茂纺织股份有限公司","Anhui Huamao Textile Company Limited"
"000851.SZ","000851","*ST高鸿","贵州","通信设备","stgh","主板","19980609","无实际控制人","无","SZSE","L","大唐高鸿网络股份有限公司","Gohigh Networks Co.,Ltd"
"000852.SZ","000852","石化机械","湖北","化工机械","shjx","主板","19981126","","","SZSE","L","中石化石油机械股份有限公司","Sinopec Oilfield Equipment Corporation"
"000856.SZ","000856","冀东装备","河北","专用机械","jdzb","主板","19980813","唐山市人民政府国有资产监督管理委员会","地方国企","SZSE","L","唐山冀东装备工程股份有限公司","Tangshan Jidong Equipment and Engineering Co.,Ltd."
"000858.SZ","000858","五粮液","四川","白酒","wly","主板","19980427","宜宾发展控股集团有限公司","地方国企","SZSE","L","宜宾五粮液股份有限公司","Wuliangye Yibin Co.,Ltd."
"000859.SZ","000859","国风新材","安徽","塑料","gfxc","主板","19981119","合肥市人民政府国有资产监督管理委员会","地方国企","SZSE","L","安徽国风新材料股份有限公司","Anhui Guofeng New Materials Co., Ltd."
"000860.SZ","000860","顺鑫农业","北京","白酒","sxny","主板","19981104","","","SZSE","L","北京顺鑫农业股份有限公司","Beijing Shunxin Agriculture Co.,Ltd"
"000862.SZ","000862","银星能源","宁夏","新型电力","yxny","主板","19980915","","","SZSE","L","宁夏银星能源股份有限公司","Ning Xia Yin Xing Energy Co.,Ltd."
"000863.SZ","000863","三湘印象","上海","区域地产","sxyx","主板","19970925","","","SZSE","L","三湘印象股份有限公司","Sanxiang Impression Co.,Ltd."
"000868.SZ","000868","安凯客车","安徽","汽车整车","akkc","主板","19970725","","","SZSE","L","安徽安凯汽车股份有限公司","Anhui Ankai Automobile Co.,Ltd."
"000869.SZ","000869","张裕A","山东","红黄酒","zya","主板","20001026","张裕集团及本公司中层以上员工26人","无","SZSE","L","烟台张裕葡萄酿酒股份有限公司","Yantai Changyu Pioneer Wine Company Limited"
"000875.SZ","000875","吉电股份","吉林","火力发电","jdgf","主板","20020926","","","SZSE","L","吉林电力股份有限公司","Jilin Electric Power Co.,Ltd."
"000876.SZ","000876","新希望","四川","饲料","xxw","主板","19980311","","","SZSE","L","新希望六和股份有限公司","New Hope Liuhe Co.,Ltd."
"000877.SZ","000877","天山股份","新疆","水泥","tsgf","主板","19990107","国务院国有资产监督管理委员会","中央国企","SZSE","L","天山材料股份有限公司","Tianshan Material Co.,Ltd."
"000878.SZ","000878","云南铜业","云南","铜","ynty","主板","19980602","","","SZSE","L","云南铜业股份有限公司","Yunnan Copper Co.,Ltd"
"000880.SZ","000880","潍柴重机","山东","专用机械","wczj","主板","19980402","","","SZSE","L","潍柴重机股份有限公司","Weichai Heavy Machinery Co.,Ltd."
"000881.SZ","000881","中广核技","辽宁","化工原料","zghj","主板","19980902","大连市人民政府国有资产监督管理委员会","地方国企","SZSE","L","中广核核技术发展股份有限公司","Cgn Nuclear Technology Development Co., Ltd."
"000882.SZ","000882","华联股份","北京","其他商业","hlgf","主板","19980616","","","SZSE","L","北京华联商厦股份有限公司","Beijing Hualian Department Store Co., Ltd"
"000883.SZ","000883","湖北能源","湖北","水力发电","hbny","主板","19980519","","","SZSE","L","湖北能源集团股份有限公司","Hubei Energy Group Co.,Ltd."
"000885.SZ","000885","城发环境","河南","环境保护","cfhj","主板","19990319","西安海拓普(集团)股份有限公司","无","SZSE","L","城发环境股份有限公司","CEVIA Enviro Inc."
"000886.SZ","000886","海南高速","海南","区域地产","hngs","主板","19980123","海南省国有资产监督管理委员会","地方国企","SZSE","L","海南高速公路股份有限公司","Hainan Expressway Co.,Ltd."
"000887.SZ","000887","中鼎股份","安徽","汽车配件","zdgf","主板","19981203","夏鼎湖","民营企业","SZSE","L","安徽中鼎密封件股份有限公司","Anhui Zhongding Sealing Parts Co.,Ltd."
"000888.SZ","000888","峨眉山A","四川","旅游景点","emsa","主板","19971021","四川省峨眉山乐山大佛旅游集团有限公司","地方国企","SZSE","L","峨眉山旅游股份有限公司","Emei Shan Tourism Company Limited"
"000889.SZ","000889","中嘉博创","河北","通信设备","zjbc","主板","19971218","吴鹰","民营企业","SZSE","L","中嘉博创信息技术股份有限公司","ZJBC Information Technology Co.,Ltd"
"000890.SZ","000890","法尔胜","江苏","环境保护","fes","主板","19990119","周江","民营企业","SZSE","L","江苏法尔胜股份有限公司","Jiangsu Fasten Company Limited"
"000892.SZ","000892","欢瑞世纪","重庆","影视音像","hrsj","主板","19990115","赵枳程","民营企业","SZSE","L","欢瑞世纪联合股份有限公司","H&R Century Union Corporation"
"000893.SZ","000893","亚钾国际","广东","农药化肥","yjgj","主板","19981224","无实际控制人","无","SZSE","L","亚钾国际投资(广州)股份有限公司","Asia-Potash International Investment (Guangzhou) Co., Ltd."
"000895.SZ","000895","双汇发展","河南","食品","shfz","主板","19981210","兴泰集团有限公司","外资企业","SZSE","L","河南双汇投资发展股份有限公司","Henan Shuanghui Investment & Development Co.,Ltd."
"000897.SZ","000897","津滨发展","天津","区域地产","jbfz","主板","19990422","","","SZSE","L","天津津滨发展股份有限公司","Tianjin Jinbin Development Co.,Ltd"
"000898.SZ","000898","鞍钢股份","辽宁","普钢","aggf","主板","19971225","","","SZSE","L","鞍钢股份有限公司","Angang Steel Company Limited"
"000899.SZ","000899","赣能股份","江西","火力发电","gngf","主板","19971126","江西省国有资产监督管理委员会","地方国企","SZSE","L","江西赣能股份有限公司","Jiangxi Ganneng Co.,Ltd."
"000900.SZ","000900","现代投资","湖南","路桥","xdtz","主板","19990128","","","SZSE","L","现代投资股份有限公司","Xiandai Investment Co.,Ltd"
"000901.SZ","000901","航天科技","黑龙江","汽车配件","htkj","主板","19990401","","","SZSE","L","航天科技控股集团股份有限公司","Aerospace Hi-Tech Holding Group Co.,Ltd"
"000902.SZ","000902","新洋丰","湖北","农药化肥","xyf","主板","19990408","","","SZSE","L","新洋丰农业科技股份有限公司","Yonfer Agricultural Technology Co., Ltd."
"000903.SZ","000903","ST云动","云南","汽车配件","styd","主板","19990415","","","SZSE","L","昆明云内动力股份有限公司","Kunming Yunnei Power Co.,Ltd."
"000905.SZ","000905","厦门港务","福建","港口","xmgw","主板","19990429","厦门市人民政府国有资产监督管理委员会","地方国企","SZSE","L","厦门港务发展股份有限公司","Xiamen Port Development Co.,Ltd."
"000906.SZ","000906","浙商中拓","浙江","仓储物流","zszt","主板","19990707","","","SZSE","L","浙商中拓集团股份有限公司","Zheshang Development Group Co.,Ltd"
"000908.SZ","000908","ST景峰","湖南","化学制药","stjf","主板","19990203","徐欢霞","民营企业","SZSE","L","湖南景峰医药股份有限公司","Hunan Jingfeng Pharmaceutical Co.,Ltd."
"000909.SZ","000909","ST数源","浙江","区域地产","stsy","主板","19990507","杭州市人民政府","地方国企","SZSE","L","数源科技股份有限公司","Soyea Technology Co.,Ltd."
"000910.SZ","000910","大亚圣象","江苏","家居用品","dysx","主板","19990630","陈建军","民营企业","SZSE","L","大亚圣象家居股份有限公司","Dare Power Dekor Home Co.,Ltd."
"000911.SZ","000911","广农糖业","广西","食品","gnty","主板","19990527","","","SZSE","L","广西农投糖业集团股份有限公司","Guangxi Rural Investment Sugar Industry Group Co., Ltd"
"000912.SZ","000912","泸天化","四川","农药化肥","lth","主板","19990603","四川省政府国有资产监督管理委员会","地方国企","SZSE","L","四川泸天化股份有限公司","Sichuan Lutianhua Company Limited By Shares"
"000913.SZ","000913","钱江摩托","浙江","摩托车","qjmt","主板","19990514","","","SZSE","L","浙江钱江摩托股份有限公司","Zhejiang Qianjiang Motorcycle Co.,Ltd."
"000915.SZ","000915","华特达因","山东","化学制药","htdy","主板","19990609","山东省人民政府国有资产监督管理委员会","地方国企","SZSE","L","山东华特达因健康股份有限公司","Shandong Wit Dyne Health Co.,Ltd."
"000917.SZ","000917","电广传媒","湖南","广告包装","dgcm","主板","19990325","","","SZSE","L","湖南电广传媒股份有限公司","Hunan Tv & Broadcast Intermediary Co., Ltd"
"000919.SZ","000919","金陵药业","江苏","化学制药","jlyy","主板","19991118","","","SZSE","L","金陵药业股份有限公司","Jinling Pharmaceutical Company Limited"
"000920.SZ","000920","沃顿科技","贵州","塑料","wdkj","主板","19990616","","","SZSE","L","沃顿科技股份有限公司","Vontron Technology Co., Ltd."
"000921.SZ","000921","海信家电","广东","家用电器","hxjd","主板","19990713","青岛市人民政府国有资产监督管理委员会","地方国企","SZSE","L","海信家电集团股份有限公司","Hisense Home Appliances Group Co., Ltd."
"000922.SZ","000922","佳电股份","黑龙江","电气设备","jdgf","主板","19990618","国务院国有资产监督管理委员会","中央国企","SZSE","L","哈尔滨电气集团佳木斯电机股份有限公司","Harbin Electric Corporation Jiamusi Electric Machine Co.,Ltd."
"000923.SZ","000923","河钢资源","河北","普钢","hgzy","主板","19990714","","","SZSE","L","河钢资源股份有限公司","HBIS Resources Co., Ltd."
"000925.SZ","000925","众合科技","浙江","运输设备","zhkj","主板","19990611","无实际控制人","无","SZSE","L","浙江众合科技股份有限公司","UniTTEC Co.,Ltd"
"000926.SZ","000926","福星股份","湖北","区域地产","fxgf","主板","19990618","","","SZSE","L","湖北福星科技股份有限公司","Hubei Fuxing Science and Technology Co.,Ltd"
"000927.SZ","000927","中国铁物","天津","仓储物流","zgtw","主板","19990727","","","SZSE","L","中国铁路物资股份有限公司","China Railway Materials Company Limited."
"000928.SZ","000928","中钢国际","吉林","建筑工程","zggj","主板","19990312","","","SZSE","L","中钢国际工程技术股份有限公司","Sinosteel Engineering & Technology Co., Ltd."
"000929.SZ","000929","*ST兰黄","甘肃","啤酒","stlh","主板","19990623","","","SZSE","L","兰州黄河企业股份有限公司","Lanzhou Huanghe Enterprise Co., Ltd."
"000930.SZ","000930","中粮科技","安徽","农业综合","zlkj","主板","19990712","","","SZSE","L","中粮生物科技股份有限公司","Cofco Biotechnology Co., Ltd."
"000931.SZ","000931","中关村","北京","化学制药","zgc","主板","19990712","黄光裕","外资企业","SZSE","L","北京中关村科技发展(控股)股份有限公司","Beijing Centergate Technologies (Holding) Co., Ltd."
"000932.SZ","000932","华菱钢铁","湖南","普钢","hlgt","主板","19990803","","","SZSE","L","湖南华菱钢铁股份有限公司","Hunan Valin Steel Co., Ltd."
"000933.SZ","000933","神火股份","河南","铝","shgf","主板","19990831","","","SZSE","L","河南神火煤电股份有限公司","Henan Shenhuo Coal & Power Co.,Ltd"
"000935.SZ","000935","四川双马","四川","水泥","scsm","主板","19990824","","","SZSE","L","四川和谐双马股份有限公司","Sichuan Hexie Shuangma Co.,Ltd"
"000936.SZ","000936","华西股份","江苏","化纤","hxgf","主板","19990810","","","SZSE","L","江苏华西村股份有限公司","Jiangsu Huaxicun Co.,Ltd."
"000937.SZ","000937","冀中能源","河北","煤炭开采","jzny","主板","19990909","","","SZSE","L","冀中能源股份有限公司","Jizhong Energy Resources Co.,Ltd."
"000938.SZ","000938","紫光股份","北京","IT设备","zggf","主板","19991104","中华人民共和国财政部","中央国企","SZSE","L","紫光股份有限公司","Unisplendour Corporation Limited"
"000948.SZ","000948","南天信息","云南","软件服务","ntxx","主板","19991014","","","SZSE","L","云南南天电子信息产业股份有限公司","Yunnan Nantian Electronics Information Co.,Ltd"
"000949.SZ","000949","新乡化纤","河南","化纤","xxhx","主板","19991021","","","SZSE","L","新乡化纤股份有限公司","Xinxiang Chemical Fiber Co.,Ltd."
"000950.SZ","000950","重药控股","重庆","医药商业","cykg","主板","19990916","重庆市国有资产监督管理委员会","地方国企","SZSE","L","重药控股股份有限公司","C.Q. Pharmaceutical Holding Co., Ltd."
"000951.SZ","000951","中国重汽","山东","汽车整车","zgzq","主板","19991125","济南市人民政府国有资产监督管理委员会","地方国企","SZSE","L","中国重汽集团济南卡车股份有限公司","Sinotruk Jinan Truck Co.,Ltd"
"000952.SZ","000952","广济药业","湖北","化学制药","gjyy","主板","19991112","武穴市财政局(武穴市人民政府国有资产监督管理局)","地方国企","SZSE","L","湖北广济药业股份有限公司","Hubei Guangji Pharmaceutical Co.,Ltd."
"000953.SZ","000953","河化股份","广西","化学制药","hhgf","主板","19991202","熊续强","外资企业","SZSE","L","广西河池化工股份有限公司","Guangxi Hechi Chemical Co., Ltd"
"000955.SZ","000955","欣龙控股","海南","纺织","xlkg","主板","19991209","王林江","民营企业","SZSE","L","欣龙控股(集团)股份有限公司","Xinlong Holding (Group) Company Ltd."
"000957.SZ","000957","中通客车","山东","汽车整车","ztkc","主板","20000113","山东省人民政府国有资产监督管理委员会","地方国企","SZSE","L","中通客车股份有限公司","Zhongtong Bus Holding Co.,Ltd"
"000958.SZ","000958","电投产融","河北","多元金融","dtcr","主板","19991223","","","SZSE","L","国家电投集团产融控股股份有限公司","SPIC Industry-Finance Holdings Co., Ltd."
"000959.SZ","000959","首钢股份","北京","普钢","sggf","主板","19991216","","","SZSE","L","北京首钢股份有限公司","Beijing Shougang Co.,Ltd."
"000960.SZ","000960","锡业股份","云南","小金属","xygf","主板","20000221","","","SZSE","L","云南锡业股份有限公司","Yunnan Tin Co.,Ltd"
"000962.SZ","000962","东方钽业","宁夏","小金属","dfty","主板","20000120","","","SZSE","L","宁夏东方钽业股份有限公司","Ningxia Orient Tantalum Industry Co.,Ltd."
"000963.SZ","000963","华东医药","浙江","化学制药","hdyy","主板","20000127","","","SZSE","L","华东医药股份有限公司","Huadong Medicine Co.,Ltd"
"000965.SZ","000965","天保基建","天津","区域地产","tbjj","主板","20000406","天津港保税区国有资产监督管理局","地方国企","SZSE","L","天津天保基建股份有限公司","Tianjin Tianbao Infrastructure Co.,Ltd."
"000966.SZ","000966","长源电力","湖北","火力发电","cydl","主板","20000316","","","SZSE","L","国家能源集团长源电力股份有限公司","Chn Energy Changyuan Electric Power Co.,Ltd."
"000967.SZ","000967","盈峰环境","浙江","环境保护","yfhj","主板","20000330","","","SZSE","L","盈峰环境科技集团股份有限公司","Infore Environment Technology Group Co., Ltd."
"000968.SZ","000968","蓝焰控股","山西","石油开采","lykg","主板","20000622","","","SZSE","L","山西蓝焰控股股份有限公司","Shanxi Blue Flame Holding Company Limited"
"000969.SZ","000969","安泰科技","北京","小金属","atkj","主板","20000529","","","SZSE","L","安泰科技股份有限公司","Advanced Technology & Materials Co., Ltd."
"000970.SZ","000970","中科三环","北京","矿物制品","zksh","主板","20000420","","","SZSE","L","北京中科三环高技术股份有限公司","Beijing Zhong Ke San Huan High-Tech Co., Ltd."
"000972.SZ","000972","*ST中基","新疆","食品","stzj","主板","20000926","Veronique Bibi","外资企业","SZSE","L","中基健康产业股份有限公司","Chalkis Health Industry Co., Ltd"
"000973.SZ","000973","佛塑科技","广东","塑料","fskj","主板","20000525","佛山市人民政府国有资产监督管理委员会","地方国企","SZSE","L","佛山佛塑科技集团股份有限公司","Fspg Hi-Tech Co., Ltd."
"000975.SZ","000975","山金国际","内蒙","黄金","sjgj","主板","20000608","山东省人民政府国有资产监督管理委员会","地方国企","SZSE","L","山金国际黄金股份有限公司","Shanjin International Gold Co.,Ltd."
"000977.SZ","000977","浪潮信息","山东","IT设备","lcxx","主板","20000608","","","SZSE","L","浪潮电子信息产业股份有限公司","Ieit Systems Co., Ltd."
"000978.SZ","000978","桂林旅游","广西","旅游景点","glly","主板","20000518","广西壮族自治区桂林市人民政府","地方国企","SZSE","L","桂林旅游股份有限公司","Guilin Tourism Corporation Limited"
"000980.SZ","000980","众泰汽车","浙江","汽车配件","ztqc","主板","20000616","无实际控制人","无","SZSE","L","众泰汽车股份有限公司","Zotye Automobile Co., Ltd"
"000981.SZ","000981","山子高科","甘肃","汽车配件","szgk","主板","20000622","熊续强","外资企业","SZSE","L","山子高科技股份有限公司","Sensteed Hi-Tech Group"
"000983.SZ","000983","山西焦煤","山西","煤炭开采","sxjm","主板","20000726","","","SZSE","L","山西焦煤能源集团股份有限公司","Shanxi Coking Coal Energy Group Co., Ltd."
"000985.SZ","000985","大庆华科","黑龙江","化工原料","dqhk","主板","20000726","","","SZSE","L","大庆华科股份有限公司","Daqing Huake Company Limited"
"000987.SZ","000987","越秀资本","广东","多元金融","yxzb","主板","20000718","","","SZSE","L","广州越秀资本控股集团股份有限公司","Guangzhou Yuexiu Capital Holdings Group Co., Ltd."
"000988.SZ","000988","华工科技","湖北","专用机械","hgkj","主板","20000608","武汉市人民政府国有资产监督管理委员会","地方国企","SZSE","L","华工科技产业股份有限公司","Huagong Tech Company Limited"
"000989.SZ","000989","九芝堂","湖南","中成药","jzt","主板","20000628","","","SZSE","L","九芝堂股份有限公司","Jiuzhitang Co.,Ltd."
"000990.SZ","000990","诚志股份","江西","化工原料","czgf","主板","20000706","青岛西海岸新区国有资产管理局","地方国企","SZSE","L","诚志股份有限公司","Chengzhi Co.,Ltd."
"000993.SZ","000993","闽东电力","福建","水力发电","mddl","主板","20000731","宁德市人民政府国有资产监督管理委员会","地方国企","SZSE","L","福建闽东电力股份有限公司","Fujian Mindong Electric Power Limited Company"
"000995.SZ","000995","皇台酒业","甘肃","白酒","htjy","主板","20000807","","","SZSE","L","甘肃皇台酒业股份有限公司","Gansu Huangtai Wine-Marketing Industry Co.,Ltd."
"000997.SZ","000997","新大陆","福建","IT设备","xdl","主板","20000807","","","SZSE","L","新大陆数字技术股份有限公司","Newland Digital Technology Co.,Ltd."
"000998.SZ","000998","隆平高科","湖南","种植业","lpgk","主板","20001211","","","SZSE","L","袁隆平农业高科技股份有限公司","Yuan Longping High-Tech Agriculture Co.,Ltd."
"000999.SZ","000999","华润三九","深圳","中成药","hrsj","主板","20000309","","","SZSE","L","华润三九医药股份有限公司","China Resources Sanjiu Medical & Pharmaceutical Co.,Ltd."
"001201.SZ","001201","东瑞股份","广东","农业综合","drgf","主板","20210428","袁建康","民营企业","SZSE","L","东瑞食品集团股份有限公司","Dongrui Food Group Co.,Ltd."
"001202.SZ","001202","炬申股份","广东","仓储物流","jsgf","主板","20210429","雷琦","民营企业","SZSE","L","炬申物流集团股份有限公司","Jushen Logistics Group Co.,Ltd"
"001203.SZ","001203","大中矿业","内蒙","普钢","dzky","主板","20210510","","","SZSE","L","大中矿业股份有限公司","Dazhong Mining Co.,Ltd"
"001205.SZ","001205","盛航股份","江苏","水运","shgf","主板","20210513","李桃元","民营企业","SZSE","L","南京盛航海运股份有限公司","Nanjing Shenghang Shipping Co., Ltd."
"001206.SZ","001206","依依股份","天津","造纸","yygf","主板","20210518","高福忠","民营企业","SZSE","L","天津市依依卫生用品股份有限公司","Tianjin Yiyi Hygiene Products Co., Ltd."
"001207.SZ","001207","联科科技","山东","化工原料","lkkj","主板","20210623","吴晓林","民营企业","SZSE","L","山东联科科技股份有限公司","Shandong Link Science and Technology Co.,Ltd."
"001208.SZ","001208","华菱线缆","湖南","电气设备","hlxl","主板","20210624","湖南省人民政府国有资产监督管理委员会","地方国企","SZSE","L","湖南华菱线缆股份有限公司","Hunan Valin Wire&Cable Co.,Ltd"
"001209.SZ","001209","洪兴股份","广东","服饰","hxgf","主板","20210723","郭梧文","民营企业","SZSE","L","广东洪兴实业股份有限公司","Guangdong Hongxing Industrial Co., Ltd."
"001210.SZ","001210","金房能源","北京","供气供热","jfny","主板","20210729","杨建勋","民营企业","SZSE","L","金房能源集团股份有限公司","Kingfore Energy Group Co.,Ltd."
"001211.SZ","001211","双枪科技","浙江","家居用品","sqkj","主板","20210805","郑承烈","民营企业","SZSE","L","双枪科技股份有限公司","Suncha Technology Co., Ltd."
"001212.SZ","001212","中旗新材","广东","其他建材","zqxc","主板","20210823","周军","民营企业","SZSE","L","广东中旗新材料股份有限公司","Sinostone(Guangdong) Co.,Ltd."
"001213.SZ","001213","中铁特货","北京","铁路","ztth","主板","20210908","中国国家铁路集团有限公司","中央国企","SZSE","L","中铁特货物流股份有限公司","China Railway Special Cargo Logistics Co., Ltd."
"001215.SZ","001215","千味央厨","河南","食品","qwyc","主板","20210906","李伟","民营企业","SZSE","L","郑州千味央厨食品股份有限公司","Zhengzhou Qianweiyangchu Food Co., Ltd."
"001216.SZ","001216","华瓷股份","湖南","家居用品","hcgf","主板","20211019","许君奇","民营企业","SZSE","L","湖南华联瓷业股份有限公司","Hunan Hualian China Industry Co., Ltd."
"001217.SZ","001217","华尔泰","安徽","化工原料","het","主板","20210929","吴李杰","民营企业","SZSE","L","安徽华尔泰化工股份有限公司","Anhui Huaertai Chemical Co., Ltd"
"001218.SZ","001218","丽臣实业","湖南","化工原料","lcsy","主板","20211015","贾齐正","民营企业","SZSE","L","湖南丽臣实业股份有限公司","Hunan Resun Co., Ltd"
"001219.SZ","001219","青岛食品","山东","食品","qdsp","主板","20211021","青岛华通国有资本投资运营集团有限公司","地方国企","SZSE","L","青岛食品股份有限公司","Qingdao Foods Co., Ltd."
"001221.SZ","001221","悍高集团","广东","家居用品","hgjt","主板","20250730","欧锦锋","民营企业","SZSE","L","悍高集团股份有限公司","Higold Group Co., Ltd."
"001222.SZ","001222","源飞宠物","浙江","文教休闲","yfcw","主板","20220818","庄明允","民营企业","SZSE","L","温州源飞宠物玩具制品股份有限公司","Wenzhou Yuanfei Pet Toy Products Co., Ltd."
"001223.SZ","001223","欧克科技","江西","专用机械","okkj","主板","20221212","胡甫晟","民营企业","SZSE","L","欧克科技股份有限公司","OK Science and Technology Co., Ltd."
"001225.SZ","001225","和泰机电","浙江","专用机械","htjd","主板","20230222","徐青","民营企业","SZSE","L","杭州和泰机电股份有限公司","Hangzhou Hota M&E Holdings Co.,Ltd."
"001226.SZ","001226","拓山重工","安徽","工程机械","tszg","主板","20220622","徐杨顺","民营企业","SZSE","L","安徽拓山重工股份有限公司","Anhui Tuoshan Heavy Industries Co., Ltd."
"001227.SZ","001227","兰州银行","甘肃","银行","lzyh","主板","20220117","","","SZSE","L","兰州银行股份有限公司","Bank of Lanzhou Co., Ltd."
"001228.SZ","001228","永泰运","浙江","仓储物流","yty","主板","20220429","陈永夫","民营企业","SZSE","L","永泰运化工物流股份有限公司","Yongtaiyun Chemical Logistics Co.,Ltd"
"001229.SZ","001229","魅视科技","广东","IT设备","mskj","主板","20220808","方华","民营企业","SZSE","L","广东魅视科技股份有限公司","Guangdong AVCiT Technology Holding Co., Ltd."
"001230.SZ","001230","劲旅环境","安徽","环境保护","jlhj","主板","20220715","于晓霞","民营企业","SZSE","L","劲旅环境科技股份有限公司","Jinglv Environment Science and Technology Co.,Ltd."
"001231.SZ","001231","农心科技","陕西","农药化肥","nxkj","主板","20220819","郑敬敏","民营企业","SZSE","L","农心作物科技股份有限公司","Norsyn Crop Technology Co., Ltd."
"001234.SZ","001234","泰慕士","江苏","服饰","tms","主板","20220111","陆彪","民营企业","SZSE","L","江苏泰慕士针纺科技股份有限公司","Jiangsu Times Textile Technology Co.,Ltd"
"001236.SZ","001236","弘业期货","江苏","多元金融","hyqh","主板","20220805","江苏省政府国有资产监督管理委员会","地方国企","SZSE","L","苏豪弘业期货股份有限公司","Soho Holly Futures Co., Ltd."
"001238.SZ","001238","浙江正特","浙江","家居用品","zjzt","主板","20220919","陈永辉","民营企业","SZSE","L","浙江正特股份有限公司","Zhejiang Zhengte Co.,Ltd."
"001239.SZ","001239","永达股份","湖南","工程机械","ydgf","主板","20231212","沈培良","民营企业","SZSE","L","湘潭永达机械制造股份有限公司","Xiangtan Yongda Machinery Manufacturing Co.,Ltd."
"001255.SZ","001255","博菲电气","浙江","电气设备","bfdq","主板","20220930","陆云峰","民营企业","SZSE","L","浙江博菲电气股份有限公司","Zhejiang Bofay Electric Co.,Ltd."
"001256.SZ","001256","炜冈科技","浙江","轻工机械","wgkj","主板","20221205","周炳松","民营企业","SZSE","L","浙江炜冈科技股份有限公司","Zhejiang Weigang Technology Co., Ltd"
"001258.SZ","001258","立新能源","新疆","新型电力","lxny","主板","20220727","新疆维吾尔自治区人民政府国有资产监督管理委员会","地方国企","SZSE","L","新疆立新能源股份有限公司","Xinjiang Lixin Energy Co., Ltd"
"001259.SZ","001259","利仁科技","北京","家用电器","lrkj","主板","20220831","宋老亮","民营企业","SZSE","L","北京利仁科技股份有限公司","Beijing Liven Technology Co., Ltd."
"001260.SZ","001260","坤泰股份","山东","汽车配件","ktgf","主板","20230216","张明","民营企业","SZSE","L","山东坤泰新材料科技股份有限公司","Shandong Kuntai New Material Technology Co., Ltd."
"001266.SZ","001266","宏英智能","上海","电器仪表","hyzn","主板","20220228","张化宏","民营企业","SZSE","L","上海宏英智能科技股份有限公司","Shanghai Smart Control Co., Ltd."
"001267.SZ","001267","汇绿生态","湖北","建筑工程","hlst","主板","20211117","武汉市人民政府国有资产监督管理委员会","地方国企","SZSE","L","汇绿生态科技集团股份有限公司","Hui Lyu Ecological Technology Groups Co.,Ltd."
"001268.SZ","001268","联合精密","广东","机械基件","lhjm","主板","20220630","何俊桦","民营企业","SZSE","L","广东扬山联合精密制造股份有限公司","Guangdong Yangshan United Precision Manufacturing Co.,Ltd."
"001269.SZ","001269","欧晶科技","内蒙","矿物制品","ojkj","主板","20220930","无实际控制人","无","SZSE","L","内蒙古欧晶科技股份有限公司","Inner Mongolia Ojing Science & Technology Co., Ltd."
"001270.SZ","001270","*ST铖昌","浙江","半导体","stcc","主板","20220606","刘建伟","民营企业","SZSE","L","浙江铖昌科技股份有限公司","Zhejiang Chengchang Technology Co., Ltd."
"001277.SZ","001277","速达股份","河南","专用机械","sdgf","主板","20240903","李锡元","民营企业","SZSE","L","郑州速达工业机械服务股份有限公司","Zhengzhou Suda Industry Machinery Service Co., Ltd."
"001278.SZ","001278","一彬科技","浙江","汽车配件","ybkj","主板","20230308","王建华","民营企业","SZSE","L","宁波一彬电子科技股份有限公司","Ningbo Yibin Electronic Technology Co.,Ltd."
"001279.SZ","001279","强邦新材","安徽","广告包装","qbxc","主板","20241011","郭良春","民营企业","SZSE","L","安徽强邦新材料股份有限公司","Anhui Strong State New Materials Co., Ltd."
"001282.SZ","001282","三联锻造","安徽","汽车配件","sldz","主板","20230524","孙国奉","民营企业","SZSE","L","芜湖三联锻造股份有限公司","Wuhu Sanlian Forging Co., Ltd."
"001283.SZ","001283","豪鹏科技","深圳","电气设备","hpkj","主板","20220905","潘党育","民营企业","SZSE","L","深圳市豪鹏科技股份有限公司","Shenzhen Highpower Technology Co.,Ltd."
"001285.SZ","001285","C瑞立","广东","汽车配件","rlkm","主板","20250930","","","SZSE","L","广州瑞立科密汽车电子股份有限公司","Guangzhou Ruili Kormee Automotive Electronic Co.,Ltd."
"001286.SZ","001286","陕西能源","陕西","火力发电","sxny","主板","20230410","陕西投资集团有限公司","地方国企","SZSE","L","陕西能源投资股份有限公司","Shaanxi Energy Investment Co., Ltd."
"001287.SZ","001287","中电港","深圳","元器件","zdg","主板","20230410","国务院国有资产监督管理委员会","中央国企","SZSE","L","深圳中电港技术股份有限公司","Shenzhen Cecport Technologies Co., Ltd."
"001288.SZ","001288","运机集团","四川","专用机械","yjjt","主板","20211101","吴友华","民营企业","SZSE","L","四川省自贡运输机械集团股份有限公司","Sichuan Zigong Conveying Machine Group Co.,Ltd."
"001289.SZ","001289","龙源电力","北京","新型电力","lydl","主板","20220124","国务院国有资产监督管理委员会","中央国企","SZSE","L","龙源电力集团股份有限公司","China Longyuan Power Group Corporation Limited"
"001296.SZ","001296","长江材料","重庆","其他建材","cjcl","主板","20211224","","","SZSE","L","重庆长江造型材料(集团)股份有限公司","Chongqing Changjiang River Moulding Material (Group) Co., Ltd."
"001298.SZ","001298","好上好","深圳","元器件","hsh","主板","20221031","王玉成","外资企业","SZSE","L","深圳市好上好信息科技股份有限公司","Shenzhen Best of Best Holdings Co.,Ltd."
"001299.SZ","001299","美能能源","陕西","供气供热","mnny","主板","20221031","晏立群","民营企业","SZSE","L","陕西美能清洁能源集团股份有限公司","Shanxi Meineng Clean Energy Co., Ltd"
"001300.SZ","001300","三柏硕","山东","文教休闲","sbs","主板","20221019","朱希龙","民营企业","SZSE","L","青岛三柏硕健康科技股份有限公司","Sportsoul Co.,Ltd."
"001301.SZ","001301","尚太科技","河北","电气设备","stkj","主板","20221228","欧阳永跃","民营企业","SZSE","L","石家庄尚太科技股份有限公司","Shijiazhuang Shangtai Technology Co., Ltd."
"001306.SZ","001306","夏厦精密","浙江","机械基件","xxjm","主板","20231116","夏挺","民营企业","SZSE","L","浙江夏厦精密制造股份有限公司","Zhejiang XiaSha Precision Manufacturing Co., Ltd."
"001308.SZ","001308","康冠科技","深圳","元器件","kgkj","主板","20220318","凌斌","民营企业","SZSE","L","深圳市康冠科技股份有限公司","Shenzhen Ktc Technology Co.,Ltd."
"001309.SZ","001309","德明利","深圳","半导体","dml","主板","20220701","李虎","民营企业","SZSE","L","深圳市德明利技术股份有限公司","Shenzhen Techwinsemi Technology Co., Ltd."
"001311.SZ","001311","多利科技","安徽","汽车配件","dlkj","主板","20230227","曹达龙","民营企业","SZSE","L","滁州多利汽车科技股份有限公司","Chuzhou Duoli Automotive Technology Co., Ltd."
"001313.SZ","001313","粤海饲料","广东","饲料","yhsl","主板","20220216","","","SZSE","L","广东粤海饲料集团股份有限公司","Guangdong Yuehai Feeds Group Co.,Ltd."
"001314.SZ","001314","亿道信息","深圳","元器件","ydxx","主板","20230214","石庆","民营企业","SZSE","L","深圳市亿道信息股份有限公司","Emdoor Information Co.,Ltd."
"001316.SZ","001316","润贝航科","深圳","批发业","rbhk","主板","20220624","刘俊锋","民营企业","SZSE","L","润贝航空科技股份有限公司","Lubair Aviation Technology Co.,Ltd."
"001317.SZ","001317","三羊马","重庆","铁路","sym","主板","20211130","邱红阳","民营企业","SZSE","L","三羊马(重庆)物流股份有限公司","San Yang Ma (Chongqing) Logistics Co.,Ltd."
"001318.SZ","001318","阳光乳业","江西","乳制品","ygry","主板","20220520","胡霄云","民营企业","SZSE","L","江西阳光乳业股份有限公司","Jiangxi Sunshine Dairy Co., Ltd"
"001319.SZ","001319","铭科精技","广东","汽车配件","mkjj","主板","20220512","夏录荣","外资企业","SZSE","L","铭科精技控股股份有限公司","Winstech Precision Holding Co., Ltd."
"001322.SZ","001322","箭牌家居","广东","家居用品","jpjj","主板","20221026","谢岳荣","民营企业","SZSE","L","箭牌家居集团股份有限公司","Arrow Home Group Co., Ltd."
"001323.SZ","001323","慕思股份","广东","家居用品","msgf","主板","20220623","王炳坤","民营企业","SZSE","L","慕思健康睡眠股份有限公司","De Rucci Healthy Sleep Co., Ltd."
"001324.SZ","001324","长青科技","江苏","运输设备","cqkj","主板","20230522","周银妹","民营企业","SZSE","L","常州长青科技股份有限公司","Changzhou Evergreen Technology Co., Ltd."
"001326.SZ","001326","联域股份","深圳","电气设备","lygf","主板","20231109","徐建勇","民营企业","SZSE","L","深圳市联域光电股份有限公司","Shenzhen Snc Opto Electronic Co., Ltd"
"001328.SZ","001328","登康口腔","重庆","日用化工","dkkq","主板","20230410","重庆市国有资产监督管理委员会","地方国企","SZSE","L","重庆登康口腔护理用品股份有限公司","Dencare (Chongqing) Oral Care Co., Ltd."
"001330.SZ","001330","博纳影业","新疆","影视音像","bnyy","主板","20220818","于冬","民营企业","SZSE","L","博纳影业集团股份有限公司","Bona Film Group Co., Ltd."
"001331.SZ","001331","胜通能源","山东","供气供热","stny","主板","20220908","魏吉胜","民营企业","SZSE","L","胜通能源股份有限公司","Senton Energy Co.,Ltd."
"001332.SZ","001332","锡装股份","江苏","专用机械","xzgf","主板","20220920","曹洪海","民营企业","SZSE","L","无锡化工装备股份有限公司","Wuxi Chemical Equipment Co., Ltd."
"001333.SZ","001333","光华股份","浙江","化工原料","ghgf","主板","20221208","孙杰风","民营企业","SZSE","L","浙江光华科技股份有限公司","Zhejiang Guanghua Technology Co.,Ltd."
"001335.SZ","001335","信凯科技","浙江","化工原料","xkkj","主板","20250415","李治","民营企业","SZSE","L","浙江信凯科技集团股份有限公司","Trust Chem Co., Ltd."
"001336.SZ","001336","楚环科技","浙江","专用机械","chkj","主板","20220725","陈步东","民营企业","SZSE","L","杭州楚环科技股份有限公司","Hangzhou Chuhuan Science&Technology Company Limited"
"001337.SZ","001337","四川黄金","四川","黄金","schj","主板","20230303","四川省地质矿产勘查开发局","地方国企","SZSE","L","四川黄金股份有限公司","Sichuan Gold Co., Ltd."
"001338.SZ","001338","永顺泰","广东","啤酒","yst","主板","20221116","广东省人民政府国有资产监督管理委员会","地方国企","SZSE","L","粤海永顺泰集团股份有限公司","Gdh Supertime Group Company Limited"
"001339.SZ","001339","智微智能","深圳","IT设备","zwzn","主板","20220815","袁微微","民营企业","SZSE","L","深圳市智微智能科技股份有限公司","Jwipc Technology Co., Ltd."
"001356.SZ","001356","富岭股份","浙江","塑料","flgf","主板","20250123","江桂兰","民营企业","SZSE","L","富岭科技股份有限公司","Fuling Technology Co., Ltd"
"001358.SZ","001358","兴欣新材","浙江","化工原料","xxxc","主板","20231221","叶汀","民营企业","SZSE","L","绍兴兴欣新材料股份有限公司","Shaoxing Xingxin New Material Co.,Ltd."
"001359.SZ","001359","平安电工","湖北","矿物制品","padg","主板","20240328","潘渡江","民营企业","SZSE","L","湖北平安电工科技股份公司","Pamica Technology Corporation"
"001360.SZ","001360","南矿集团","江西","工程机械","nkjt","主板","20230410","李顺山","民营企业","SZSE","L","南昌矿机集团股份有限公司","Nanchang Mineral Systems Co., Ltd."
"001366.SZ","001366","播恩集团","江西","饲料","bejt","主板","20230307","邹新华","民营企业","SZSE","L","播恩集团股份有限公司","Boen Group Co., Ltd."
"001367.SZ","001367","海森药业","浙江","化学制药","hsyy","主板","20230410","王式跃","民营企业","SZSE","L","浙江海森药业股份有限公司","Zhejiang Haisen Pharmaceutical Co., Ltd."
"001368.SZ","001368","通达创智","福建","文教休闲","tdcz","主板","20230313","王亚华","外资企业","SZSE","L","通达创智(厦门)股份有限公司","Tongda Smart Tech (Xiamen) Co., Ltd."
"001373.SZ","001373","翔腾新材","江苏","元器件","xtxc","主板","20230601","张伟","民营企业","SZSE","L","江苏翔腾新材料股份有限公司","Jiangsu Topfly New Materials Co., Ltd."
"001376.SZ","001376","百通能源","江西","供气供热","btny","主板","20231103","张春龙","民营企业","SZSE","L","江西百通能源股份有限公司","Jiangxi Bestoo Energy Co.,Ltd."
"001378.SZ","001378","德冠新材","广东","塑料","dgxc","主板","20231030","罗维满","民营企业","SZSE","L","广东德冠薄膜新材料股份有限公司","Guangdong Decro Film New Materials Co., Ltd"
"001379.SZ","001379","腾达科技","山东","机械基件","tdkj","主板","20240119","陈佩君","民营企业","SZSE","L","山东腾达紧固科技股份有限公司","Shandong Tengda Fasten Tech. Co., Ltd."
"001380.SZ","001380","华纬科技","浙江","汽车配件","hwkj","主板","20230516","金雷","民营企业","SZSE","L","华纬科技股份有限公司","Hwaway Technology Corporation Limited"
"001382.SZ","001382","新亚电缆","广东","电气设备","xydl","主板","20250321","陈家锦","民营企业","SZSE","L","广东新亚光电缆股份有限公司","Guangdong Xinyaguang Cable Co.,Ltd."
"001387.SZ","001387","雪祺电气","安徽","家用电器","xqdq","主板","20240111","顾维","民营企业","SZSE","L","合肥雪祺电气股份有限公司","Hefei Snowky Electric Co.,Ltd."
"001388.SZ","001388","信通电子","山东","电气设备","xtdz","主板","20250701","李全用","民营企业","SZSE","L","山东信通电子股份有限公司","Shandong Senter Electronic Co.,Ltd."
"001389.SZ","001389","广合科技","广东","元器件","ghkj","主板","20240402","肖红星","民营企业","SZSE","L","广州广合科技股份有限公司","Delton Technology (Guangzhou) Inc."
"001390.SZ","001390","古麒绒材","安徽","纺织","gqrc","主板","20250529","谢玉成","民营企业","SZSE","L","安徽古麒绒材股份有限公司","Anhui Guqi Down&Feather Textile Incorporated"
"001391.SZ","001391","国货航","北京","仓储物流","ghh","主板","20241230","中国航空集团有限公司","中央国企","SZSE","L","中国国际货运航空股份有限公司","Air China Cargo Co., Ltd."
"001395.SZ","001395","亚联机械","吉林","专用机械","yljx","主板","20250127","郭西强","民营企业","SZSE","L","亚联机械股份有限公司","Yalian Machinery Co., Ltd."
"001400.SZ","001400","江顺科技","江苏","专用机械","jskj","主板","20250424","张理罡","民营企业","SZSE","L","江苏江顺精密科技集团股份有限公司","Giansun Precision Technology Group Co., Ltd."
"001696.SZ","001696","宗申动力","重庆","摩托车","zsdl","主板","19970306","","","SZSE","L","重庆宗申动力机械股份有限公司","Chongqing Zonsen Power Machinery Co.,Ltd"
"001872.SZ","001872","招商港口","深圳","港口","zsgk","主板","19930505","","","SZSE","L","招商局港口集团股份有限公司","China Merchants Port Group Co., Ltd."
"001896.SZ","001896","豫能控股","河南","火力发电","ynkg","主板","19980122","河南省财政厅","地方国企","SZSE","L","河南豫能控股股份有限公司","Henan Yuneng Holdings Co.,Ltd."
"001914.SZ","001914","招商积余","深圳","房产服务","zsjy","主板","19940928","无实际控制人","无","SZSE","L","招商局积余产业运营服务股份有限公司","China Merchants Property Operation & Service Co., Ltd."
"001965.SZ","001965","招商公路","天津","路桥","zsgl","主板","20171225","","","SZSE","L","招商局公路网络科技控股股份有限公司","China Merchants Expressway Network & Technology Holdings Co.,Ltd."
"001979.SZ","001979","招商蛇口","深圳","全国地产","zssk","主板","20151230","","","SZSE","L","招商局蛇口工业区控股股份有限公司","China Merchants Shekou Industrial Zone Holdings Co.,Ltd."
"002001.SZ","002001","新和成","浙江","化学制药","xhc","主板","20040625","","","SZSE","L","浙江新和成股份有限公司","Zhejiang Nhu Company Ltd."
"002003.SZ","002003","伟星股份","浙江","服饰","wxgf","主板","20040625","","","SZSE","L","浙江伟星实业发展股份有限公司","Zhejiang Weixing Industrial Development Co., Ltd."
"002004.SZ","002004","华邦健康","重庆","农药化肥","hbjk","主板","20040625","","","SZSE","L","华邦生命健康股份有限公司","Huapont Life Sciences Co.,Ltd."
"002005.SZ","002005","ST德豪","安徽","家用电器","stdh","主板","20040625","无实际控制人","无","SZSE","L","安徽德豪润达电气股份有限公司","Elec-Tech International Co., Ltd."
"002006.SZ","002006","精工科技","浙江","专用机械","jgkj","主板","20040625","方朝阳","民营企业","SZSE","L","浙江精工集成科技股份有限公司","Zhejiang Jinggong Integration Technology Co.,Ltd"
"002007.SZ","002007","华兰生物","河南","生物制药","hlsw","主板","20040625","","","SZSE","L","华兰生物工程股份有限公司","Hualan Biological Engineering,Inc."
"002008.SZ","002008","大族激光","深圳","专用机械","dzjg","主板","20040625","高云峰","外资企业","SZSE","L","大族激光科技产业集团股份有限公司","Han's Laser Technology Industry Group Co.,Ltd."
"002009.SZ","002009","天奇股份","江苏","工程机械","tqgf","主板","20040629","","","SZSE","L","天奇自动化工程股份有限公司","Miracle Automation Engineering Co.Ltd"
"002010.SZ","002010","传化智联","浙江","仓储物流","chzl","主板","20040629","徐冠巨","民营企业","SZSE","L","传化智联股份有限公司","Transfar Zhilian Co.,Ltd."
"002011.SZ","002011","盾安环境","浙江","家用电器","dahj","主板","20040705","无实际控制人","无","SZSE","L","浙江盾安人工环境股份有限公司","Zhejiang Dun'an Artificial Environment Co., Ltd"
"002012.SZ","002012","凯恩股份","浙江","造纸","kegf","主板","20040705","解直锟","民营企业","SZSE","L","浙江凯恩特种材料股份有限公司","Zhejiang Kan Specialities Material Co., Ltd."
"002014.SZ","002014","永新股份","安徽","塑料","yxgf","主板","20040708","","","SZSE","L","黄山永新股份有限公司","Huangshan Novel Co.,Ltd"
"002015.SZ","002015","协鑫能科","江苏","新型电力","xxnk","主板","20040708","朱共山","外资企业","SZSE","L","协鑫能源科技股份有限公司","Gcl Energy Technology Co.,Ltd."
"002016.SZ","002016","世荣兆业","广东","区域地产","srzy","主板","20040708","","","SZSE","L","广东世荣兆业股份有限公司","Guangdong Shirongzhaoye Co.,Ltd."
"002017.SZ","002017","东信和平","广东","通信设备","dxhp","主板","20040713","国务院国有资产监督管理委员会","中央国企","SZSE","L","东信和平科技股份有限公司","Eastcompeace Technology Co.,Ltd"
"002019.SZ","002019","亿帆医药","浙江","化学制药","yfyy","主板","20040713","","","SZSE","L","亿帆医药股份有限公司","Yifan Pharmaceutical Co.,Ltd."
"002020.SZ","002020","京新药业","浙江","化学制药","jxyy","主板","20040715","","","SZSE","L","浙江京新药业股份有限公司","Zhejiang Jingxin Pharmaceutical Co., Ltd."
"002021.SZ","002021","中捷资源","浙江","纺织机械","zjzy","主板","20040715","无实际控制人","无","SZSE","L","中捷资源投资股份有限公司","Zoje Resources Investment Co.,Ltd."
"002022.SZ","002022","科华生物","上海","医疗保健","khsw","主板","20040721","","","SZSE","L","上海科华生物工程股份有限公司","Shanghai Kehua Bio-Engineering Co., Ltd"
"002023.SZ","002023","海特高新","四川","航空","htgx","主板","20040721","李飚","民营企业","SZSE","L","四川海特高新技术股份有限公司","Sichuan Haite High-Tech Co., Ltd."
"002024.SZ","002024","ST易购","江苏","电器连锁","styg","主板","20040721","无实际控制人","无","SZSE","L","苏宁易购集团股份有限公司","Suning.Com Co.,Ltd."
"002025.SZ","002025","航天电器","贵州","元器件","htdq","主板","20040726","","","SZSE","L","贵州航天电器股份有限公司","Guizhou Space Appliance Co., Ltd"
"002026.SZ","002026","山东威达","山东","机械基件","sdwd","主板","20040727","杨桂模","民营企业","SZSE","L","山东威达机械股份有限公司","Shandong Weida Machinery Co.Ltd."
"002027.SZ","002027","分众传媒","上海","广告包装","fzcm","主板","20040804","江南春","外资企业","SZSE","L","分众传媒信息技术股份有限公司","Focus Media Information Technology Co., Ltd."
"002028.SZ","002028","思源电气","上海","电气设备","sydq","主板","20040805","","","SZSE","L","思源电气股份有限公司","Sieyuan Electric Co.,Ltd."
"002029.SZ","002029","七匹狼","福建","服饰","qpl","主板","20040806","","","SZSE","L","福建七匹狼实业股份有限公司","Fujian Septwolves Industry Co.,Ltd."
"002030.SZ","002030","达安基因","广东","医疗保健","dajy","主板","20040809","广州市人民政府","地方国企","SZSE","L","广州达安基因股份有限公司","Daan Gene Co.,Ltd"
"002031.SZ","002031","巨轮智能","广东","汽车配件","jlzn","主板","20040816","","","SZSE","L","巨轮智能装备股份有限公司","Greatoo Intelligent Equipment Inc."
"002032.SZ","002032","苏泊尔","浙江","家用电器","sbe","主板","20040817","SEB SA","外资企业","SZSE","L","浙江苏泊尔股份有限公司","Zhejiang Supor Co., Ltd."
"002033.SZ","002033","丽江股份","云南","旅游景点","ljgf","主板","20040825","","","SZSE","L","丽江玉龙旅游股份有限公司","Lijiang Yulong Tourism Co.,Ltd."
"002034.SZ","002034","旺能环境","浙江","环境保护","wnhj","主板","20040826","","","SZSE","L","旺能环境股份有限公司","Wangneng Environment Co.,Ltd"
"002035.SZ","002035","华帝股份","广东","家用电器","hdgf","主板","20040901","","","SZSE","L","华帝股份有限公司","Vatti Corporation Limited"
"002036.SZ","002036","联创电子","江西","元器件","lcdz","主板","20040903","韩盛龙","民营企业","SZSE","L","联创电子科技股份有限公司","LianChuang Electronic Technology Co.,Ltd"
"002037.SZ","002037","保利联合","贵州","化工原料","bllh","主板","20040908","","","SZSE","L","保利联合化工控股集团股份有限公司","Poly Union Chemical Holding Group Co.,Ltd."
"002038.SZ","002038","双鹭药业","北京","生物制药","slyy","主板","20040909","","","SZSE","L","北京双鹭药业股份有限公司","Beijing Sl Pharmaceutical Co., Ltd."
"002039.SZ","002039","黔源电力","贵州","水力发电","qydl","主板","20050303","","","SZSE","L","贵州黔源电力股份有限公司","Guizhou Qianyuan Power Co., Ltd."
"002040.SZ","002040","南京港","江苏","港口","njg","主板","20050325","江苏省政府国有资产监督管理委员会","地方国企","SZSE","L","南京港股份有限公司","Nanjing Port Co., Ltd."
"002041.SZ","002041","登海种业","山东","种植业","dhzy","主板","20050418","","","SZSE","L","山东登海种业股份有限公司","Shandong Denghai Seeds Co.,Ltd"
"002042.SZ","002042","华孚时尚","安徽","纺织","hfss","主板","20050427","","","SZSE","L","华孚时尚股份有限公司","Huafu Fashion Co., Ltd."
"002043.SZ","002043","兔宝宝","浙江","其他建材","tbb","主板","20050510","","","SZSE","L","德华兔宝宝装饰新材股份有限公司","Dehua TB New Decoration Material Co., Ltd."
"002044.SZ","002044","美年健康","浙江","医疗保健","mnjk","主板","20050518","","","SZSE","L","美年大健康产业控股股份有限公司","Meinian Onehealth Healthcare Holdings Co., Ltd."
"002045.SZ","002045","国光电器","广东","元器件","ggdq","主板","20050523","无实际控制人","无","SZSE","L","国光电器股份有限公司","Guoguang Electric Company Limited"
"002046.SZ","002046","国机精工","河南","机械基件","gjjg","主板","20050526","","","SZSE","L","国机精工集团股份有限公司","Sinomach Precision Industry Group Co., Ltd."
"002047.SZ","002047","*ST宝鹰","深圳","装修装饰","stby","主板","20050531","欧阳明","外资企业","SZSE","L","深圳市宝鹰建设控股集团股份有限公司","Shenzhen Bauing Construction Holding Group Co.,Ltd."
"002048.SZ","002048","宁波华翔","浙江","汽车配件","nbhx","主板","20050603","","","SZSE","L","宁波华翔电子股份有限公司","Ningbo Huaxiang Electronic Co., Ltd."
"002049.SZ","002049","紫光国微","河北","半导体","zggw","主板","20050606","无实际控制人","无","SZSE","L","紫光国芯微电子股份有限公司","Unigroup Guoxin Microelectronics Co., Ltd."
"002050.SZ","002050","三花智控","浙江","家用电器","shzk","主板","20050607","","","SZSE","L","浙江三花智能控制股份有限公司","Zhejiang Sanhua Intelligent Controls Co.,Ltd."
"002051.SZ","002051","中工国际","北京","建筑工程","zggj","主板","20060619","","","SZSE","L","中工国际工程股份有限公司","China Camc Engineering Co.,Ltd."
"002052.SZ","002052","同洲电子","深圳","家用电器","tzdz","主板","20060627","袁明","民营企业","SZSE","L","深圳市同洲电子股份有限公司","Shenzhen Coship Electronics Co.,Ltd."
"002053.SZ","002053","云南能投","云南","食品","ynnt","主板","20060627","","","SZSE","L","云南能源投资股份有限公司","Yunnan Energy Investment Co.,Ltd"
"002054.SZ","002054","德美化工","广东","染料涂料","dmhg","主板","20060725","","","SZSE","L","广东德美精细化工集团股份有限公司","Dymatic Chemicals,Inc."
"002055.SZ","002055","得润电子","深圳","元器件","drdz","主板","20060725","邱建民","民营企业","SZSE","L","深圳市得润电子股份有限公司","Shenzhen Deren Electronic Co.,Ltd."
"002056.SZ","002056","横店东磁","浙江","电气设备","hddc","主板","20060802","东阳市横店社团经济企业联合会","集体企业","SZSE","L","横店集团东磁股份有限公司","Hengdian Group Dmegc Magnetics Co., Ltd"
"002057.SZ","002057","中钢天源","安徽","矿物制品","zgty","主板","20060802","","","SZSE","L","中钢天源股份有限公司","Sinosteel New Materials Co., Ltd."
"002058.SZ","002058","*ST威尔","上海","电器仪表","stwe","主板","20060802","","","SZSE","L","上海威尔泰工业自动化股份有限公司","Shanghai Welltech Automation Co.,Ltd."
"002059.SZ","002059","云南旅游","云南","旅游景点","ynly","主板","20060810","","","SZSE","L","云南旅游股份有限公司","Yunnan Tourism Co., Ltd."
"002060.SZ","002060","广东建工","广东","建筑工程","gdjg","主板","20060810","","","SZSE","L","广东省建筑工程集团股份有限公司","Guangdong Construction Engineering Group Co., Ltd."
"002061.SZ","002061","浙江交科","浙江","建筑工程","zjjk","主板","20060816","","","SZSE","L","浙江交通科技股份有限公司","Zhejiang Communications Technology Co.,Ltd."
"002062.SZ","002062","宏润建设","浙江","建筑工程","hrjs","主板","20060816","","","SZSE","L","宏润建设集团股份有限公司","Hongrun Construction Group Co.,Ltd."
"002063.SZ","002063","远光软件","广东","软件服务","ygrj","主板","20060823","国务院国有资产监督管理委员会","中央国企","SZSE","L","远光软件股份有限公司","Ygsoft Inc."
"002064.SZ","002064","华峰化学","浙江","化纤","hfhx","主板","20060823","","","SZSE","L","华峰化学股份有限公司","Huafon Chemical Co., Ltd"
"002065.SZ","002065","东华软件","北京","软件服务","dhrj","主板","20060823","","","SZSE","L","东华软件股份公司","DHC Software Co.,Ltd."
"002066.SZ","002066","瑞泰科技","北京","其他建材","rtkj","主板","20060823","","","SZSE","L","瑞泰科技股份有限公司","Ruitai Materials Technology Co.,Ltd."
"002067.SZ","002067","景兴纸业","浙江","造纸","jxzy","主板","20060915","","","SZSE","L","浙江景兴纸业股份有限公司","Zhejiang Jingxing Paper Joint Stock Co.,Ltd."
"002068.SZ","002068","黑猫股份","江西","化工原料","hmgf","主板","20060915","景德镇市国有资产监督管理委员会","地方国企","SZSE","L","江西黑猫炭黑股份有限公司","Jiangxi Black Cat Carbon Black Inc.,Ltd"
"002069.SZ","002069","獐子岛","辽宁","渔业","zzd","主板","20060928","大连市人民政府国有资产监督管理委员会","地方国企","SZSE","L","獐子岛集团股份有限公司","Zoneco Group Co.,Ltd."
"002072.SZ","002072","凯瑞德","湖北","商贸代理","krd","主板","20061018","王健","民营企业","SZSE","L","凯瑞德控股股份有限公司","Kairuide Holding Co.,Ltd"
"002073.SZ","002073","软控股份","山东","专用机械","rkgf","主板","20061018","","","SZSE","L","软控股份有限公司","Mesnac Co.,Ltd."
"002074.SZ","002074","国轩高科","安徽","电气设备","gxgk","主板","20061018","李缜","民营企业","SZSE","L","国轩高科股份有限公司","Gotion High-Tech Co.,Ltd."
"002075.SZ","002075","沙钢股份","江苏","特种钢","sggf","主板","20061025","","","SZSE","L","江苏沙钢股份有限公司","Jiangsu Shagang Co., Ltd."
"002076.SZ","002076","*ST星光","广东","家用电器","stxg","主板","20061025","戴俊威","民营企业","SZSE","L","广东星光发展股份有限公司","Cnlight Co., Ltd"
"002077.SZ","002077","大港股份","江苏","半导体","dggf","主板","20061116","","","SZSE","L","江苏大港股份有限公司","Jiangsu Dagang Co.,Ltd."
"002078.SZ","002078","太阳纸业","山东","造纸","tyzy","主板","20061116","","","SZSE","L","山东太阳纸业股份有限公司","Shandong Sun Paper Co., Ltd."
"002079.SZ","002079","苏州固锝","江苏","电气设备","szgd","主板","20061116","","","SZSE","L","苏州固锝电子股份有限公司","Suzhou Good-Ark Electronics Co., Ltd."
"002080.SZ","002080","中材科技","江苏","玻璃","zckj","主板","20061120","","","SZSE","L","中材科技股份有限公司","Sinoma Science & Technology Co.,Ltd."
"002081.SZ","002081","金螳螂","江苏","装修装饰","jtl","主板","20061120","朱兴良","民营企业","SZSE","L","苏州金螳螂建筑装饰股份有限公司","Suzhou Gold Mantis Construction & Decoration Co.Ltd."
"002082.SZ","002082","万邦德","浙江","中成药","wbd","主板","20061120","","","SZSE","L","万邦德医药控股集团股份有限公司","Wanbangde Pharmaceutical Holding Group Co.,Ltd."
"002083.SZ","002083","孚日股份","山东","纺织","frgf","主板","20061124","高密市国有资产运营中心","地方国企","SZSE","L","孚日集团股份有限公司","Sunvim Group Co.,Ltd"
"002084.SZ","002084","海鸥住工","广东","家居用品","hozg","主板","20061124","唐台英","外资企业","SZSE","L","广州海鸥住宅工业股份有限公司","Guangzhou Seagull Kitchen and Bath Products Co.,Ltd."
"002085.SZ","002085","万丰奥威","浙江","汽车配件","wfaw","主板","20061128","","","SZSE","L","浙江万丰奥威汽轮股份有限公司","Zhejiang Wanfeng Auto Wheel Co.,Ltd."
"002086.SZ","002086","东方海洋","山东","渔业","dfhy","主板","20061128","","","SZSE","L","山东东方海洋科技股份有限公司","Shandong Oriental Ocean Sci-Tech Co.,Ltd."
"002088.SZ","002088","鲁阳节能","山东","矿物制品","lyjn","主板","20061130","","","SZSE","L","山东鲁阳节能材料股份有限公司","Luyang Energy-Saving Materials Co.,Ltd."
"002090.SZ","002090","金智科技","江苏","电气设备","jzkj","主板","20061208","无实际控制人","无","SZSE","L","江苏金智科技股份有限公司","Wiscom System Co.,Ltd."
"002091.SZ","002091","江苏国泰","江苏","商贸代理","jsgt","主板","20061208","","","SZSE","L","江苏国泰国际集团股份有限公司","Jiangsu Guotai International Group Co., Ltd."
"002092.SZ","002092","中泰化学","新疆","化工原料","zthx","主板","20061208","","","SZSE","L","新疆中泰化学股份有限公司","Xinjiang Zhongtai Chemical Co.,Ltd"
"002093.SZ","002093","国脉科技","福建","文教休闲","gmkj","主板","20061215","林惠榕","民营企业","SZSE","L","国脉科技股份有限公司","Guomai Technologies,Inc."
"002094.SZ","002094","青岛金王","山东","日用化工","qdjw","主板","20061215","","","SZSE","L","青岛金王应用化学股份有限公司","Qingdao Kingking Applied Chemistry Co.,Ltd"
"002095.SZ","002095","生意宝","浙江","互联网","syb","主板","20061215","","","SZSE","L","浙江网盛生意宝股份有限公司","Zhejiang Netsun Co.,Ltd"
"002096.SZ","002096","易普力","湖南","化工原料","ypl","主板","20061222","湖南省人民政府国有资产监督管理委员会","地方国企","SZSE","L","易普力股份有限公司","Explosive Co.,Ltd"
"002097.SZ","002097","山河智能","湖南","工程机械","shzn","主板","20061222","广州市人民政府","地方国企","SZSE","L","山河智能装备股份有限公司","Sunward Intelligent Equipment Co.,Ltd."
"002098.SZ","002098","浔兴股份","福建","服饰","xxgf","主板","20061222","","","SZSE","L","福建浔兴拉链科技股份有限公司","Fujian SBS Zipper Science & Technology Co., Ltd."
"002099.SZ","002099","海翔药业","浙江","化学制药","hxyy","主板","20061226","王云富","民营企业","SZSE","L","浙江海翔药业股份有限公司","Zhejiang Hisoar Pharmaceutical Co.,Ltd."
"002100.SZ","002100","天康生物","新疆","饲料","tksw","主板","20061226","新疆生产建设兵团国有资产经营有限责任公司","地方国企","SZSE","L","天康生物股份有限公司","Tecon Biology Co.Ltd"
"002101.SZ","002101","广东鸿图","广东","汽车配件","gdht","主板","20061229","","","SZSE","L","广东鸿图科技股份有限公司","Guangdong Hongtu Technology(Holdings) Co.,Ltd"
"002102.SZ","002102","能特科技","湖北","化学制药","ntkj","主板","20061229","林福椿","民营企业","SZSE","L","湖北能特科技股份有限公司","Hubei Nengter Technology Co.,Ltd"
"002103.SZ","002103","广博股份","浙江","文教休闲","gbgf","主板","20070110","","","SZSE","L","广博集团股份有限公司","Guangbo Group Stock Co.,Ltd"
"002104.SZ","002104","恒宝股份","江苏","通信设备","hbgf","主板","20070110","","","SZSE","L","恒宝股份有限公司","Hengbao Co.,Ltd."
"002105.SZ","002105","信隆健康","深圳","摩托车","xljk","主板","20070112","廖学金","外资企业","SZSE","L","深圳信隆健康产业发展股份有限公司","Hl Corp (Shenzhen)"
"002106.SZ","002106","莱宝高科","深圳","元器件","lbgk","主板","20070112","","","SZSE","L","深圳莱宝高科技股份有限公司","Shenzhen Laibao Hi-Tech Co., Ltd."
"002107.SZ","002107","沃华医药","山东","中成药","whyy","主板","20070124","","","SZSE","L","山东沃华医药科技股份有限公司","Shandong Wohua Pharmaceutical Co., Ltd."
"002108.SZ","002108","沧州明珠","河北","塑料","czmz","主板","20070124","于桂亭","民营企业","SZSE","L","沧州明珠塑料股份有限公司","Cangzhou Mingzhu Plastic Co.,Ltd."
"002109.SZ","002109","兴化股份","陕西","化工原料","xhgf","主板","20070126","","","SZSE","L","陕西兴化化学股份有限公司","Shaanxi Xinghua Chemistry Co.,Ltd"
"002110.SZ","002110","三钢闽光","福建","普钢","sgmg","主板","20070126","","","SZSE","L","福建三钢闽光股份有限公司","Sansteel Minguang Co.,Ltd.,Fujian"
"002111.SZ","002111","威海广泰","山东","航空","whgt","主板","20070126","李光太","民营企业","SZSE","L","威海广泰空港设备股份有限公司","Weihai Guangtai Airport Equipment Co.,Ltd"
"002112.SZ","002112","三变科技","浙江","电气设备","sbkj","主板","20070208","三门县人民政府","地方国企","SZSE","L","三变科技股份有限公司","Sanbian Sci Tech Co.,Ltd"
"002114.SZ","002114","罗平锌电","云南","铅锌","lpxd","主板","20070215","罗平县国有资产监督管理委员会","地方国企","SZSE","L","云南罗平锌电股份有限公司","Yunnan Luoping Zinc&Electricity Co., Ltd."
"002115.SZ","002115","三维通信","浙江","互联网","swtx","主板","20070215","李越伦","民营企业","SZSE","L","三维通信股份有限公司","Sunwave Communications Co. Ltd"
"002116.SZ","002116","中国海诚","上海","建筑工程","zghc","主板","20070215","","","SZSE","L","中国海诚工程科技股份有限公司","China Haisum Engineering Co.,Ltd."
"002117.SZ","002117","东港股份","山东","广告包装","dggf","主板","20070302","谷望江","外资企业","SZSE","L","东港股份有限公司","Tungkong Inc."
"002119.SZ","002119","康强电子","浙江","半导体","kqdz","主板","20070302","熊续强","外资企业","SZSE","L","宁波康强电子股份有限公司","Ningbo Kangqiang Electronics Co., Ltd"
"002120.SZ","002120","韵达股份","浙江","仓储物流","ydgf","主板","20070306","","","SZSE","L","韵达控股集团股份有限公司","YUNDA Holding Group Co.,Ltd."
"002121.SZ","002121","科陆电子","深圳","电器仪表","kldz","主板","20070306","深圳市资本运营集团有限公司","地方国企","SZSE","L","深圳市科陆电子科技股份有限公司","ShenZhen Clou Electronics Co., Ltd."
"002122.SZ","002122","汇洲智能","浙江","机床制造","hzzn","主板","20070328","无实际控制人","无","SZSE","L","汇洲智能技术集团股份有限公司","HuiZhou Intelligence Technology Group Co., Ltd"
"002123.SZ","002123","梦网科技","辽宁","互联网","mwkj","主板","20070328","","","SZSE","L","梦网云科技集团股份有限公司","Montnets Cloud Technology Group Co.,Ltd"
"002124.SZ","002124","天邦食品","浙江","农业综合","tbsp","主板","20070403","","","SZSE","L","天邦食品股份有限公司","Tech-Bank Food Co.,Ltd."
"002125.SZ","002125","湘潭电化","湖南","化工原料","xtdh","主板","20070403","湘潭市人民政府国有资产监督管理委员会","地方国企","SZSE","L","湘潭电化科技股份有限公司","Xiangtan Electrochemical Scientific Co.,Ltd"
"002126.SZ","002126","银轮股份","浙江","汽车配件","ylgf","主板","20070418","","","SZSE","L","浙江银轮机械股份有限公司","Zhejiang Yinlun Machinery Co.,Ltd."
"002127.SZ","002127","南极电商","江苏","互联网","njds","主板","20070418","蒋学明","外资企业","SZSE","L","南极电商股份有限公司","Nanji E-Commerce Co., Ltd"
"002128.SZ","002128","电投能源","内蒙","铝","dtny","主板","20070418","","","SZSE","L","内蒙古电投能源股份有限公司","Inner Mongolia Dian Tou Energy Corporation Limited"
"002129.SZ","002129","TCL中环","天津","电气设备","tclzh","主板","20070420","无实际控制人","无","SZSE","L","TCL中环新能源科技股份有限公司","TCL Zhonghuan Renewable Energy Technology Co.,Ltd"
"002130.SZ","002130","沃尔核材","深圳","电气设备","wehc","主板","20070420","无实际控制人","无","SZSE","L","深圳市沃尔核材股份有限公司","Shenzhen Woer Heat-Shrinkable Material Co.,Ltd."
"002131.SZ","002131","利欧股份","浙江","互联网","logf","主板","20070427","王相荣","民营企业","SZSE","L","利欧集团股份有限公司","LEO Group Co.,Ltd."
"002132.SZ","002132","恒星科技","河南","钢加工","hxkj","主板","20070427","","","SZSE","L","河南恒星科技股份有限公司","Henan Hengxing Science & Technology CO.,LTD."
"002133.SZ","002133","广宇集团","浙江","全国地产","gyjt","主板","20070427","","","SZSE","L","广宇集团股份有限公司","Cosmos Group Co.,Ltd."
"002134.SZ","002134","天津普林","天津","元器件","tjpl","主板","20070516","无实际控制人","无","SZSE","L","天津普林电路股份有限公司","Tianjin Printronics Circuit Corporation"
"002135.SZ","002135","东南网架","浙江","钢加工","dnwj","主板","20070530","","","SZSE","L","浙江东南网架股份有限公司","Zhejiang Southeast Space Frame Co.,Ltd"
"002136.SZ","002136","安纳达","安徽","化工原料","and","主板","20070530","无实际控制人","无","SZSE","L","安徽安纳达钛业股份有限公司","Anhui Annada Titanium Industry Co.,Ltd."
"002137.SZ","002137","实益达","深圳","元器件","syd","主板","20070613","","","SZSE","L","深圳市实益达科技股份有限公司","Shenzhen Sea Star Technology Co., Ltd"
"002138.SZ","002138","顺络电子","深圳","元器件","sldz","主板","20070613","倪秉达","外资企业","SZSE","L","深圳顺络电子股份有限公司","Shenzhen Sunlord Electronics Co.,Ltd."
"002139.SZ","002139","拓邦股份","深圳","元器件","tbgf","主板","20070629","","","SZSE","L","深圳拓邦股份有限公司","Shenzhen Topband Co.,Ltd"
"002140.SZ","002140","东华科技","安徽","建筑工程","dhkj","主板","20070712","中国化学工程集团有限公司","中央国企","SZSE","L","东华工程科技股份有限公司","East China Engineering Science and Technology Co., Ltd."
"002141.SZ","002141","贤丰控股","广东","农业综合","xfkg","主板","20070720","","","SZSE","L","贤丰控股股份有限公司","Infund Holding Co., Ltd."
"002142.SZ","002142","宁波银行","浙江","银行","nbyh","主板","20070719","","","SZSE","L","宁波银行股份有限公司","Bank of Ningbo Co.,Ltd."
"002144.SZ","002144","宏达高科","浙江","纺织","hdgk","主板","20070803","","","SZSE","L","宏达高科控股股份有限公司","Hongda High-Tech Holding Co.,Ltd."
"002145.SZ","002145","中核钛白","甘肃","化工原料","zhtb","主板","20070803","王泽龙","民营企业","SZSE","L","中核华原钛白股份有限公司","Cnnc Hua Yuan Titanium Dioxide Co.,Ltd"
"002146.SZ","002146","荣盛发展","河北","全国地产","rsfz","主板","20070808","","","SZSE","L","荣盛房地产发展股份有限公司","RiseSun Real Estate Development Co.,Ltd."
"002148.SZ","002148","北纬科技","北京","互联网","bwkj","主板","20070810","","","SZSE","L","北京北纬通信科技股份有限公司","Beijing Bewinner Communications Co.,Ltd."
"002149.SZ","002149","西部材料","陕西","小金属","xbcl","主板","20070810","","","SZSE","L","西部金属材料股份有限公司","Western Metal Materials Co.,Ltd"
"002150.SZ","002150","通润装备","江苏","机械基件","trzb","主板","20070810","南存辉","民营企业","SZSE","L","江苏通润装备科技股份有限公司","Jiangsu Tongrun Equipment Technology Co.,Ltd"
"002151.SZ","002151","北斗星通","北京","通信设备","bdxt","主板","20070813","","","SZSE","L","北京北斗星通导航技术股份有限公司","Beijing Bdstar Navigation Co.,Ltd"
"002152.SZ","002152","广电运通","广东","IT设备","gdyt","主板","20070813","","","SZSE","L","广电运通集团股份有限公司","GRG Banking Equipment Co.,Ltd."
"002153.SZ","002153","石基信息","北京","软件服务","sjxx","主板","20070813","","","SZSE","L","北京中长石基信息技术股份有限公司","Beijing Shiji Information Technology Co., Ltd."
"002154.SZ","002154","报喜鸟","浙江","服饰","bxn","主板","20070816","","","SZSE","L","报喜鸟控股股份有限公司","Baoxiniao Holding Co.,Ltd."
"002155.SZ","002155","湖南黄金","湖南","黄金","hnhj","主板","20070816","","","SZSE","L","湖南黄金股份有限公司","Hunan Gold Corporation Limited"
"002156.SZ","002156","通富微电","江苏","半导体","tfwd","主板","20070816","","","SZSE","L","通富微电子股份有限公司","Tongfu Microelectronics Co.,Ltd"
"002157.SZ","002157","正邦科技","江西","农业综合","zbkj","主板","20070817","","","SZSE","L","江西正邦科技股份有限公司","Jiangxi Zhengbang Technology Co.Ltd"
"002158.SZ","002158","汉钟精机","上海","工程机械","hzjj","主板","20070817","廖哲男","外资企业","SZSE","L","上海汉钟精机股份有限公司","Shanghai Hanbell Precise Machinery Co.,Ltd."
"002159.SZ","002159","三特索道","湖北","旅游服务","stsd","主板","20070817","武汉东湖新技术开发区管理委员会","地方国企","SZSE","L","武汉三特索道集团股份有限公司","Wuhan Sante Cableway Group Co.,Ltd"
"002160.SZ","002160","常铝股份","江苏","铝","clgf","主板","20070821","济南市人民政府国有资产监督管理委员会","地方国企","SZSE","L","江苏常铝铝业集团股份有限公司","Jiangsu Alcha Aluminium Group Co., Ltd."
"002161.SZ","002161","远望谷","深圳","通信设备","ywg","主板","20070821","","","SZSE","L","深圳市远望谷信息技术股份有限公司","Invengo Information Technology Co., Ltd."
"002162.SZ","002162","悦心健康","上海","陶瓷","yxjk","主板","20070823","李慈雄","外资企业","SZSE","L","上海悦心健康集团股份有限公司","Everjoy Health Group Co.,Ltd."
"002163.SZ","002163","海南发展","深圳","装修装饰","hnfz","主板","20070823","中国航空工业集团有限公司","中央国企","SZSE","L","海控南海发展股份有限公司","Hainan Development Holdings Nanhai Co.,Ltd."
"002164.SZ","002164","宁波东力","浙江","机械基件","nbdl","主板","20070823","","","SZSE","L","宁波东力股份有限公司","Ningbo Donly Co.,Ltd"
"002165.SZ","002165","红宝丽","江苏","化工原料","hbl","主板","20070913","芮益民","民营企业","SZSE","L","红宝丽集团股份有限公司","Hongbaoli Group Corporation, Ltd."
"002166.SZ","002166","莱茵生物","广西","中成药","lysw","主板","20070913","","","SZSE","L","桂林莱茵生物科技股份有限公司","Guilin Layn Natural Ingredients Corp."
"002167.SZ","002167","东方锆业","广东","小金属","dfgy","主板","20070913","许刚","民营企业","SZSE","L","广东东方锆业科技股份有限公司","Guangdong Orient Zirconic Ind Sci & Tech Co.,Ltd"
"002168.SZ","002168","*ST惠程","重庆","电气设备","sthc","主板","20070919","重庆市璧山区财政局","地方国企","SZSE","L","重庆惠程信息科技股份有限公司","Chongqing Hifuture Information Technology Co., Ltd."
"002169.SZ","002169","智光电气","广东","电气设备","zgdq","主板","20070919","李永喜","民营企业","SZSE","L","广州智光电气股份有限公司","Guangzhou Zhiguang Electric Co.,Ltd"
"002170.SZ","002170","芭田股份","深圳","农药化肥","btgf","主板","20070919","黄培钊","民营企业","SZSE","L","深圳市芭田生态工程股份有限公司","Shenzhen Batian Ecotypic Engineering Co.,Ltd"
"002171.SZ","002171","楚江新材","安徽","铜","cjxc","主板","20070921","","","SZSE","L","安徽楚江科技新材料股份有限公司","Anhui Truchum Advanced Materials and Technology Co.,Ltd."
"002172.SZ","002172","澳洋健康","江苏","医疗保健","ayjk","主板","20070921","","","SZSE","L","江苏澳洋健康产业股份有限公司","Jiangsu Aoyang Health Industry Co.Ltd."
"002173.SZ","002173","创新医疗","浙江","医疗保健","cxyl","主板","20070925","陈夏英","民营企业","SZSE","L","创新医疗管理股份有限公司","Innovative Medical Management Co.,Ltd."
"002174.SZ","002174","游族网络","福建","互联网","yzwl","主板","20070925","无实际控制人","无","SZSE","L","游族网络股份有限公司","YOOZOO Interactive CO., LTD."
"002175.SZ","002175","东方智造","广西","电器仪表","dfzz","主板","20071012","无实际控制人","无","SZSE","L","广西东方智造科技股份有限公司","Guangxi Oriental Intelligent Manufacturing Technology Co., Ltd."
"002176.SZ","002176","江特电机","江西","小金属","jtdj","主板","20071012","","","SZSE","L","江西特种电机股份有限公司","Jiangxi Special Electric Motor Co.,Ltd"
"002177.SZ","002177","御银股份","广东","其他商业","yygf","主板","20071101","","","SZSE","L","广州御银科技股份有限公司","Guangzhou Kingteller Technology Co.,Ltd."
"002178.SZ","002178","延华智能","上海","软件服务","yhzn","主板","20071101","无实际控制人","无","SZSE","L","上海延华智能科技(集团)股份有限公司","Shanghai Yanhua Smartech Group Co., Ltd."
"002179.SZ","002179","中航光电","河南","元器件","zhgd","主板","20071101","","","SZSE","L","中航光电科技股份有限公司","Jonhon Optronic Technology Co.,Ltd"
"002180.SZ","002180","纳思达","广东","IT设备","nsd","主板","20071113","","","SZSE","L","纳思达股份有限公司","Ninestar Corporation"
"002181.SZ","002181","粤传媒","广东","出版业","ycm","主板","20071116","","","SZSE","L","广东广州日报传媒股份有限公司","Guangdong Guangzhou Daily Media Co., Ltd."
"002182.SZ","002182","宝武镁业","江苏","小金属","bwmy","主板","20071113","","","SZSE","L","宝武镁业科技股份有限公司","Baowu Magnesium Technology Co., Ltd."
"002183.SZ","002183","怡亚通","深圳","仓储物流","yyt","主板","20071113","深圳市人民政府国有资产监督管理委员会","地方国企","SZSE","L","深圳市怡亚通供应链股份有限公司","Eternal Asia Supply Chain Management Ltd."
"002184.SZ","002184","海得控制","上海","机械基件","hdkz","主板","20071116","许泓","民营企业","SZSE","L","上海海得控制系统股份有限公司","Shanghai Hi-Tech Control System Co.,Ltd."
"002185.SZ","002185","华天科技","甘肃","半导体","htkj","主板","20071120","","","SZSE","L","天水华天科技股份有限公司","Tianshui Huatian Technology Co., Ltd."
"002186.SZ","002186","全聚德","北京","酒店餐饮","qjd","主板","20071120","","","SZSE","L","中国全聚德(集团)股份有限公司","China Quanjude(Group) Co.,Ltd."
"002187.SZ","002187","广百股份","广东","百货","gbgf","主板","20071122","","","SZSE","L","广州市广百股份有限公司","Guangzhou Grandbuy Co.,Ltd"
"002188.SZ","002188","中天服务","浙江","房产服务","ztfw","主板","20071122","","","SZSE","L","中天服务股份有限公司","Zhongtian Service Co.,Ltd."
"002189.SZ","002189","中光学","河南","元器件","zgx","主板","20071203","中国兵器装备集团公司(中国南方工业集团公司)","中央国企","SZSE","L","中光学集团股份有限公司","Costar Group Co., Ltd."
"002190.SZ","002190","成飞集成","四川","汽车配件","cfjc","主板","20071203","","","SZSE","L","四川成飞集成科技股份有限公司","Sichuan Chengfei Integration Technology Corp.Ltd"
"002191.SZ","002191","劲嘉股份","深圳","广告包装","jjgf","主板","20071205","","","SZSE","L","深圳劲嘉集团股份有限公司","Shenzhen Jinjia Group Co.,Ltd."
"002192.SZ","002192","融捷股份","广东","小金属","rjgf","主板","20071205","","","SZSE","L","融捷股份有限公司","Youngy Co., Ltd."
"002193.SZ","002193","如意集团","山东","纺织","ryjt","主板","20071207","","","SZSE","L","山东如意毛纺服装集团股份有限公司","Shandong Ruyi Woolen Garment Group Co., Ltd."
"002194.SZ","002194","武汉凡谷","湖北","通信设备","whfg","主板","20071207","","","SZSE","L","武汉凡谷电子技术股份有限公司","Wuhan Fingu Electronic Technology Co., Ltd"
"002195.SZ","002195","岩山科技","上海","软件服务","yskj","主板","20071212","傅耀华","民营企业","SZSE","L","上海岩山科技股份有限公司","Shanghai Stonehill Technology Co., Ltd."
"002196.SZ","002196","方正电机","浙江","纺织机械","fzdj","主板","20071212","无实际控制人","无","SZSE","L","浙江方正电机股份有限公司","Zhejiang Founder Motor Co., Ltd."
"002197.SZ","002197","ST证通","深圳","IT设备","stzt","主板","20071218","曾胜强","民营企业","SZSE","L","深圳市证通电子股份有限公司","SZZT Electronics CO.,LTD"
"002198.SZ","002198","嘉应制药","广东","中成药","jyzy","主板","20071218","","","SZSE","L","广东嘉应制药股份有限公司","Guangdong Jiaying Pharmaceutical Co.,Ltd"
"002199.SZ","002199","*ST东晶","浙江","元器件","stdj","主板","20071221","无实际控制人","无","SZSE","L","浙江东晶电子股份有限公司","Zhejiang East Crystal Electronic Co.,Ltd"
"002200.SZ","002200","*ST交投","云南","建筑工程","stjt","主板","20071221","","","SZSE","L","云南交投生态科技股份有限公司","YCIC Eco-Technology Co.,Ltd."
"002201.SZ","002201","九鼎新材","江苏","玻璃","jdxc","主板","20071226","王文银","民营企业","SZSE","L","江苏九鼎新材料股份有限公司","Jiangsu Jiuding New Material Co.,Ltd."
"002202.SZ","002202","金风科技","新疆","电气设备","jfkj","主板","20071226","","","SZSE","L","金风科技股份有限公司","Goldwind Science&Technology Co., Ltd."
"002203.SZ","002203","海亮股份","浙江","铜","hlgf","主板","20080116","","","SZSE","L","浙江海亮股份有限公司","Zhejiang Hailiang Co., Ltd"
"002204.SZ","002204","大连重工","辽宁","专用机械","dlzg","主板","20080116","大连市人民政府国有资产监督管理委员会","地方国企","SZSE","L","大连华锐重工集团股份有限公司","Dalian Huarui Heavy Industry Group Co., Ltd."
"002205.SZ","002205","国统股份","新疆","水泥","gtgf","主板","20080123","国务院国有资产监督管理委员会","中央国企","SZSE","L","新疆国统管道股份有限公司","Xinjiang Guotong Pipeline Co.,Ltd"
"002206.SZ","002206","海利得","浙江","化纤","hld","主板","20080123","","","SZSE","L","浙江海利得新材料股份有限公司","Zhejiang Hailide New Material Co.,Ltd"
"002207.SZ","002207","准油股份","新疆","石油开采","zygf","主板","20080128","","","SZSE","L","新疆准东石油技术股份有限公司","Xinjiang Zhundong Petroleum Technology Co.,Ltd."
"002208.SZ","002208","合肥城建","安徽","区域地产","hfcj","主板","20080128","合肥市人民政府国有资产监督管理委员会","地方国企","SZSE","L","合肥城建发展股份有限公司","Hefei Urban Construction Development Co., Ltd"
"002209.SZ","002209","达意隆","广东","轻工机械","dyl","主板","20080130","","","SZSE","L","广州达意隆包装机械股份有限公司","Guangzhou Tech-Long Packaging Machinery Co.,Ltd."
"002210.SZ","002210","飞马国际","深圳","环境保护","fmgj","主板","20080130","刘永好","民营企业","SZSE","L","深圳市飞马国际供应链股份有限公司","Shenzhen Feima International Supply Chain Co.,Ltd"
"002211.SZ","002211","ST宏达","上海","橡胶","sthd","主板","20080201","朱恩伟","民营企业","SZSE","L","上海宏达新材料股份有限公司","Shanghai Hongda New Material Co., Ltd."
"002212.SZ","002212","天融信","广东","软件服务","trx","主板","20080201","无实际控制人","无","SZSE","L","天融信科技集团股份有限公司","Topsec Technologies Group Inc."
"002213.SZ","002213","大为股份","深圳","半导体","dwgf","主板","20080201","连宗敏","民营企业","SZSE","L","深圳市大为创新科技股份有限公司","Shenzhen Dawei Innovation Technology Co., Ltd."
"002214.SZ","002214","*ST大立","浙江","电器仪表","stdl","主板","20080218","","","SZSE","L","浙江大立科技股份有限公司","Zhejiang Dali Technology Co.,Ltd"
"002215.SZ","002215","诺普信","深圳","农药化肥","npx","主板","20080218","","","SZSE","L","深圳诺普信作物科学股份有限公司","Shenzhen Noposion Crop Science Co.,Ltd"
"002216.SZ","002216","三全食品","河南","食品","sqsp","主板","20080220","","","SZSE","L","三全食品股份有限公司","Sanquan Food Co. ,Ltd"
"002217.SZ","002217","合力泰","福建","元器件","hlt","主板","20080220","","","SZSE","L","合力泰科技股份有限公司","Holitech Technology Co., Ltd."
"002218.SZ","002218","拓日新能","深圳","新型电力","trxn","主板","20080228","","","SZSE","L","深圳市拓日新能源科技股份有限公司","Shenzhen Topraysolar Co.,Ltd."
"002219.SZ","002219","新里程","甘肃","医疗保健","xlc","主板","20080306","郭宇超","民营企业","SZSE","L","新里程健康科技集团股份有限公司","New Journey Health Technology Group Co.,Ltd"
"002221.SZ","002221","东华能源","江苏","石油加工","dhny","主板","20080306","","","SZSE","L","东华能源股份有限公司","Oriental Energy Company Limited"
"002222.SZ","002222","福晶科技","福建","元器件","fjkj","主板","20080319","","","SZSE","L","福建福晶科技股份有限公司","CASTECH Inc."
"002223.SZ","002223","鱼跃医疗","江苏","医疗保健","yyyl","主板","20080418","吴光明","民营企业","SZSE","L","江苏鱼跃医疗设备股份有限公司","Jiangsu Yuyue Medical Equipment & Supply Co.,Ltd."
"002224.SZ","002224","三力士","浙江","橡胶","sls","主板","20080425","金玉中","民营企业","SZSE","L","三力士股份有限公司","Sanlux Co.,Ltd"
"002225.SZ","002225","濮耐股份","河南","其他建材","pngf","主板","20080425","","","SZSE","L","濮阳濮耐高温材料(集团)股份有限公司","Puyang Refractories Group Co.,Ltd."
"002226.SZ","002226","江南化工","安徽","化工原料","jnhg","主板","20080506","中国兵器工业集团有限公司","中央国企","SZSE","L","安徽江南化工股份有限公司","Anhui Jiangnan Chemical Industry Co.,Ltd."
"002227.SZ","002227","奥特迅","深圳","电气设备","atx","主板","20080506","廖晓霞","外资企业","SZSE","L","深圳奥特迅电力设备股份有限公司","Shenzhen Auto Electric Power Plant Co.,Ltd"
"002228.SZ","002228","合兴包装","福建","广告包装","hxbz","主板","20080508","","","SZSE","L","厦门合兴包装印刷股份有限公司","Xiamen Hexing Packaging Printing Co.,Ltd"
"002229.SZ","002229","鸿博股份","福建","广告包装","hbgf","主板","20080508","尤丽娟","民营企业","SZSE","L","鸿博股份有限公司","Hongbo Co.,Ltd."
"002230.SZ","002230","科大讯飞","安徽","软件服务","kdxf","主板","20080512","","","SZSE","L","科大讯飞股份有限公司","Iflytek Co.,Ltd"
"002231.SZ","002231","*ST奥维","辽宁","通信设备","staw","主板","20080512","单川","民营企业","SZSE","L","奥维通信股份有限公司","Allwin Telecommunication Co., Ltd"
"002232.SZ","002232","启明信息","吉林","软件服务","qmxx","主板","20080509","","","SZSE","L","启明信息技术股份有限公司","Qiming Information Technology Co.,Ltd"
"002233.SZ","002233","塔牌集团","广东","水泥","tpjt","主板","20080516","","","SZSE","L","广东塔牌集团股份有限公司","Guangdong Tapai Group Co.,Ltd."
"002234.SZ","002234","民和股份","山东","农业综合","mhgf","主板","20080516","孙希民","民营企业","SZSE","L","山东民和牧业股份有限公司","Shandong Minhe Animal Husbandry Co., Ltd."
"002235.SZ","002235","安妮股份","福建","造纸","angf","主板","20080516","","","SZSE","L","厦门安妮股份有限公司","Xiamen Anne Co.,Ltd."
"002236.SZ","002236","大华股份","浙江","IT设备","dhgf","主板","20080520","傅利泉","民营企业","SZSE","L","浙江大华技术股份有限公司","Zhejiang Dahua Technology Co.,Ltd."
"002237.SZ","002237","恒邦股份","山东","黄金","hbgf","主板","20080520","江西省国有资产监督管理委员会","地方国企","SZSE","L","山东恒邦冶炼股份有限公司","Shandong Humon Smelting Co.,Ltd"
"002238.SZ","002238","天威视讯","深圳","影视音像","twsx","主板","20080526","","","SZSE","L","深圳市天威视讯股份有限公司","Shenzhen Topway Video Communication Co., Ltd"
"002239.SZ","002239","奥特佳","江苏","汽车配件","atj","主板","20080522","王进飞","民营企业","SZSE","L","奥特佳新能源科技集团股份有限公司","Aotecar New Energy Technology Group Co., Ltd."
"002240.SZ","002240","盛新锂能","四川","小金属","sxln","主板","20080523","","","SZSE","L","盛新锂能集团股份有限公司","Chengxin Lithium Group Co.,Ltd."
"002241.SZ","002241","歌尔股份","山东","元器件","gegf","主板","20080522","","","SZSE","L","歌尔股份有限公司","Goertek Inc."
"002242.SZ","002242","九阳股份","山东","家用电器","jygf","主板","20080528","","","SZSE","L","九阳股份有限公司","Joyoung Co.,Ltd."
"002243.SZ","002243","力合科创","深圳","广告包装","lhkc","主板","20080528","深圳市人民政府国有资产监督管理委员会","地方国企","SZSE","L","深圳市力合科创股份有限公司","Shenzhen Leaguer Co.,Ltd."
"002244.SZ","002244","滨江集团","浙江","区域地产","bjjt","主板","20080529","戚金兴","民营企业","SZSE","L","杭州滨江房产集团股份有限公司","Hangzhou Binjiang Real Estate Group Co.,Ltd."
"002245.SZ","002245","蔚蓝锂芯","江苏","电气设备","wllx","主板","20080605","CHEN KAI","外资企业","SZSE","L","江苏蔚蓝锂芯集团股份有限公司","Jiangsu Azure Corporation"
"002246.SZ","002246","北化股份","四川","化工原料","bhgf","主板","20080605","","","SZSE","L","北方化学工业股份有限公司","North Chemical Industries Co., Ltd."
"002247.SZ","002247","聚力文化","浙江","其他建材","jlwh","主板","20080612","姜飞雄","民营企业","SZSE","L","浙江聚力文化发展股份有限公司","Zhejiang Juli Culture Development Co.,Ltd."
"002248.SZ","002248","华东数控","山东","机床制造","hdsk","主板","20080612","","","SZSE","L","威海华东数控股份有限公司","Weihai Huadong Automation Co.,Ltd"
"002249.SZ","002249","大洋电机","广东","电气设备","dydj","主板","20080619","鲁楚平","民营企业","SZSE","L","中山大洋电机股份有限公司","Zhongshan Broad-Ocean Motor Co.,Ltd"
"002250.SZ","002250","联化科技","浙江","化工原料","lhkj","主板","20080619","","","SZSE","L","联化科技股份有限公司","Lianhe Chemical Technology Co.,Ltd."
"002251.SZ","002251","步步高","湖南","超市连锁","bbg","主板","20080619","湘潭市人民政府国有资产监督管理委员会","地方国企","SZSE","L","步步高商业连锁股份有限公司","Better Life Commercial Chain Share Co.,Ltd"
"002252.SZ","002252","上海莱士","上海","生物制药","shls","主板","20080623","黄凯","外资企业","SZSE","L","上海莱士血液制品股份有限公司","Shanghai Raas Blood Products Co., Ltd."
"002253.SZ","002253","*ST智胜","四川","软件服务","stzs","主板","20080623","","","SZSE","L","四川川大智胜软件股份有限公司","Wisesoft Co.,Ltd."
"002254.SZ","002254","泰和新材","山东","化纤","thxc","主板","20080625","","","SZSE","L","泰和新材集团股份有限公司","Tayho Advanced Materials Group Co.,Ltd."
"002255.SZ","002255","海陆重工","江苏","专用机械","hlzg","主板","20080625","","","SZSE","L","苏州海陆重工股份有限公司","Suzhou Hailu Heavy Industry Co.,Ltd"
"002256.SZ","002256","兆新股份","深圳","新型电力","zxgf","主板","20080625","陈永弟","民营企业","SZSE","L","深圳市兆新能源股份有限公司","Shenzhen Sunrise New Energy Co., Ltd."
"002258.SZ","002258","利尔化学","四川","农药化肥","lehx","主板","20080708","","","SZSE","L","利尔化学股份有限公司","Lier Chemical Co.,Ltd."
"002259.SZ","002259","升达林业","四川","供气供热","sdly","主板","20080716","无实际控制人","无","SZSE","L","四川升达林业产业股份有限公司","Sichuan Shengda Forestry Industry Co.Ltd"
"002261.SZ","002261","拓维信息","湖南","软件服务","twxx","主板","20080723","","","SZSE","L","拓维信息系统股份有限公司","Talkweb Information System Co.,Ltd."
"002262.SZ","002262","恩华药业","江苏","化学制药","ehyy","主板","20080723","","","SZSE","L","江苏恩华药业股份有限公司","Jiangsu Nhwa Pharmaceutical Co., Ltd."
"002263.SZ","002263","大东南","浙江","塑料","ddn","主板","20080728","浙江省绍兴市诸暨市人民政府国有资产监督管理委员会","地方国企","SZSE","L","浙江大东南股份有限公司","Zhejiang Great Southeast Corp.Ltd"
"002264.SZ","002264","新华都","福建","互联网","xhd","主板","20080731","陈发树","民营企业","SZSE","L","新华都科技股份有限公司","New Huadu Technology Co.,Ltd."
"002265.SZ","002265","建设工业","云南","专用机械","jsgy","主板","20080806","中国兵器装备集团公司(中国南方工业集团公司)","中央国企","SZSE","L","建设工业集团(云南)股份有限公司","Jianshe Industry Group (Yunnan) Co.,Ltd."
"002266.SZ","002266","浙富控股","浙江","环境保护","zfkg","主板","20080806","","","SZSE","L","浙富控股集团股份有限公司","Zhefu Holding Group Co.,Ltd."
"002267.SZ","002267","陕天然气","陕西","供气供热","strq","主板","20080813","","","SZSE","L","陕西省天然气股份有限公司","Shaanxi Provincial Natural Gas Company Limited"
"002268.SZ","002268","电科网安","四川","IT设备","dkwa","主板","20080811","","","SZSE","L","中电科网络安全科技股份有限公司","CETC Cyberspace Security Technology Co.,Ltd."
"002269.SZ","002269","美邦服饰","上海","服饰","mbfs","主板","20080828","周成建","民营企业","SZSE","L","上海美特斯邦威服饰股份有限公司","Shanghai Metersbonwe Fashion & Accessories Co.,Ltd"
"002270.SZ","002270","华明装备","山东","电气设备","hmzb","主板","20080905","","","SZSE","L","华明电力装备股份有限公司","Huaming Power Equipment Co.,Ltd"
"002271.SZ","002271","东方雨虹","北京","其他建材","dfyh","主板","20080910","","","SZSE","L","北京东方雨虹防水技术股份有限公司","Beijing Oriental Yuhong Waterproof Technology Co., Ltd."
"002272.SZ","002272","川润股份","四川","机械基件","crgf","主板","20080919","罗丽华","民营企业","SZSE","L","四川川润股份有限公司","Sichuan Crun Co.,Ltd"
"002273.SZ","002273","水晶光电","浙江","元器件","sjgd","主板","20080919","","","SZSE","L","浙江水晶光电科技股份有限公司","Zhejiang Crystal-Optech Co., Ltd"
"002274.SZ","002274","华昌化工","江苏","农药化肥","hchg","主板","20080925","朱郁健","民营企业","SZSE","L","江苏华昌化工股份有限公司","Jiangsu Huachang Chemical Co., Ltd"
"002275.SZ","002275","桂林三金","广西","中成药","glsj","主板","20090710","邹洵","民营企业","SZSE","L","桂林三金药业股份有限公司","Guilin Sanjin Pharmaceutical Co., Ltd"
"002276.SZ","002276","万马股份","浙江","电气设备","wmgf","主板","20090710","青岛西海岸新区国有资产管理局","地方国企","SZSE","L","浙江万马股份有限公司","Zhejiang Wanma Co.,Ltd."
"002277.SZ","002277","友阿股份","湖南","百货","yagf","主板","20090717","","","SZSE","L","湖南友谊阿波罗商业股份有限公司","Hunan Friendship&Apollo Commercial Co.,Ltd."
"002278.SZ","002278","神开股份","上海","化工机械","skgf","主板","20090811","","","SZSE","L","上海神开石油化工装备股份有限公司","Shanghai Sk Petroleum & Chemical Equipment Corporation Ltd."
"002279.SZ","002279","久其软件","北京","软件服务","jqrj","主板","20090811","","","SZSE","L","北京久其软件股份有限公司","Beijing Join-Cheer Software Co.,Ltd."
"002281.SZ","002281","光迅科技","湖北","通信设备","gxkj","主板","20090821","","","SZSE","L","武汉光迅科技股份有限公司","Accelink Technologies Co.,Ltd."
"002282.SZ","002282","博深股份","河北","机械基件","bsgf","主板","20090821","山东省人民政府国有资产监督管理委员会","地方国企","SZSE","L","博深股份有限公司","Bosun Co.,Ltd"
"002283.SZ","002283","天润工业","山东","汽车配件","trgy","主板","20090821","","","SZSE","L","天润工业技术股份有限公司","Tianrun Industry Technology Co., Ltd."
"002284.SZ","002284","亚太股份","浙江","汽车配件","ytgf","主板","20090828","黄伟中","民营企业","SZSE","L","浙江亚太机电股份有限公司","Zhejiang Asia-Pacific Mechanical & Electronic Co.,Ltd"
"002285.SZ","002285","世联行","深圳","房产服务","slh","主板","20090828","广东省珠海市横琴新区人民政府国有资产监督管理委员会","地方国企","SZSE","L","深圳世联行集团股份有限公司","Shenzhen Worldunion Group Incorporated"
"002286.SZ","002286","保龄宝","山东","食品","blb","主板","20090828","","","SZSE","L","保龄宝生物股份有限公司","Baolingbao Biology Co., Ltd"
"002287.SZ","002287","奇正藏药","西藏","中成药","qzzy","主板","20090828","","","SZSE","L","西藏奇正藏药股份有限公司","Tibet Cheezheng Tibetan Medicine Co., Ltd."
"002289.SZ","002289","*ST宇顺","深圳","元器件","stys","主板","20090903","","","SZSE","L","深圳市宇顺电子股份有限公司","Shenzhen Success Electronics Co., Ltd"
"002290.SZ","002290","禾盛新材","江苏","家用电器","hsxc","主板","20090903","张伟","民营企业","SZSE","L","苏州禾盛新型材料股份有限公司","Suzhou Hesheng Special Material Co.,Ltd."
"002291.SZ","002291","遥望科技","广东","广告包装","ywkj","主板","20090903","张泽民","外资企业","SZSE","L","广东遥望科技集团股份有限公司","Guangdong Yowant Technology Group Co.,Ltd"
"002292.SZ","002292","奥飞娱乐","广东","影视音像","afyl","主板","20090910","蔡东青","民营企业","SZSE","L","奥飞娱乐股份有限公司","Alpha Group"
"002293.SZ","002293","罗莱生活","江苏","纺织","llsh","主板","20090910","","","SZSE","L","罗莱生活科技股份有限公司","Luolai Lifestyle Technology Co.,Ltd"
"002294.SZ","002294","信立泰","深圳","化学制药","xlt","主板","20090910","","","SZSE","L","深圳信立泰药业股份有限公司","Shenzhen Salubris Pharmaceuticals Co., Ltd."
"002295.SZ","002295","精艺股份","广东","铜","jygf","主板","20090929","黄裕辉","民营企业","SZSE","L","广东精艺金属股份有限公司","Guangdong Jingyi Metal Co., Ltd"
"002296.SZ","002296","辉煌科技","河南","通信设备","hhkj","主板","20090929","","","SZSE","L","河南辉煌科技股份有限公司","HeNan Splendor Science & TechnologyCo., Ltd."
"002297.SZ","002297","博云新材","湖南","航空","byxc","主板","20090929","湖南省人民政府国有资产监督管理委员会","地方国企","SZSE","L","湖南博云新材料股份有限公司","Hunan Boyun New Materials Co.,Ltd"
"002298.SZ","002298","中电鑫龙","安徽","电气设备","zdxl","主板","20090929","","","SZSE","L","安徽中电鑫龙科技股份有限公司","Anhui ZhongDianXinLong Science and Technology Co., Ltd."
"002299.SZ","002299","圣农发展","福建","农业综合","snfz","主板","20091021","","","SZSE","L","福建圣农发展股份有限公司","Fujian Sunner Development Co.,Ltd."
"002300.SZ","002300","太阳电缆","福建","电气设备","tydl","主板","20091021","","","SZSE","L","福建南平太阳电缆股份有限公司","Fujian Nanping Sun Cable Co., Ltd."
"002301.SZ","002301","齐心集团","深圳","文教休闲","qxjt","主板","20091021","","","SZSE","L","深圳齐心集团股份有限公司","Shenzhen Comix Group Co., Ltd."
"002302.SZ","002302","西部建设","新疆","水泥","xbjs","主板","20091103","","","SZSE","L","中建西部建设股份有限公司","China West Construction Group Co.,Ltd"
"002303.SZ","002303","美盈森","深圳","造纸","mys","主板","20091103","","","SZSE","L","美盈森集团股份有限公司","MYS Group Co.,Ltd."
"002304.SZ","002304","洋河股份","江苏","白酒","yhgf","主板","20091106","","","SZSE","L","江苏洋河酒厂股份有限公司","Jiangsu Yanghe Distillery Co., Ltd."
"002305.SZ","002305","*ST南置","湖北","区域地产","stnz","主板","20091106","","","SZSE","L","南国置业股份有限公司","Langold Real Estate Co.,Ltd."
"002306.SZ","002306","*ST云网","北京","酒店餐饮","styw","主板","20091111","陈继","民营企业","SZSE","L","中科云网科技集团股份有限公司","Cloud Live Technology Group Co.,Ltd."
"002307.SZ","002307","北新路桥","新疆","建筑工程","bxlq","主板","20091111","","","SZSE","L","新疆北新路桥集团股份有限公司","Xinjiang Beixin Road & Bridge Group Co., Ltd"
"002309.SZ","002309","中利集团","江苏","电气设备","zljt","主板","20091127","","","SZSE","L","江苏中利集团股份有限公司","Jiangsu Zhongli Group Co.,Ltd"
"002310.SZ","002310","东方园林","北京","环境保护","dfyl","主板","20091127","北京市朝阳区人民政府国有资产监督管理委员会","地方国企","SZSE","L","北京东方园林环境股份有限公司","Beijing Orient Landscape & Environment Co.,Ltd."
"002311.SZ","002311","海大集团","广东","饲料","hdjt","主板","20091127","","","SZSE","L","广东海大集团股份有限公司","Guangdong Haid Group Co.,Limited"
"002312.SZ","002312","川发龙蟒","四川","化工原料","cflm","主板","20091203","四川省政府国有资产监督管理委员会","地方国企","SZSE","L","四川发展龙蟒股份有限公司","Sichuan Development Lomon Co., Ltd."
"002313.SZ","002313","日海智能","深圳","通信设备","rhzn","主板","20091203","珠海市人民政府国有资产监督管理委员会","地方国企","SZSE","L","日海智能科技股份有限公司","Sunsea Aiot Technology Co., Ltd."
"002314.SZ","002314","南山控股","深圳","区域地产","nskg","主板","20091203","","","SZSE","L","深圳市新南山控股(集团)股份有限公司","Shenzhen New Nanshan Holding (Group) Co.,Ltd."
"002315.SZ","002315","焦点科技","江苏","互联网","jdkj","主板","20091209","","","SZSE","L","焦点科技股份有限公司","Focus Technology Co., Ltd."
"002316.SZ","002316","亚联发展","吉林","软件服务","ylfz","主板","20091209","刘辉","民营企业","SZSE","L","吉林亚联发展科技股份有限公司","Jilin Asia Link Technology Development Co.,Ltd."
"002317.SZ","002317","众生药业","广东","中成药","zsyy","主板","20091211","张玉冲","民营企业","SZSE","L","广东众生药业股份有限公司","Guangdong Zhongsheng Pharmaceutical Co.,Ltd."
"002318.SZ","002318","久立特材","浙江","特种钢","jltc","主板","20091211","","","SZSE","L","浙江久立特材科技股份有限公司","Zhejiang Jiuli Hi-Tech Metals Co., Ltd."
"002319.SZ","002319","乐通股份","广东","染料涂料","ltgf","主板","20091211","","","SZSE","L","珠海市乐通化工股份有限公司","Letong Chemical Co.,LTD"
"002320.SZ","002320","海峡股份","海南","水运","hxgf","主板","20091216","海南省国有资产监督管理委员会","地方国企","SZSE","L","海南海峡航运股份有限公司","Hainan Strait Shipping Co.,Ltd."
"002321.SZ","002321","华英农业","河南","农业综合","hyny","主板","20091216","许水均","民营企业","SZSE","L","河南华英农业发展股份有限公司","Henan Huaying Agricultural Development Co., Ltd"
"002322.SZ","002322","理工能科","浙江","软件服务","lgnk","主板","20091218","","","SZSE","L","宁波理工环境能源科技股份有限公司","Ningbo Ligong Environment and Energy Technology Co.,Ltd."
"002323.SZ","002323","雅博股份","山东","建筑工程","ybgf","主板","20091218","山东省枣庄市人民政府国有资产监督管理委员会","地方国企","SZSE","L","山东雅博科技股份有限公司","Shandong Yabo Technology Co., Ltd."
"002324.SZ","002324","普利特","上海","塑料","plt","主板","20091218","","","SZSE","L","上海普利特复合材料股份有限公司","Shanghai Pret Composites Co.,Ltd"
"002326.SZ","002326","永太科技","浙江","化工原料","ytkj","主板","20091222","王莺妹","民营企业","SZSE","L","浙江永太科技股份有限公司","Zhejiang Yongtai Technology Co.,Ltd."
"002327.SZ","002327","富安娜","深圳","纺织","fan","主板","20091230","林国芳","民营企业","SZSE","L","深圳市富安娜家居用品股份有限公司","Shenzhen Fuanna Bedding and Furnishing Co.,Ltd"
"002328.SZ","002328","新朋股份","上海","汽车配件","xpgf","主板","20091230","","","SZSE","L","上海新朋实业股份有限公司","Shanghai Xinpeng Industry Co.,Ltd"
"002329.SZ","002329","皇氏集团","广西","乳制品","hsjt","主板","20100106","","","SZSE","L","皇氏集团股份有限公司","Royal Group Co.,Ltd."
"002330.SZ","002330","得利斯","山东","食品","dls","主板","20100106","","","SZSE","L","山东得利斯食品股份有限公司","Shandong Delisi Food Co.,Ltd."
"002331.SZ","002331","皖通科技","安徽","软件服务","wtkj","主板","20100106","无实际控制人","无","SZSE","L","安徽皖通科技股份有限公司","Anhui Wantong Technology Co.,Ltd."
"002332.SZ","002332","仙琚制药","浙江","化学制药","xjzy","主板","20100112","","","SZSE","L","浙江仙琚制药股份有限公司","Zhejiang Xianju Pharmaceutical Co.,Ltd."
"002333.SZ","002333","罗普斯金","江苏","其他建材","lpsj","主板","20100112","吴明福","外资企业","SZSE","L","中亿丰罗普斯金材料科技股份有限公司","Zyf Lopsking Material Technology Co.,Ltd."
"002334.SZ","002334","英威腾","深圳","电气设备","ywt","主板","20100113","","","SZSE","L","深圳市英威腾电气股份有限公司","Shenzhen Invt Electric Co.,Ltd"
"002335.SZ","002335","科华数据","福建","电气设备","khsj","主板","20100113","","","SZSE","L","科华数据股份有限公司","Kehua Data Co., Ltd."
"002337.SZ","002337","赛象科技","天津","化工机械","sxkj","主板","20100115","","","SZSE","L","天津赛象科技股份有限公司","Tianjin Saixiang Technology Co.,Ltd"
"002338.SZ","002338","奥普光电","吉林","电器仪表","apgd","主板","20100115","","","SZSE","L","长春奥普光电技术股份有限公司","Changchun UP Optotech Co.,Ltd."
"002339.SZ","002339","积成电子","山东","电气设备","jcdz","主板","20100122","","","SZSE","L","积成电子股份有限公司","Integrated Electronic Systems Lab Co.,Ltd."
"002340.SZ","002340","格林美","深圳","小金属","glm","主板","20100122","许开华","民营企业","SZSE","L","格林美股份有限公司","GEM Co.,Ltd."
"002342.SZ","002342","巨力索具","河北","机械基件","jlsj","主板","20100126","","","SZSE","L","巨力索具股份有限公司","Juli Sling Co.,Ltd."
"002343.SZ","002343","慈文传媒","江西","影视音像","cwcm","主板","20100126","","","SZSE","L","慈文传媒股份有限公司","Ciwen Media Co.,Ltd."
"002344.SZ","002344","海宁皮城","浙江","商品城","hnpc","主板","20100126","海宁市财政局(海宁市人民政府国有资产监督管理办公室)","地方国企","SZSE","L","海宁中国皮革城股份有限公司","Haining China Leather Market Co.,Ltd"
"002345.SZ","002345","潮宏基","广东","服饰","chj","主板","20100128","廖木枝","民营企业","SZSE","L","广东潮宏基实业股份有限公司","Guangdong Chj Industry Co.,Ltd."
"002346.SZ","002346","柘中股份","上海","电气设备","zzgf","主板","20100128","陆仁军","民营企业","SZSE","L","上海柘中集团股份有限公司","Shanghai Zhezhong Group Co.,Ltd"
"002347.SZ","002347","泰尔股份","安徽","机械基件","tegf","主板","20100128","邰正彪","民营企业","SZSE","L","泰尔重工股份有限公司","Taier Heavy Industry Co., Ltd"
"002348.SZ","002348","高乐股份","广东","文教休闲","glgf","主板","20100203","杨镇欣","外资企业","SZSE","L","广东高乐股份有限公司","Goldlok Holdings(Guangdong) Co.,Ltd."
"002349.SZ","002349","精华制药","江苏","中成药","jhzy","主板","20100203","","","SZSE","L","精华制药集团股份有限公司","Jinghua Pharmaceutical Group Co., Ltd."
"002350.SZ","002350","北京科锐","北京","电气设备","bjkr","主板","20100203","付小东","民营企业","SZSE","L","北京科锐集团股份有限公司","Beijing Creative Group Co.,Ltd"
"002351.SZ","002351","漫步者","深圳","IT设备","mbz","主板","20100205","","","SZSE","L","深圳市漫步者科技股份有限公司","Edifier Technology Co.,Ltd."
"002352.SZ","002352","顺丰控股","深圳","仓储物流","sfkg","主板","20100205","","","SZSE","L","顺丰控股股份有限公司","S.F. Holding Co., Ltd."
"002353.SZ","002353","杰瑞股份","山东","化工机械","jrgf","主板","20100205","","","SZSE","L","烟台杰瑞石油服务集团股份有限公司","Yantai Jereh Oilfield Services Group Co., Ltd."
"002354.SZ","002354","天娱数科","辽宁","互联网","tysk","主板","20100209","","","SZSE","L","天娱数字科技(大连)集团股份有限公司","Tianyu Digital Technology (Dalian) Group Co.,Ltd."
"002355.SZ","002355","兴民智通","山东","汽车配件","xmzt","主板","20100209","魏翔","民营企业","SZSE","L","兴民智通(集团)股份有限公司","Xingmin Intelligent Transportation Systems (Group) Co., Ltd."
"002356.SZ","002356","赫美集团","深圳","其他商业","hmjt","主板","20100209","柯良节","外资企业","SZSE","L","深圳赫美集团股份有限公司","Shenzhen Hemei Group Co.,Ltd."
"002357.SZ","002357","富临运业","四川","公共交通","flyy","主板","20100210","刘锋","民营企业","SZSE","L","四川富临运业集团股份有限公司","Sichuan Fulin Transportation Group Co.,Ltd."
"002358.SZ","002358","森源电气","河南","电气设备","sydq","主板","20100210","河南省财政厅","地方国企","SZSE","L","河南森源电气股份有限公司","Henan Senyuan Electric Co., Ltd"
"002360.SZ","002360","同德化工","山西","化工原料","tdhg","主板","20100303","","","SZSE","L","山西同德化工股份有限公司","Shanxi Tond Chemical Co.,Ltd."
"002361.SZ","002361","神剑股份","安徽","化工原料","sjgf","主板","20100303","刘志坚","民营企业","SZSE","L","安徽神剑新材料股份有限公司","Anhui Shenjian New Materials Co.,Ltd"
"002362.SZ","002362","汉王科技","北京","软件服务","hwkj","主板","20100303","","","SZSE","L","汉王科技股份有限公司","Hanwang Technology Co.,Ltd"
"002363.SZ","002363","隆基机械","山东","汽车配件","ljjx","主板","20100305","","","SZSE","L","山东隆基机械股份有限公司","Shandong Longji Machinery Co.Ltd"
"002364.SZ","002364","中恒电气","浙江","电气设备","zhdq","主板","20100305","朱国锭","民营企业","SZSE","L","杭州中恒电气股份有限公司","Hangzhou Zhonhen Electric Co.,Ltd."
"002365.SZ","002365","永安药业","湖北","化学制药","yayy","主板","20100305","陈勇","民营企业","SZSE","L","潜江永安药业股份有限公司","Qianjiang Yongan Pharmaceutical Co.,Ltd."
"002366.SZ","002366","融发核电","四川","专用机械","rfhd","主板","20100312","青岛西海岸新区国有资产管理局","地方国企","SZSE","L","融发核电设备股份有限公司","Rongfa Nuclear Equipment Co.,Ltd."
"002367.SZ","002367","康力电梯","江苏","运输设备","kldt","主板","20100312","","","SZSE","L","康力电梯股份有限公司","Canny Elevator Co.,Ltd"
"002368.SZ","002368","太极股份","北京","软件服务","tjgf","主板","20100312","","","SZSE","L","太极计算机股份有限公司","Taiji Computer Corporation Limited"
"002369.SZ","002369","卓翼科技","深圳","通信设备","zykj","主板","20100316","深圳市智慧城市科技发展集团有限公司","地方国企","SZSE","L","深圳市卓翼科技股份有限公司","Shenzhen Zowee Technology.Co.,Ltd."
"002370.SZ","002370","亚太药业","浙江","化学制药","ytyy","主板","20100316","无实际控制人","无","SZSE","L","浙江亚太药业股份有限公司","Zhejiang Yatai Pharmaceutical Co., Ltd"
"002371.SZ","002371","北方华创","北京","半导体","bfhc","主板","20100316","","","SZSE","L","北方华创科技集团股份有限公司","NAURA Technology Group Co.,Ltd."
"002372.SZ","002372","伟星新材","浙江","其他建材","wxxc","主板","20100318","","","SZSE","L","浙江伟星新型建材股份有限公司","Zhejiang Weixing New Building Materials Co.,Ltd."
"002373.SZ","002373","千方科技","北京","软件服务","qfkj","主板","20100318","","","SZSE","L","北京千方科技股份有限公司","China Transinfo Technology Co., Ltd"
"002374.SZ","002374","中锐股份","山东","广告包装","zrgf","主板","20100318","钱建蓉","民营企业","SZSE","L","山东中锐产业发展股份有限公司","Shandong Chiway Industry Development Co.,Ltd"
"002375.SZ","002375","亚厦股份","浙江","装修装饰","ysgf","主板","20100323","丁欣欣","民营企业","SZSE","L","浙江亚厦装饰股份有限公司","Zhejiang Yasha Decoration Co.,Ltd"
"002376.SZ","002376","新北洋","山东","IT设备","xby","主板","20100323","无实际控制人","无","SZSE","L","山东新北洋信息技术股份有限公司","Shandong New Beiyang Information Technology Co.,Ltd."
"002377.SZ","002377","国创高新","湖北","其他建材","gcgx","主板","20100323","","","SZSE","L","湖北国创高新材料股份有限公司","Hubei Guochuang Hi-Tech Material Co.,Ltd"
"002378.SZ","002378","章源钨业","江西","小金属","zywy","主板","20100331","","","SZSE","L","崇义章源钨业股份有限公司","Chongyi Zhangyuan Tungsten Co.,Ltd."
"002379.SZ","002379","宏创控股","山东","铝","hckg","主板","20100331","张波","民营企业","SZSE","L","山东宏创铝业控股股份有限公司","Shandong Hontron Aluminum Industry Holding Company Limited"
"002380.SZ","002380","科远智慧","江苏","软件服务","kyzh","主板","20100331","","","SZSE","L","南京科远智慧科技集团股份有限公司","Nanjing Sciyon Wisdom Technology Group Co.,Ltd."
"002381.SZ","002381","双箭股份","浙江","橡胶","sjgf","主板","20100402","","","SZSE","L","浙江双箭橡胶股份有限公司","Zhejiang Double Arrow Rubber Co., Ltd."
"002382.SZ","002382","蓝帆医疗","山东","医疗保健","lfyl","主板","20100402","","","SZSE","L","蓝帆医疗股份有限公司","Blue Sail Medical Co.,Ltd."
"002383.SZ","002383","合众思壮","北京","通信设备","hzsz","主板","20100402","郑州航空港经济综合实验区管理委员会","地方国企","SZSE","L","北京合众思壮科技股份有限公司","Beijing Unistrong Science & Technology Co.,Ltd."
"002384.SZ","002384","东山精密","江苏","元器件","dsjm","主板","20100409","","","SZSE","L","苏州东山精密制造股份有限公司","Suzhou Dongshan Precision Manufacturing Co.,Ltd"
"002385.SZ","002385","大北农","北京","饲料","dbn","主板","20100409","","","SZSE","L","北京大北农科技集团股份有限公司","Beijing Dabeinong Technology Group Co.,Ltd."
"002386.SZ","002386","天原股份","四川","化工原料","tygf","主板","20100409","","","SZSE","L","宜宾天原集团股份有限公司","Yibin Tianyuan Group Co,Ltd"
"002387.SZ","002387","维信诺","江苏","元器件","wxn","主板","20100413","无实际控制人","无","SZSE","L","维信诺科技股份有限公司","Visionox Technology Inc."
"002388.SZ","002388","ST新亚","浙江","元器件","stxy","主板","20100413","徐琦","民营企业","SZSE","L","新亚制程(浙江)股份有限公司","Sunyes Manufacturing(Zhejiang)Holding Co.,Ltd."
"002389.SZ","002389","航天彩虹","浙江","航空","htch","主板","20100413","","","SZSE","L","航天彩虹无人机股份有限公司","Aerospace Ch Uav Co., Ltd"
"002390.SZ","002390","信邦制药","贵州","医药商业","xbzy","主板","20100416","安吉","民营企业","SZSE","L","贵州信邦制药股份有限公司","Guizhou Xinbang Pharmaceutical Co., Ltd"
"002391.SZ","002391","长青股份","江苏","农药化肥","cqgf","主板","20100416","","","SZSE","L","江苏长青农化股份有限公司","Jiangsu Changqing Agrochemical Co.,Ltd"
"002392.SZ","002392","北京利尔","北京","其他建材","bjle","主板","20100423","","","SZSE","L","北京利尔高温材料股份有限公司","Beijing Lirr High Temperature Materials Co., Ltd."
"002393.SZ","002393","力生制药","天津","化学制药","lszy","主板","20100423","","","SZSE","L","天津力生制药股份有限公司","Tianjin Lisheng Pharmaceutical Co.,Ltd."
"002394.SZ","002394","联发股份","江苏","纺织","lfgf","主板","20100423","孔令国","民营企业","SZSE","L","江苏联发纺织股份有限公司","Jiangsu Lianfa Textile Co.,Ltd"
"002395.SZ","002395","双象股份","江苏","塑料","sxgf","主板","20100429","","","SZSE","L","无锡双象超纤材料股份有限公司","Wuxi Double Elephant Micro Fibre Material Co.,Ltd"
"002396.SZ","002396","星网锐捷","福建","通信设备","xwrj","主板","20100623","","","SZSE","L","福建星网锐捷通讯股份有限公司","Fujian Star-Net Communication Co.,Ltd."
"002397.SZ","002397","梦洁股份","湖南","纺织","mjgf","主板","20100429","李国富","民营企业","SZSE","L","湖南梦洁家纺股份有限公司","Hunan Mendale Hometextile Co.,Ltd"
"002398.SZ","002398","垒知集团","福建","其他建材","lzjt","主板","20100506","","","SZSE","L","垒知控股集团股份有限公司","Lets Holding Group Co.,Ltd."
"002399.SZ","002399","海普瑞","深圳","化学制药","hpr","主板","20100506","","","SZSE","L","深圳市海普瑞药业集团股份有限公司","Shenzhen Hepalink Pharmaceutical Group Co.,Ltd."
"002400.SZ","002400","省广集团","广东","广告包装","sgjt","主板","20100506","","","SZSE","L","广东省广告集团股份有限公司","Guangdong Advertising Group Co.,Ltd"
"002401.SZ","002401","中远海科","上海","软件服务","zyhk","主板","20100506","","","SZSE","L","中远海运科技股份有限公司","Cosco Shipping Technology Co., Ltd."
"002402.SZ","002402","和而泰","深圳","元器件","het","主板","20100511","","","SZSE","L","深圳和而泰智能控制股份有限公司","Shenzhen H&T Intelligent Control Co., Ltd."
"002403.SZ","002403","爱仕达","浙江","家用电器","asd","主板","20100511","","","SZSE","L","爱仕达股份有限公司","Aishida Co.,Ltd"
"002404.SZ","002404","嘉欣丝绸","浙江","纺织","jxsc","主板","20100511","","","SZSE","L","浙江嘉欣丝绸股份有限公司","Zhejiang Jiaxin Silk Corp.,Ltd."
"002405.SZ","002405","四维图新","北京","软件服务","swtx","主板","20100518","","","SZSE","L","北京四维图新科技股份有限公司","Navinfo Co., Ltd."
"002406.SZ","002406","远东传动","河南","汽车配件","ydcd","主板","20100518","刘延生","民营企业","SZSE","L","许昌远东传动轴股份有限公司","Xuchang Yuandong Drive Shaft Co.Ltd"
"002407.SZ","002407","多氟多","河南","化工原料","dfd","主板","20100518","","","SZSE","L","多氟多新材料股份有限公司","Do-Fluoride New Materials Co., Ltd."
"002408.SZ","002408","齐翔腾达","山东","化工原料","qxtd","主板","20100518","山东省人民政府国有资产监督管理委员会","地方国企","SZSE","L","淄博齐翔腾达化工股份有限公司","Zibo Qixiang Tengda Chemical Co., Ltd."
"002409.SZ","002409","雅克科技","江苏","半导体","ykkj","主板","20100525","","","SZSE","L","江苏雅克科技股份有限公司","Jiangsu Yoke Technology Co., Ltd."
"002410.SZ","002410","广联达","北京","软件服务","gld","主板","20100525","","","SZSE","L","广联达科技股份有限公司","Glodon Company Limited"
"002412.SZ","002412","汉森制药","湖南","中成药","hszy","主板","20100525","","","SZSE","L","湖南汉森制药股份有限公司","Hunan Hansen Pharmaceutical Co., Ltd."
"002413.SZ","002413","雷科防务","北京","通信设备","lkfw","主板","20100528","","","SZSE","L","北京雷科防务科技股份有限公司","Beijing Leike Defense Technology Co.,Ltd."
"002414.SZ","002414","高德红外","湖北","电器仪表","gdhw","主板","20100716","","","SZSE","L","武汉高德红外股份有限公司","Wuhan Guide Infrared Co.,Ltd"
"002415.SZ","002415","海康威视","浙江","IT设备","hkws","主板","20100528","国务院国有资产监督管理委员会","中央国企","SZSE","L","杭州海康威视数字技术股份有限公司","Hangzhou Hikvision Digital Technology Co.,Ltd."
"002416.SZ","002416","爱施德","深圳","电器连锁","asd","主板","20100528","","","SZSE","L","深圳市爱施德股份有限公司","Shenzhen Aisidi Co.,Ltd."
"002418.SZ","002418","康盛股份","浙江","家用电器","ksgf","主板","20100601","解直锟","民营企业","SZSE","L","浙江康盛股份有限公司","Zhe Jiang Kangsheng Co.,Ltd."
"002419.SZ","002419","天虹股份","深圳","百货","thgf","主板","20100601","中国航空工业集团有限公司","中央国企","SZSE","L","天虹数科商业股份有限公司","Rainbow Digital Commercial Co., Ltd."
"002420.SZ","002420","毅昌科技","广东","家用电器","yckj","主板","20100601","","","SZSE","L","广州毅昌科技股份有限公司","Guangzhou Echom Sci.&Tech.Co.,Ltd"
"002421.SZ","002421","达实智能","深圳","软件服务","dszn","主板","20100603","","","SZSE","L","深圳达实智能股份有限公司","Shenzhen Das Intellitech Co.,Ltd."
"002422.SZ","002422","科伦药业","四川","化学制药","klyy","主板","20100603","","","SZSE","L","四川科伦药业股份有限公司","Sichuan Kelun Pharmaceutical Co.,Ltd."
"002423.SZ","002423","中粮资本","河南","多元金融","zlzb","主板","20100603","","","SZSE","L","中粮资本控股股份有限公司","Cofco Capital Holdings Co.,Ltd."
"002424.SZ","002424","贵州百灵","贵州","中成药","gzbl","主板","20100603","","","SZSE","L","贵州百灵企业集团制药股份有限公司","Guizhou Bailing Group Pharmaceutical Co., Ltd."
"002425.SZ","002425","ST凯文","广东","互联网","stkw","主板","20100608","郑合明","外资企业","SZSE","L","凯撒(中国)文化股份有限公司","Kaiser (China) Culture Co., Ltd"
"002426.SZ","002426","胜利精密","江苏","元器件","sljm","主板","20100608","","","SZSE","L","苏州胜利精密制造科技股份有限公司","Suzhou Victory Precision Manufacture Co.,Ltd."
"002427.SZ","002427","尤夫股份","浙江","化纤","yfgf","主板","20100608","无实际控制人","无","SZSE","L","浙江尤夫高新纤维股份有限公司","Zhejiang Unifull Industrial Fibre Co.,Ltd"
"002428.SZ","002428","云南锗业","云南","小金属","ynzy","主板","20100608","","","SZSE","L","云南临沧鑫圆锗业股份有限公司","Yunnan Lincang Xinyuan Germanium Industry Co.,Ltd"
"002429.SZ","002429","兆驰股份","深圳","家用电器","zcgf","主板","20100610","深圳市资本运营集团有限公司","地方国企","SZSE","L","深圳市兆驰股份有限公司","Shenzhen Mtc Co.Ltd"
"002430.SZ","002430","杭氧股份","浙江","化工机械","hygf","主板","20100610","","","SZSE","L","杭氧集团股份有限公司","Hangzhou Oxygen Plant Group Co.,Ltd."
"002431.SZ","002431","棕榈股份","河南","建筑工程","zlgf","主板","20100610","","","SZSE","L","棕榈生态城镇发展股份有限公司","Palm Eco-Town Development Co., Ltd."
"002432.SZ","002432","九安医疗","天津","医疗保健","jayl","主板","20100610","","","SZSE","L","天津九安医疗电子股份有限公司","Andon Health Co., Ltd."
"002434.SZ","002434","万里扬","浙江","汽车配件","wly","主板","20100618","","","SZSE","L","浙江万里扬股份有限公司","Zhejiang Wanliyang Co., Ltd."
"002436.SZ","002436","兴森科技","深圳","元器件","xskj","主板","20100618","","","SZSE","L","深圳市兴森快捷电路科技股份有限公司","Shenzhen Fastprint Circuit Tech Co.,Ltd."
"002437.SZ","002437","誉衡药业","黑龙江","化学制药","yhyy","主板","20100623","无实际控制人","无","SZSE","L","哈尔滨誉衡药业股份有限公司","Harbin Gloria Pharmaceuticals Co., Ltd."
"002438.SZ","002438","江苏神通","江苏","机械基件","jsst","主板","20100623","韩力","民营企业","SZSE","L","江苏神通阀门股份有限公司","Jiangsu Shentong Valve Co.,Ltd"
"002439.SZ","002439","启明星辰","北京","软件服务","qmxc","主板","20100623","","","SZSE","L","启明星辰信息技术集团股份有限公司","Venustech Group Inc."
"002440.SZ","002440","闰土股份","浙江","染料涂料","rtgf","主板","20100706","张爱娟","民营企业","SZSE","L","浙江闰土股份有限公司","Zhejiang Runtu Co., Ltd"
"002441.SZ","002441","众业达","广东","电气设备","zyd","主板","20100706","","","SZSE","L","众业达电气股份有限公司","Zhongyeda Electric Co.,Ltd"
"002442.SZ","002442","龙星科技","河北","化工原料","lxkj","主板","20100706","","","SZSE","L","龙星科技集团股份有限公司","Longxing Technology Group Co.,Ltd."
"002443.SZ","002443","金洲管道","浙江","钢加工","jzgd","主板","20100706","寿光市地方金融监督管理局(寿光市国有资产监督管理局)","地方国企","SZSE","L","浙江金洲管道科技股份有限公司","Zhejiang Kingland Pipeline and Technologies Co.,Ltd."
"002444.SZ","002444","巨星科技","浙江","轻工机械","jxkj","主板","20100713","","","SZSE","L","杭州巨星科技股份有限公司","Hangzhou GreatStar Industrial Co.,Ltd."
"002445.SZ","002445","中南文化","江苏","钢加工","znwh","主板","20100713","江阴高新技术产业开发区管理委员会","地方国企","SZSE","L","中南红文化集团股份有限公司","Jiangyin Zhongnan Heavy Industries Co.,Ltd"
"002446.SZ","002446","盛路通信","广东","通信设备","sltx","主板","20100713","","","SZSE","L","广东盛路通信科技股份有限公司","Guangdong Shenglu Telecommunication Tech. Co., Ltd."
"002448.SZ","002448","中原内配","河南","汽车配件","zynp","主板","20100716","","","SZSE","L","中原内配集团股份有限公司","ZYNP Corporation"
"002449.SZ","002449","国星光电","广东","半导体","gxgd","主板","20100716","广东省广晟控股集团有限公司","地方国企","SZSE","L","佛山市国星光电股份有限公司","Foshan Nationstar Optoelectronics Co.,Ltd"
"002451.SZ","002451","摩恩电气","上海","电气设备","medq","主板","20100720","","","SZSE","L","上海摩恩电气股份有限公司","Shanghai Morn Electric Equipment Co., Ltd."
"002452.SZ","002452","长高电新","湖南","电气设备","cgdx","主板","20100720","马孝武","民营企业","SZSE","L","长高电新科技股份公司","Changgao Electric Group Co.,Ltd"
"002453.SZ","002453","华软科技","北京","化工原料","hrkj","主板","20100720","张景明","民营企业","SZSE","L","金陵华软科技股份有限公司","Great Chinasoft Technology Co.,Ltd."
"002454.SZ","002454","松芝股份","上海","汽车配件","szgf","主板","20100720","陈福成","外资企业","SZSE","L","上海加冷松芝汽车空调股份有限公司","Songz Automobile Air Conditioning Co., Ltd"
"002455.SZ","002455","百川股份","江苏","化工原料","bcgf","主板","20100803","","","SZSE","L","江苏百川高科新材料股份有限公司","Jiangsu Baichuan High-Tech New Materials Co., Ltd"
"002456.SZ","002456","欧菲光","深圳","元器件","ofg","主板","20100803","","","SZSE","L","欧菲光集团股份有限公司","OFILM Group Co.,Ltd."
"002457.SZ","002457","青龙管业","宁夏","塑料","qlgy","主板","20100803","","","SZSE","L","青龙管业集团股份有限公司","Qinglong Pipes Industry Group Co.,Ltd."
"002458.SZ","002458","益生股份","山东","农业综合","ysgf","主板","20100810","","","SZSE","L","山东益生种畜禽股份有限公司","Shandong Yisheng Livestock & Poultry Breeding Co., Ltd."
"002459.SZ","002459","晶澳科技","河北","电气设备","jakj","主板","20100810","靳保芳","民营企业","SZSE","L","晶澳太阳能科技股份有限公司","Ja Solar Technology Co., Ltd."
"002460.SZ","002460","赣锋锂业","江西","小金属","gfly","主板","20100810","","","SZSE","L","江西赣锋锂业集团股份有限公司","Ganfeng Lithium Group Co., Ltd."
"002461.SZ","002461","珠江啤酒","广东","啤酒","zjpj","主板","20100818","","","SZSE","L","广州珠江啤酒股份有限公司","Guangzhou Zhujiang Brewery Co., Ltd"
"002462.SZ","002462","嘉事堂","北京","医药商业","jst","主板","20100818","中华人民共和国中央人民政府","中央国企","SZSE","L","嘉事堂药业股份有限公司","Cachet Pharmaceutical Co., Ltd."
"002463.SZ","002463","沪电股份","江苏","元器件","hdgf","主板","20100818","","","SZSE","L","沪士电子股份有限公司","WUS Printed Circuit (Kunshan) Co.,Ltd."
"002465.SZ","002465","海格通信","广东","通信设备","hgtx","主板","20100831","广州市人民政府","地方国企","SZSE","L","广州海格通信集团股份有限公司","Guangzhou Haige Communications Group Incorporated Company"
"002466.SZ","002466","天齐锂业","四川","小金属","tqly","主板","20100831","","","SZSE","L","天齐锂业股份有限公司","Tianqi Lithium Corporation"
"002467.SZ","002467","二六三","北京","互联网","els","主板","20100908","","","SZSE","L","二六三网络通信股份有限公司","Net263 Ltd."
"002468.SZ","002468","申通快递","浙江","仓储物流","stkd","主板","20100908","李家德","外资企业","SZSE","L","申通快递股份有限公司","STO Express Co.,Ltd"
"002469.SZ","002469","三维化学","山东","化工原料","swhx","主板","20100908","","","SZSE","L","山东三维化学集团股份有限公司","Shandong Sunway Chemical Group Co.,Ltd"
"002470.SZ","002470","金正大","山东","农药化肥","jzd","主板","20100908","临沭县国有资产管理服务中心","地方国企","SZSE","L","金正大生态工程集团股份有限公司","Kingenta Ecological Engineering Group Co., Ltd."
"002471.SZ","002471","中超控股","江苏","电气设备","zckg","主板","20100910","","","SZSE","L","江苏中超控股股份有限公司","Jiangsu Zhongchao Holding Co.,Ltd."
"002472.SZ","002472","双环传动","浙江","汽车配件","shcd","主板","20100910","","","SZSE","L","浙江双环传动机械股份有限公司","Zhejiang Shuanghuan Driveline Co.,Ltd."
"002474.SZ","002474","榕基软件","福建","软件服务","rjrj","主板","20100915","","","SZSE","L","福建榕基软件股份有限公司","Fujian Rongji Software Co.,Ltd."
"002475.SZ","002475","立讯精密","深圳","元器件","lxjm","主板","20100915","王来春","外资企业","SZSE","L","立讯精密工业股份有限公司","Luxshare Precision Industry Co., Ltd."
"002476.SZ","002476","宝莫股份","山东","化工原料","bmgf","主板","20100915","","","SZSE","L","山东宝莫生物化工股份有限公司","Shandong Polymer Bio-Chemicals Co.,Ltd."
"002478.SZ","002478","常宝股份","江苏","钢加工","cbgf","主板","20100921","","","SZSE","L","江苏常宝钢管股份有限公司","Jiangsu Changbao Steeltube Co.,Ltd."
"002479.SZ","002479","富春环保","浙江","新型电力","fchb","主板","20100921","江西省南昌市人民政府国有资产监督管理委员会","地方国企","SZSE","L","浙江富春江环保热电股份有限公司","Zhejiang Fuchunjiang Environmental Thermoelectric Co.,Ltd."
"002480.SZ","002480","新筑股份","四川","运输设备","xzgf","主板","20100921","四川省政府国有资产监督管理委员会","地方国企","SZSE","L","成都市新筑路桥机械股份有限公司","Chengdu Xinzhu Road&Bridge Machinery Co.,Ltd"
"002481.SZ","002481","双塔食品","山东","食品","stsp","主板","20100921","招远市金岭镇人民政府","地方国企","SZSE","L","烟台双塔食品股份有限公司","Yantai Shuangta Food Co., Ltd."
"002482.SZ","002482","广田集团","深圳","装修装饰","gtjt","主板","20100929","","","SZSE","L","深圳广田集团股份有限公司","Shenzhen Grandland Group Co., Ltd."
"002483.SZ","002483","润邦股份","江苏","专用机械","rbgf","主板","20100929","广州市人民政府","地方国企","SZSE","L","江苏润邦重工股份有限公司","Jiangsu Rainbow Heavy Industries Co., Ltd."
"002484.SZ","002484","江海股份","江苏","元器件","jhgf","主板","20100929","方铿","外资企业","SZSE","L","南通江海电容器股份有限公司","Nantong Jianghai Capacitor Co. Ltd."
"002485.SZ","002485","ST雪发","山东","商贸代理","stxf","主板","20101015","","","SZSE","L","雪松发展股份有限公司","Cedar Development Co.,Ltd."
"002486.SZ","002486","嘉麟杰","上海","服饰","jlj","主板","20101015","","","SZSE","L","上海嘉麟杰纺织品股份有限公司","Shanghai Challenge Textile Co.,Ltd."
"002487.SZ","002487","大金重工","辽宁","电气设备","djzg","主板","20101015","","","SZSE","L","大金重工股份有限公司","Dajin Heavy Industry Co., Ltd."
"002488.SZ","002488","金固股份","浙江","汽车配件","jggf","主板","20101021","","","SZSE","L","浙江金固股份有限公司","Zhejiang Jingu Co.,Ltd"
"002489.SZ","002489","浙江永强","浙江","家居用品","zjyq","主板","20101021","","","SZSE","L","浙江永强集团股份有限公司","Yotrio Group Co.,Ltd"
"002490.SZ","002490","山东墨龙","山东","化工机械","sdml","主板","20101021","寿光市地方金融监督管理局(寿光市国有资产监督管理局)","地方国企","SZSE","L","山东墨龙石油机械股份有限公司","Shandong Molong Petroleum Machinery Company Limited"
"002491.SZ","002491","通鼎互联","江苏","通信设备","tdhl","主板","20101021","","","SZSE","L","通鼎互联信息股份有限公司","Tongding Interconnection Information Co.,Ltd."
"002492.SZ","002492","恒基达鑫","广东","仓储物流","hjdx","主板","20101102","","","SZSE","L","珠海恒基达鑫国际化工仓储股份有限公司","Zhuhai Winbase International Chemical Tank Terminal Co.,Ltd"
"002493.SZ","002493","荣盛石化","浙江","化纤","rssh","主板","20101102","","","SZSE","L","荣盛石化股份有限公司","Rongsheng Petrochemical Co., Ltd."
"002494.SZ","002494","华斯股份","河北","服饰","hsgf","主板","20101102","","","SZSE","L","华斯控股股份有限公司","Huasi Holding Company Limited"
"002495.SZ","002495","佳隆股份","广东","食品","jlgf","主板","20101102","","","SZSE","L","广东佳隆食品股份有限公司","Guangdong Jialong Food Co.,Ltd."
"002496.SZ","002496","*ST辉丰","江苏","农药化肥","sthf","主板","20101109","","","SZSE","L","江苏辉丰生物农业股份有限公司","Jiangsu Huifeng Bio Agriculture Co., Ltd."
"002497.SZ","002497","雅化集团","四川","小金属","yhjt","主板","20101109","","","SZSE","L","四川雅化实业集团股份有限公司","Sichuan Yahua Industrial Group Co.,Ltd"
"002498.SZ","002498","汉缆股份","山东","电气设备","hlgf","主板","20101109","","","SZSE","L","青岛汉缆股份有限公司","Qingdao Hanhe Cable Co.,Ltd"
"002500.SZ","002500","山西证券","山西","证券","sxzq","主板","20101115","","","SZSE","L","山西证券股份有限公司","Shanxi Securities Company Limited"
"002501.SZ","002501","利源股份","吉林","铝","lygf","主板","20101117","张永侠","民营企业","SZSE","L","吉林利源精制股份有限公司","Jilin Liyuan Precision Manufacturing Co., Ltd."
"002506.SZ","002506","协鑫集成","上海","电气设备","xxjc","主板","20101118","朱共山","外资企业","SZSE","L","协鑫集成科技股份有限公司","GCL System Integration Technology Co.,Ltd."
"002507.SZ","002507","涪陵榨菜","重庆","食品","flzc","主板","20101123","重庆市涪陵区国有资产监督管理委员会","地方国企","SZSE","L","重庆市涪陵榨菜集团股份有限公司","Chongqing Fuling Zhacai Group Co., Ltd."
"002508.SZ","002508","老板电器","浙江","家用电器","lbdq","主板","20101123","","","SZSE","L","杭州老板电器股份有限公司","Hangzhou Robam Appliances Co.,Ltd."
"002510.SZ","002510","天汽模","天津","汽车配件","tqm","主板","20101125","","","SZSE","L","天津汽车模具股份有限公司","Tianjin Motor Dies Co.,Ltd."
"002511.SZ","002511","中顺洁柔","广东","造纸","zsjr","主板","20101125","","","SZSE","L","中顺洁柔纸业股份有限公司","C&S Paper Co.,Ltd"
"002512.SZ","002512","达华智能","福建","IT设备","dhzn","主板","20101203","无实际控制人","无","SZSE","L","福州达华智能科技股份有限公司","Tatwah Smartech Co.,Ltd"
"002513.SZ","002513","蓝丰生化","江苏","新型电力","lfsh","主板","20101203","刘智","民营企业","SZSE","L","江苏蓝丰生物化工股份有限公司","Jiangsu Lanfeng Bio-Chemical Co.,Ltd."
"002514.SZ","002514","宝馨科技","江苏","机械基件","bxkj","主板","20101203","叶云宙","外资企业","SZSE","L","江苏宝馨科技股份有限公司","Jiangsu Boamax Technologies Group Co.,Ltd."
"002515.SZ","002515","金字火腿","浙江","食品","jzht","主板","20101203","任贵龙","民营企业","SZSE","L","金字火腿股份有限公司","Jinzi Ham Co.,Ltd."
"002516.SZ","002516","旷达科技","江苏","汽车配件","kdkj","主板","20101207","","","SZSE","L","旷达科技集团股份有限公司","Kuangda Technology Group Co., Ltd."
"002517.SZ","002517","恺英网络","福建","互联网","kywl","主板","20101207","王燕娥","外资企业","SZSE","L","恺英网络股份有限公司","Kingnet Network Co., Ltd."
"002518.SZ","002518","科士达","深圳","电气设备","ksd","主板","20101207","","","SZSE","L","深圳科士达科技股份有限公司","Shenzhen Kstar Science & Technology Co., Ltd"
"002519.SZ","002519","银河电子","江苏","通信设备","yhdz","主板","20101207","","","SZSE","L","江苏银河电子股份有限公司","Jiangsu Yinhe Electronics Co.,Ltd."
"002520.SZ","002520","日发精机","浙江","机床制造","rfjj","主板","20101210","吴捷","民营企业","SZSE","L","浙江日发精密机械股份有限公司","Zhejiang Rifa Precision Machinery Co.,Ltd."
"002521.SZ","002521","齐峰新材","山东","造纸","qfxc","主板","20101210","","","SZSE","L","齐峰新材料股份有限公司","Qifeng New Material Co., Ltd."
"002522.SZ","002522","浙江众成","浙江","塑料","zjzc","主板","20101210","湖南省常德市人民政府国有资产监督管理委员会","地方国企","SZSE","L","浙江众成包装材料股份有限公司","Zhejiang Zhongcheng Packing Material Co.,Ltd"
"002523.SZ","002523","天桥起重","湖南","专用机械","tqqz","主板","20101210","株洲市人民政府国有资产监督管理委员会","地方国企","SZSE","L","株洲天桥起重机股份有限公司","Zhuzhou Tianqiao Crane Co., Ltd."
"002524.SZ","002524","光正眼科","新疆","医疗保健","gzyk","主板","20101217","","","SZSE","L","光正眼科医院集团股份有限公司","Guangzheng Eye Hospital Group Co.,Ltd."
"002526.SZ","002526","山东矿机","山东","工程机械","sdkj","主板","20101217","","","SZSE","L","山东矿机集团股份有限公司","Shandong Mining Machinery Group Co., Ltd."
"002527.SZ","002527","新时达","上海","电器仪表","xsd","主板","20101224","","","SZSE","L","上海新时达电气股份有限公司","Shanghai STEP Electric Corporation"
"002528.SZ","002528","ST英飞拓","深圳","IT设备","styft","主板","20101224","深圳市投资控股有限公司","地方国企","SZSE","L","深圳英飞拓科技股份有限公司","Shenzhen Infinova Limited"
"002529.SZ","002529","*ST海源","江西","专用机械","sthy","主板","20101224","甘胜泉","民营企业","SZSE","L","江西海源复合材料科技股份有限公司","Jiangxi Haiyuan Composites Technology Co.,Ltd"
"002530.SZ","002530","金财互联","江苏","专用机械","jchl","主板","20101231","谢力","民营企业","SZSE","L","金财互联控股股份有限公司","Jc Finance & Tax Interconnect Holdings Ltd."
"002531.SZ","002531","天顺风能","江苏","电气设备","tsfn","主板","20101231","","","SZSE","L","天顺风能(苏州)股份有限公司","Titan Wind Energy (Suzhou) Co.,Ltd."
"002532.SZ","002532","天山铝业","浙江","铝","tsly","主板","20101231","曾超懿","民营企业","SZSE","L","天山铝业集团股份有限公司","Tianshan Aluminum Group Co.,Ltd"
"002533.SZ","002533","金杯电工","湖南","电气设备","jbdg","主板","20101231","","","SZSE","L","金杯电工股份有限公司","Gold Cup Electric Apparatus Co.,Ltd."
"002534.SZ","002534","西子洁能","浙江","专用机械","xzjn","主板","20110110","谢水琴","外资企业","SZSE","L","西子清洁能源装备制造股份有限公司","Xizi Clean Energy Equipment Manufacturing Co., Ltd."
"002535.SZ","002535","林州重机","河南","工程机械","lzzj","主板","20110111","郭现生","民营企业","SZSE","L","林州重机集团股份有限公司","Linzhou Heavy Machinery Group Co., Ltd"
"002536.SZ","002536","飞龙股份","河南","汽车配件","flgf","主板","20110111","","","SZSE","L","飞龙汽车部件股份有限公司","Feilong Auto Components Co.,Ltd."
"002537.SZ","002537","海联金汇","山东","汽车配件","hljh","主板","20110110","","","SZSE","L","海联金汇科技股份有限公司","Hyunion Holding Co.,Ltd"
"002538.SZ","002538","司尔特","安徽","农药化肥","set","主板","20110118","","","SZSE","L","安徽省司尔特肥业股份有限公司","Anhui Sierte Fertilizer Industry Ltd.,Company"
"002539.SZ","002539","云图控股","四川","农药化肥","ytkg","主板","20110118","","","SZSE","L","成都云图控股股份有限公司","Chengdu Wintrue Holding Co., Ltd."
"002540.SZ","002540","亚太科技","江苏","铝","ytkj","主板","20110118","","","SZSE","L","江苏亚太轻合金科技股份有限公司","Jiangsu Asia-Pacific Light Alloy Technology Co.,Ltd."
"002541.SZ","002541","鸿路钢构","安徽","钢加工","hlgg","主板","20110118","","","SZSE","L","安徽鸿路钢结构(集团)股份有限公司","Anhui Honglu Steel Construction(Group) Co.,Ltd."
"002542.SZ","002542","中化岩土","北京","建筑工程","zhyt","主板","20110128","成都市国有资产监督管理委员会","地方国企","SZSE","L","中化岩土集团股份有限公司","China Zhonghua Geotechnical Engineering Group Co.,Ltd."
"002543.SZ","002543","万和电气","广东","家用电器","whdq","主板","20110128","","","SZSE","L","广东万和新电气股份有限公司","Guangdong Vanward New Electric Co.,Ltd."
"002544.SZ","002544","普天科技","广东","通信设备","ptkj","主板","20110128","","","SZSE","L","中电科普天科技股份有限公司","CETC Potevio Science&Technology Co.,Ltd."
"002545.SZ","002545","东方铁塔","山东","农药化肥","dftt","主板","20110211","","","SZSE","L","青岛东方铁塔股份有限公司","Qingdao East Steel Tower Stock Co.Ltd"
"002546.SZ","002546","新联电子","江苏","电气设备","xldz","主板","20110211","","","SZSE","L","南京新联电子股份有限公司","Nanjing Xinlian Electronics Co., Ltd"
"002547.SZ","002547","春兴精工","江苏","汽车配件","cxjg","主板","20110218","孙洁晓","民营企业","SZSE","L","苏州春兴精工股份有限公司","Suzhou Chunxing Precision Mechanical Co.,Ltd"
"002548.SZ","002548","金新农","深圳","饲料","jxn","主板","20110218","","","SZSE","L","深圳市金新农科技股份有限公司","Shenzhen Kingsino Technology Co.,Ltd."
"002549.SZ","002549","凯美特气","湖南","环境保护","kmtq","主板","20110218","祝恩福","外资企业","SZSE","L","湖南凯美特气体股份有限公司","Hunan Kaimeite Gases Co., Ltd."
"002550.SZ","002550","千红制药","江苏","生物制药","qhzy","主板","20110218","王耀方","民营企业","SZSE","L","常州千红生化制药股份有限公司","Changzhou Qianhong Biopharma Co.,Ltd"
"002551.SZ","002551","尚荣医疗","深圳","医疗保健","sryl","主板","20110225","","","SZSE","L","深圳市尚荣医疗股份有限公司","Shenzhen Glory Medical Co.,Ltd."
"002552.SZ","002552","宝鼎科技","浙江","元器件","bdkj","主板","20110225","招远市人民政府","地方国企","SZSE","L","宝鼎科技股份有限公司","Baoding Technology Co.,Ltd."
"002553.SZ","002553","南方精工","江苏","汽车配件","nfjg","主板","20110225","史建伟","民营企业","SZSE","L","江苏南方精工股份有限公司","Jiangsu Nanfang Precision Co.,Ltd."
"002554.SZ","002554","惠博普","湖南","石油开采","hbp","主板","20110225","长沙市人民政府国有资产监督管理委员会","地方国企","SZSE","L","华油惠博普科技股份有限公司","China Oil Hbp Science & Technology Co., Ltd."
"002555.SZ","002555","三七互娱","安徽","互联网","sqhy","主板","20110302","","","SZSE","L","三七互娱网络科技集团股份有限公司","37 Interactive Entertainment Network Technology Group Co.,Ltd."
"002556.SZ","002556","辉隆股份","安徽","农药化肥","hlgf","主板","20110302","安徽省供销合作社联合社","集体企业","SZSE","L","安徽辉隆农资集团股份有限公司","Anhui Huilong Agricultural Means of Production .Co.,Ltd."
"002557.SZ","002557","洽洽食品","安徽","食品","qqsp","主板","20110302","","","SZSE","L","洽洽食品股份有限公司","Chacha Food Company,Limited"
"002558.SZ","002558","巨人网络","重庆","互联网","jrwl","主板","20110302","","","SZSE","L","巨人网络集团股份有限公司","Giant Network Group Co.,Ltd."
"002559.SZ","002559","亚威股份","江苏","机床制造","ywgf","主板","20110303","","","SZSE","L","江苏亚威机床股份有限公司","Jiangsu Yawei Machine Tool Co., Ltd."
"002560.SZ","002560","通达股份","河南","电气设备","tdgf","主板","20110303","","","SZSE","L","河南通达电缆股份有限公司","Henan Tong-Da Cable Co., Ltd"
"002561.SZ","002561","徐家汇","上海","百货","xjh","主板","20110303","上海市徐汇区人民政府国有资产监督管理委员会","地方国企","SZSE","L","上海徐家汇商城股份有限公司","Shanghai Xujiahui Commercial Co., Ltd."
"002562.SZ","002562","兄弟科技","浙江","化学制药","xdkj","主板","20110310","","","SZSE","L","兄弟科技股份有限公司","Brother Enterprises Holding Co.,Ltd."
"002563.SZ","002563","森马服饰","浙江","服饰","smfs","主板","20110311","","","SZSE","L","浙江森马服饰股份有限公司","Zhejiang Semir Garment Co., Ltd."
"002564.SZ","002564","天沃科技","江苏","化工机械","twkj","主板","20110310","上海市国有资产监督管理委员会","地方国企","SZSE","L","苏州天沃科技股份有限公司","Suzhou Thvow Technology Co.,Ltd."
"002565.SZ","002565","顺灏股份","上海","造纸","shgf","主板","20110318","王丹","外资企业","SZSE","L","上海顺灏新材料科技股份有限公司","Shanghai Shunho New Materials Technology Co.,Ltd."
"002566.SZ","002566","益盛药业","吉林","中成药","ysyy","主板","20110318","","","SZSE","L","吉林省集安益盛药业股份有限公司","Jilin Jian Yisheng Pharmaceutical Co.,Ltd."
"002567.SZ","002567","唐人神","湖南","饲料","trs","主板","20110325","陶一山","民营企业","SZSE","L","唐人神集团股份有限公司","Tangrenshen Group Co., Ltd"
"002568.SZ","002568","百润股份","上海","红黄酒","brgf","主板","20110325","","","SZSE","L","上海百润投资控股集团股份有限公司","Shanghai Bairun Investment Holding Group Co.,Ltd."
"002569.SZ","002569","*ST步森","浙江","服饰","stbs","主板","20110412","王春江","民营企业","SZSE","L","浙江步森服饰股份有限公司","Zhejiang Busen Garments Co.,Ltd."
"002570.SZ","002570","贝因美","浙江","乳制品","bym","主板","20110412","","","SZSE","L","贝因美股份有限公司","Beingmate Co., Ltd."
"002571.SZ","002571","德力股份","安徽","家居用品","dlgf","主板","20110412","","","SZSE","L","安徽德力日用玻璃股份有限公司","Anhui Deli Housedhold Glass Co.,Ltd"
"002572.SZ","002572","索菲亚","广东","家居用品","sfy","主板","20110412","","","SZSE","L","索菲亚家居股份有限公司","Suofeiya Home Collection Co., Ltd"
"002573.SZ","002573","清新环境","北京","环境保护","qxhj","主板","20110422","四川省政府国有资产监督管理委员会","地方国企","SZSE","L","北京清新环境技术股份有限公司","Beijing SPC Environment Protection Tech Co.,Ltd."
"002574.SZ","002574","明牌珠宝","浙江","服饰","mpzb","主板","20110422","","","SZSE","L","浙江明牌珠宝股份有限公司","Zhejiang Ming Jewelry Co., Ltd."
"002575.SZ","002575","群兴玩具","广东","文教休闲","qxwj","主板","20110422","","","SZSE","L","广东群兴玩具股份有限公司","Guangdong Qunxing Toys Joint-Stock Co., Ltd"
"002576.SZ","002576","通达动力","江苏","电气设备","tddl","主板","20110428","姜客宇","民营企业","SZSE","L","江苏通达动力科技股份有限公司","Jiangsu Tongda Power Technology Co., Ltd."
"002577.SZ","002577","雷柏科技","深圳","IT设备","lbkj","主板","20110428","曾浩","外资企业","SZSE","L","深圳雷柏科技股份有限公司","Shenzhen Rapoo Technology Co., Limited"
"002578.SZ","002578","闽发铝业","福建","铝","mfly","主板","20110428","上饶市国有资产监督管理委员会","地方国企","SZSE","L","福建省闽发铝业股份有限公司","Fujian Minfa Aluminium Inc."
"002579.SZ","002579","中京电子","广东","元器件","zjdz","主板","20110506","","","SZSE","L","惠州中京电子科技股份有限公司","Huizhou China Eagle Electronic Technology Inc."
"002580.SZ","002580","圣阳股份","山东","电气设备","sygf","主板","20110506","宋斌","民营企业","SZSE","L","山东圣阳电源股份有限公司","Shandong Sacred Sun Power Sources Co.,Ltd."
"002581.SZ","002581","ST未名","山东","生物制药","stwm","主板","20110520","潘爱华","民营企业","SZSE","L","山东未名生物医药股份有限公司","Shandong Sinobioway Biomedicine Co., Ltd."
"002582.SZ","002582","好想你","河南","食品","hxn","主板","20110520","石聚彬","民营企业","SZSE","L","好想你健康食品股份有限公司","Haoxiangni Health Food Co., Ltd."
"002583.SZ","002583","海能达","深圳","通信设备","hnd","主板","20110527","","","SZSE","L","海能达通信股份有限公司","Hytera Communications Corporation Limited"
"002584.SZ","002584","西陇科学","广东","化工原料","xlkx","主板","20110602","","","SZSE","L","西陇科学股份有限公司","Xilong Scientific Co.,Ltd"
"002585.SZ","002585","双星新材","江苏","塑料","sxxc","主板","20110602","","","SZSE","L","江苏双星彩塑新材料股份有限公司","Jiangsu Shuangxing Color Plastic New Materials Co.,Ltd."
"002586.SZ","002586","*ST围海","浙江","建筑工程","stwh","主板","20110602","冯全宏","民营企业","SZSE","L","浙江省围海建设集团股份有限公司","Zhejiang Reclaim Construction Group Co., Ltd."
"002587.SZ","002587","奥拓电子","深圳","元器件","atdz","主板","20110610","","","SZSE","L","深圳市奥拓电子股份有限公司","Shenzhen Aoto Electronics Co., Ltd"
"002588.SZ","002588","史丹利","山东","农药化肥","sdl","主板","20110610","","","SZSE","L","史丹利农业集团股份有限公司","Stanley Agriculture Group Co.,Ltd."
"002589.SZ","002589","瑞康医药","山东","医药商业","rkyy","主板","20110610","","","SZSE","L","瑞康医药集团股份有限公司","Realcan Pharmaceutical Group Co., Ltd."
"002590.SZ","002590","万安科技","浙江","汽车配件","wakj","主板","20110610","","","SZSE","L","浙江万安科技股份有限公司","Zhejiang Vie Science & Technology Co., Ltd"
"002591.SZ","002591","恒大高新","江西","环境保护","hdgx","主板","20110621","","","SZSE","L","江西恒大高新技术股份有限公司","Jiangxi Hengda Hi-Tech Co., Ltd."
"002592.SZ","002592","ST八菱","广西","汽车配件","stbl","主板","20111111","杨竞忠","民营企业","SZSE","L","南宁八菱科技股份有限公司","Nanning Baling Technology Co.,Ltd"
"002593.SZ","002593","日上集团","福建","钢加工","rsjt","主板","20110628","","","SZSE","L","厦门日上集团股份有限公司","Xiamen Sunrise Group Co., Ltd"
"002594.SZ","002594","比亚迪","深圳","汽车整车","byd","主板","20110630","","","SZSE","L","比亚迪股份有限公司","BYD Company Limited"
"002595.SZ","002595","豪迈科技","山东","专用机械","hmkj","主板","20110628","","","SZSE","L","山东豪迈机械科技股份有限公司","Himile Mechanical Science and Technology (Shandong) Co.,Ltd"
"002596.SZ","002596","海南瑞泽","海南","水泥","hnrz","主板","20110707","","","SZSE","L","海南瑞泽新型建材股份有限公司","Hainan Ruize New Building Material Co.,Ltd"
"002597.SZ","002597","金禾实业","安徽","食品","jhsy","主板","20110707","","","SZSE","L","安徽金禾实业股份有限公司","Anhui Jinhe Industrial Co.,Ltd."
"002598.SZ","002598","山东章鼓","山东","机械基件","sdzg","主板","20110707","济南市章丘区财政局","地方国企","SZSE","L","山东省章丘鼓风机股份有限公司","Shandong Zhangqiu Blower Co.,Ltd"
"002599.SZ","002599","盛通股份","北京","广告包装","stgf","主板","20110715","","","SZSE","L","北京盛通印刷股份有限公司","Beijing Shengtong Printing Co.,Ltd"
"002600.SZ","002600","领益智造","广东","元器件","lyzz","主板","20110715","","","SZSE","L","广东领益智造股份有限公司","Lingyi Itech (Guangdong) Company"
"002601.SZ","002601","龙佰集团","河南","化工原料","lbjt","主板","20110715","许刚","民营企业","SZSE","L","龙佰集团股份有限公司","LB Group Co.,Ltd."
"002602.SZ","002602","ST华通","浙江","互联网","stht","主板","20110728","无实际控制人","无","SZSE","L","浙江世纪华通集团股份有限公司","Zhejiang Century Huatong Group Co.,Ltd."
"002603.SZ","002603","以岭药业","河北","中成药","ylyy","主板","20110728","","","SZSE","L","石家庄以岭药业股份有限公司","Shijiazhuang Yiling Pharmaceutical Co.,Ltd"
"002605.SZ","002605","姚记科技","上海","互联网","yjkj","主板","20110805","","","SZSE","L","上海姚记科技股份有限公司","Shanghai Yaoji Technology Co.,Ltd."
"002606.SZ","002606","大连电瓷","辽宁","电气设备","dldc","主板","20110805","","","SZSE","L","大连电瓷集团股份有限公司","Dalian Insulator Group Co., Ltd."
"002607.SZ","002607","中公教育","安徽","文教休闲","zgjy","主板","20110810","鲁忠芳","民营企业","SZSE","L","中公教育科技股份有限公司","Offcn Education Technology Co., Ltd."
"002608.SZ","002608","江苏国信","江苏","火力发电","jsgx","主板","20110810","江苏省政府国有资产监督管理委员会","地方国企","SZSE","L","江苏国信股份有限公司","Jiangsu Guoxin Corp., Ltd."
"002609.SZ","002609","捷顺科技","深圳","软件服务","jskj","主板","20110815","","","SZSE","L","深圳市捷顺科技实业股份有限公司","Shenzhen Jieshun Science and Technology Industry Co.,Ltd."
"002611.SZ","002611","东方精工","广东","轻工机械","dfjg","主板","20110830","","","SZSE","L","广东东方精工科技股份有限公司","Guangdong Dongfang Precision Science & Technology Co., Ltd"
"002612.SZ","002612","朗姿股份","北京","服饰","lzgf","主板","20110830","","","SZSE","L","朗姿股份有限公司","Lancy Co.,Ltd."
"002613.SZ","002613","北玻股份","河南","专用机械","bbgf","主板","20110830","","","SZSE","L","洛阳北方玻璃技术股份有限公司","Luoyang Northglass Technology Co.,Ltd"
"002614.SZ","002614","奥佳华","福建","家用电器","ajh","主板","20110909","","","SZSE","L","奥佳华智能健康科技集团股份有限公司","Xiamen Comfort Science&Technology Group Co., Ltd."
"002615.SZ","002615","哈尔斯","浙江","家居用品","hes","主板","20110909","","","SZSE","L","浙江哈尔斯真空器皿股份有限公司","Zhejiang Haers Vacuum Containers Co., Ltd"
"002616.SZ","002616","长青集团","广东","环境保护","cqjt","主板","20110920","何启强","民营企业","SZSE","L","广东长青(集团)股份有限公司","Guangdong Chant Group Inc."
"002617.SZ","002617","露笑科技","浙江","电气设备","lxkj","主板","20110920","","","SZSE","L","露笑科技股份有限公司","Roshow Technology Co., Ltd"
"002620.SZ","002620","ST瑞和","深圳","装修装饰","strh","主板","20110929","","","SZSE","L","深圳瑞和建筑装饰股份有限公司","Shenzhen Ruihe Construction Decoration Co.,Ltd"
"002622.SZ","002622","皓宸医疗","吉林","医疗保健","hcyl","主板","20111018","解直锟","民营企业","SZSE","L","皓宸医疗科技股份有限公司","Whole Shine Medical Technology Co.,Ltd."
"002623.SZ","002623","亚玛顿","江苏","玻璃","ymd","主板","20111013","","","SZSE","L","常州亚玛顿股份有限公司","Changzhou Almaden Co., Ltd."
"002624.SZ","002624","完美世界","浙江","互联网","wmsj","主板","20111028","","","SZSE","L","完美世界股份有限公司","Perfect World Co., Ltd."
"002625.SZ","002625","光启技术","深圳","航空","gqjs","主板","20111103","","","SZSE","L","光启技术股份有限公司","Kuang-Chi Technologies Co., Ltd."
"002626.SZ","002626","金达威","福建","医疗保健","jdw","主板","20111028","","","SZSE","L","厦门金达威集团股份有限公司","Xiamen Kingdomway Group Company"
"002627.SZ","002627","三峡旅游","湖北","旅游景点","sxly","主板","20111103","宜昌市人民政府国有资产监督管理委员会","地方国企","SZSE","L","湖北三峡旅游集团股份有限公司","Hubei Three Gorges Tourism Group Co., Ltd."
"002628.SZ","002628","成都路桥","四川","建筑工程","cdlq","主板","20111103","刘江东","民营企业","SZSE","L","成都市路桥工程股份有限公司","Chengdu Road & Bridge Engineering Co.Ltd"
"002629.SZ","002629","仁智股份","浙江","石油开采","rzgf","主板","20111103","陈泽虹","民营企业","SZSE","L","浙江仁智股份有限公司","Zhejiang Renzhi Co.,Ltd."
"002630.SZ","002630","ST华西","四川","专用机械","sthx","主板","20111111","","","SZSE","L","华西能源工业股份有限公司","China Western Power Industrial Co., Ltd."
"002631.SZ","002631","德尔未来","江苏","家居用品","dewl","主板","20111111","","","SZSE","L","德尔未来科技控股集团股份有限公司","DER Future Science and Technology Holding Group Co., Ltd."
"002632.SZ","002632","道明光学","浙江","塑料","dmgx","主板","20111122","胡智彪","民营企业","SZSE","L","道明光学股份有限公司","Daoming Optics&Chemical Co.,Ltd"
"002633.SZ","002633","申科股份","浙江","机械基件","skgf","主板","20111122","何全波","民营企业","SZSE","L","申科滑动轴承股份有限公司","Shenke Slide Bearing Corporation"
"002634.SZ","002634","棒杰股份","浙江","服饰","bjgf","主板","20111205","","","SZSE","L","浙江棒杰控股集团股份有限公司","Zhejiang Bangjie Holding Group Co.,Ltd"
"002635.SZ","002635","安洁科技","江苏","元器件","ajkj","主板","20111125","","","SZSE","L","苏州安洁科技股份有限公司","Suzhou Anjie Technology Co., Ltd"
"002636.SZ","002636","金安国纪","上海","元器件","jagj","主板","20111125","","","SZSE","L","金安国纪集团股份有限公司","Goldenmax International Group Ltd."
"002637.SZ","002637","赞宇科技","浙江","日用化工","zykj","主板","20111125","张惠琪","民营企业","SZSE","L","赞宇科技集团股份有限公司","Zanyu Technology Group Co., Ltd."
"002638.SZ","002638","勤上股份","广东","家用电器","qsgf","主板","20111125","李旭亮","民营企业","SZSE","L","东莞勤上光电股份有限公司","Dongguan Kingsun Optoelectronic Co.,Ltd"
"002639.SZ","002639","雪人集团","福建","专用机械","xrjt","主板","20111205","","","SZSE","L","福建雪人集团股份有限公司","Fujian Snowman Group Co.,Ltd"
"002640.SZ","002640","跨境通","山西","互联网","kjt","主板","20111208","广州开发区管理委员会","地方国企","SZSE","L","跨境通宝电子商务股份有限公司","Global Top E-Commerce Co.,Ltd"
"002641.SZ","002641","公元股份","浙江","塑料","gygf","主板","20111208","","","SZSE","L","公元股份有限公司","ERA Co.,Ltd."
"002642.SZ","002642","荣联科技","北京","软件服务","rlkj","主板","20111220","济宁高新技术产业开发区国有资本管理办公室","地方国企","SZSE","L","荣联科技集团股份有限公司","Ronglian Group Ltd."
"002643.SZ","002643","万润股份","山东","化工原料","wrgf","主板","20111220","","","SZSE","L","中节能万润股份有限公司","Valiant Co.,Ltd"
"002644.SZ","002644","佛慈制药","甘肃","中成药","fczy","主板","20111222","兰州市人民政府国有资产监督管理委员会","地方国企","SZSE","L","兰州佛慈制药股份有限公司","Lanzhou Foci Pharmaceutical Co.,Ltd."
"002645.SZ","002645","华宏科技","江苏","专用机械","hhkj","主板","20111220","","","SZSE","L","江苏华宏科技股份有限公司","Jiangsu Huahong Technology Co., Ltd."
"002646.SZ","002646","天佑德酒","青海","白酒","tydj","主板","20111222","","","SZSE","L","青海互助天佑德青稞酒股份有限公司","Qinghai Huzhu TianYouDe Highland Barley Spirit Co.,Ltd."
"002647.SZ","002647","*ST仁东","广东","多元金融","strd","主板","20111228","北京市海淀区人民政府国有资产监督管理委员会","地方国企","SZSE","L","仁东控股股份有限公司","Rendong Holdings Co.,Ltd."
"002648.SZ","002648","卫星化学","浙江","化工原料","wxhx","主板","20111228","","","SZSE","L","卫星化学股份有限公司","Satellite Chemical Co., Ltd."
"002649.SZ","002649","博彦科技","北京","软件服务","bykj","主板","20120106","","","SZSE","L","博彦科技股份有限公司","Beyondsoft Corporation"
"002650.SZ","002650","ST加加","湖南","食品","stjj","主板","20120106","","","SZSE","L","加加食品集团股份有限公司","Jiajia Food Group Co.,Ltd."
"002651.SZ","002651","利君股份","四川","航空","ljgf","主板","20120106","","","SZSE","L","成都利君实业股份有限公司","Chengdu Leejun Industrial Co., Ltd."
"002652.SZ","002652","扬子新材","江苏","其他建材","yzxc","主板","20120119","","","SZSE","L","苏州扬子江新型材料股份有限公司","Suzhou Yangtze New Materials Co., Ltd"
"002653.SZ","002653","海思科","西藏","化学制药","hsk","主板","20120117","","","SZSE","L","海思科医药集团股份有限公司","Haisco Pharmaceutical Group Co., Ltd."
"002654.SZ","002654","万润科技","深圳","互联网","wrkj","主板","20120217","","","SZSE","L","深圳万润科技股份有限公司","Shenzhen Mason Technologies Co.,Ltd"
"002655.SZ","002655","共达电声","山东","元器件","gdds","主板","20120217","万魔声学股份有限公司","民营企业","SZSE","L","共达电声股份有限公司","Gettop Acoustic Co., Ltd."
"002656.SZ","002656","*ST摩登","广东","服饰","stmd","主板","20120228","","","SZSE","L","摩登大道时尚集团股份有限公司","Modern Avenue Group Co.,Ltd."
"002657.SZ","002657","中科金财","北京","软件服务","zkjc","主板","20120228","","","SZSE","L","北京中科金财科技股份有限公司","Sinodata Co., Ltd."
"002658.SZ","002658","雪迪龙","北京","环境保护","xdl","主板","20120309","","","SZSE","L","北京雪迪龙科技股份有限公司","Beijing SDL Technology Co.,Ltd."
"002659.SZ","002659","凯文教育","北京","文教休闲","kwjy","主板","20120309","","","SZSE","L","北京凯文德信教育科技股份有限公司","Beijing Kaiwen Education Technology Co., Ltd"
"002660.SZ","002660","茂硕电源","深圳","电气设备","msdy","主板","20120316","济南产业发展投资集团有限公司","地方国企","SZSE","L","茂硕电源科技股份有限公司","Moso Power Supply Technology Co.,Ltd"
"002661.SZ","002661","克明食品","湖南","食品","kmsp","主板","20120316","","","SZSE","L","陈克明食品股份有限公司","Chen Ke Ming Food Manufacturing Co.,Ltd"
"002662.SZ","002662","峰璟股份","北京","汽车配件","fjgf","主板","20120309","无实际控制人","无","SZSE","L","北京峰璟汽车零部件股份有限公司","Beijing Fengjing Automotive Parts Co., Ltd."
"002663.SZ","002663","普邦股份","广东","建筑工程","pbgf","主板","20120316","","","SZSE","L","广州普邦园林股份有限公司","Pubang Landscape Architecture Co., Ltd"
"002664.SZ","002664","信质集团","浙江","汽车配件","xzjt","主板","20120316","","","SZSE","L","信质集团股份有限公司","Xinzhi Group Co.,Ltd"
"002666.SZ","002666","德联集团","广东","化工原料","dljt","主板","20120327","","","SZSE","L","广东德联集团股份有限公司","Guangdong Delian Group Co., Ltd."
"002667.SZ","002667","威领股份","湖南","小金属","wlgf","主板","20120329","黄达","民营企业","SZSE","L","威领新能源股份有限公司","Willing New Energy Co., Ltd"
"002668.SZ","002668","TCL智家","广东","家用电器","tclzj","主板","20120416","李东生","民营企业","SZSE","L","广东TCL智慧家电股份有限公司","Guangdong TCL Smart Home Appliances Co.,Ltd."
"002669.SZ","002669","康达新材","上海","化工原料","kdxc","主板","20120416","唐山市人民政府国有资产监督管理委员会","地方国企","SZSE","L","康达新材料(集团)股份有限公司","Kangda New Materials (Group) Co., Ltd"
"002670.SZ","002670","国盛金控","江西","证券","gsjk","主板","20120416","江西省交通运输厅","地方国企","SZSE","L","国盛金融控股集团股份有限公司","Guosheng Financial Holding Inc."
"002671.SZ","002671","龙泉股份","山东","水泥","lqgf","主板","20120426","许培锋","外资企业","SZSE","L","山东龙泉管业股份有限公司","Shandong Longquan Pipe Industry Co.,Ltd"
"002672.SZ","002672","东江环保","深圳","环境保护","djhb","主板","20120426","","","SZSE","L","东江环保股份有限公司","Dongjiang Environmental Company Limited"
"002673.SZ","002673","西部证券","陕西","证券","xbzq","主板","20120503","","","SZSE","L","西部证券股份有限公司","Western Securities Co.,Ltd."
"002674.SZ","002674","兴业科技","福建","纺织","xykj","主板","20120507","","","SZSE","L","兴业皮革科技股份有限公司","Xingye Leather Technology Co.,Ltd."
"002675.SZ","002675","东诚药业","山东","化学制药","dcyy","主板","20120525","","","SZSE","L","烟台东诚药业集团股份有限公司","Yantai Dongcheng Biochemicals Co.,Ltd"
"002676.SZ","002676","顺威股份","广东","家用电器","swgf","主板","20120525","麦仁钊","外资企业","SZSE","L","广东顺威精密塑料股份有限公司","Guangdong Sunwill Precising Plastic Co., Ltd"
"002677.SZ","002677","浙江美大","浙江","家用电器","zjmd","主板","20120525","夏志生","民营企业","SZSE","L","浙江美大实业股份有限公司","Zhejiang Meida Industrial Co.,Ltd."
"002678.SZ","002678","珠江钢琴","广东","文教休闲","zjgq","主板","20120530","","","SZSE","L","广州珠江钢琴集团股份有限公司","Guangzhou Pearl River Piano Group Co.,Ltd"
"002679.SZ","002679","福建金森","福建","林业","fjjs","主板","20120605","","","SZSE","L","福建金森林业股份有限公司","Fujian Jinsen Forestry Co.,Ltd"
"002681.SZ","002681","奋达科技","深圳","元器件","fdkj","主板","20120605","","","SZSE","L","深圳市奋达科技股份有限公司","Shenzhen Fenda Technology Co.,Ltd"
"002682.SZ","002682","龙洲股份","福建","仓储物流","lzgf","主板","20120612","","","SZSE","L","龙洲集团股份有限公司","Longzhou Group Co.,Ltd."
"002683.SZ","002683","广东宏大","广东","化工原料","gdhd","主板","20120612","广东省环保集团有限公司","地方国企","SZSE","L","广东宏大控股集团股份有限公司","Guangdong Hongda Holdings Group Co.,Ltd."
"002685.SZ","002685","华东重机","江苏","机床制造","hdzj","主板","20120612","翁耀根","民营企业","SZSE","L","无锡华东重型机械股份有限公司","Wuxi Huadong Heavy Machinery Co.,Ltd."
"002686.SZ","002686","亿利达","浙江","专用机械","yld","主板","20120703","","","SZSE","L","浙江亿利达风机股份有限公司","Zhejiang Yilida Ventilator Co.,Ltd."
"002687.SZ","002687","乔治白","浙江","服饰","qzb","主板","20120713","池也","民营企业","SZSE","L","浙江乔治白服饰股份有限公司","Zhejiang Giuseppe Garment Co., Ltd"
"002688.SZ","002688","金河生物","内蒙","农业综合","jhsw","主板","20120713","","","SZSE","L","金河生物科技股份有限公司","Jinhe Biotechnology Co.,Ltd."
"002689.SZ","002689","远大智能","辽宁","运输设备","ydzn","主板","20120717","康宝华","民营企业","SZSE","L","沈阳远大智能工业集团股份有限公司","Shenyang Yuanda Intellectual Industry Group Co.,Ltd"
"002690.SZ","002690","美亚光电","安徽","专用机械","mygd","主板","20120731","","","SZSE","L","合肥美亚光电技术股份有限公司","Hefei Meyer Optoelectronic Technology Inc."
"002691.SZ","002691","冀凯股份","河北","专用机械","jkgf","主板","20120731","","","SZSE","L","冀凯装备制造股份有限公司","Jikai Equipment Manufacturing Co., Ltd."
"002692.SZ","002692","远程股份","江苏","电气设备","ycgf","主板","20120808","无实际控制人","无","SZSE","L","远程电缆股份有限公司","Yuancheng Cable Co.,Ltd."
"002693.SZ","002693","*ST双成","海南","生物制药","stsc","主板","20120808","","","SZSE","L","海南双成药业股份有限公司","Hainan Shuangcheng Pharmaceuticals Co., Ltd."
"002694.SZ","002694","顾地科技","湖北","塑料","gdkj","主板","20120816","林超群","外资企业","SZSE","L","顾地科技股份有限公司","Goody Science & Technology Co.,Ltd."
"002695.SZ","002695","煌上煌","江西","食品","hsh","主板","20120905","","","SZSE","L","江西煌上煌集团食品股份有限公司","Jiangxi Huangshanghuang Group Food Co., Ltd."
"002696.SZ","002696","百洋股份","广西","饲料","bygf","主板","20120905","青岛市人民政府国有资产监督管理委员会","地方国企","SZSE","L","百洋产业投资集团股份有限公司","Baiyang Investment Group, Inc."
"002697.SZ","002697","红旗连锁","四川","超市连锁","hqls","主板","20120905","曹世如","民营企业","SZSE","L","成都红旗连锁股份有限公司","Chengdu Hongqi Chain Co.,Ltd."
"002698.SZ","002698","博实股份","黑龙江","化工机械","bsgf","主板","20120911","邓喜军","民营企业","SZSE","L","哈尔滨博实自动化股份有限公司","Harbin Boshi Automation Co., Ltd."
"002700.SZ","002700","万憬能源","新疆","供气供热","wjny","主板","20120921","周举东","民营企业","SZSE","L","新疆万憬能源股份有限公司","Xinjiang Wanjing Energy Co.,Ltd"
"002701.SZ","002701","奥瑞金","北京","广告包装","arj","主板","20121011","","","SZSE","L","奥瑞金科技股份有限公司","ORG Technology Co.,Ltd."
"002702.SZ","002702","海欣食品","福建","食品","hxsp","主板","20121011","","","SZSE","L","海欣食品股份有限公司","Haixin Foods Co.,Ltd"
"002703.SZ","002703","浙江世宝","浙江","汽车配件","zjsb","主板","20121102","","","SZSE","L","浙江世宝股份有限公司","Zhejiang Shibao Company Limited"
"002705.SZ","002705","新宝股份","广东","家用电器","xbgf","主板","20140121","","","SZSE","L","广东新宝电器股份有限公司","Guangdong Xinbao Electrical Appliances Holdings Co.,Ltd"
"002706.SZ","002706","良信股份","上海","电气设备","lxgf","主板","20140121","任思龙","民营企业","SZSE","L","上海良信电器股份有限公司","Shanghai Liangxin Electrical Co.,Ltd."
"002707.SZ","002707","众信旅游","北京","旅游服务","zxly","主板","20140123","","","SZSE","L","众信旅游集团股份有限公司","Utour Group Co., Ltd."
"002708.SZ","002708","光洋股份","江苏","汽车配件","gygf","主板","20140121","扬州富海光洋股权投资基金合伙企业(有限合伙)","民营企业","SZSE","L","常州光洋轴承股份有限公司","Changzhou Nrb Corporation"
"002709.SZ","002709","天赐材料","广东","化工原料","tccl","主板","20140123","","","SZSE","L","广州天赐高新材料股份有限公司","Guangzhou Tinci Materials Technology Co., Ltd"
"002712.SZ","002712","思美传媒","浙江","广告包装","smcm","主板","20140123","四川省政府国有资产监督管理委员会","地方国企","SZSE","L","思美传媒股份有限公司","Simei Media Co.,Ltd."
"002713.SZ","002713","*ST东易","北京","装修装饰","stdy","主板","20140219","陈辉","民营企业","SZSE","L","东易日盛家居装饰集团股份有限公司","Dong Yi Ri Sheng Home Decoration Group Co.,Ltd."
"002714.SZ","002714","牧原股份","河南","农业综合","mygf","主板","20140128","","","SZSE","L","牧原食品股份有限公司","Muyuan Foods Co., Ltd."
"002715.SZ","002715","登云股份","广东","汽车配件","dygf","主板","20140219","","","SZSE","L","怀集登云汽配股份有限公司","Huaiji Dengyun Auto-Parts (Holding) Co.,Ltd."
"002716.SZ","002716","湖南白银","湖南","小金属","hnby","主板","20140128","郴州市发展投资集团产业投资经营有限公司","地方国企","SZSE","L","湖南白银股份有限公司","Hunan Silver Co.,Ltd."
"002717.SZ","002717","ST岭南","广东","环境保护","stln","主板","20140219","中山火炬高技术产业开发区管理委员会","地方国企","SZSE","L","岭南生态文旅股份有限公司","Lingnan Eco & Culture-Tourism Co.,Ltd."
"002718.SZ","002718","友邦吊顶","浙江","其他建材","ybdd","主板","20140128","时沈祥","民营企业","SZSE","L","浙江友邦集成吊顶股份有限公司","Zhejiang Youpon Integrated Ceiling Co.,Ltd."
"002719.SZ","002719","麦趣尔","新疆","乳制品","mqe","主板","20140128","","","SZSE","L","麦趣尔集团股份有限公司","Maiquer Group Co.,Ltd"
"002721.SZ","002721","金一文化","北京","服饰","jywh","主板","20140127","","","SZSE","L","北京金一文化发展股份有限公司","Beijing Kingee Culture Development Co.,Ltd."
"002722.SZ","002722","物产金轮","江苏","钢加工","wcjl","主板","20140128","浙江省人民政府国有资产监督管理委员会","地方国企","SZSE","L","物产中大金轮蓝海股份有限公司","Wuchan Zhongda Geron Co.,Ltd."
"002723.SZ","002723","小崧股份","广东","家用电器","xsgf","主板","20140129","","","SZSE","L","广东小崧科技股份有限公司","Kennede Electronics Mfg. Co., Ltd"
"002724.SZ","002724","海洋王","深圳","元器件","hyw","主板","20141104","徐素","民营企业","SZSE","L","海洋王照明科技股份有限公司","Ocean's King Lighting Science & Technology Co., Ltd"
"002725.SZ","002725","跃岭股份","浙江","汽车配件","ylgf","主板","20140129","","","SZSE","L","浙江跃岭股份有限公司","Zhejiang Yueling Co.,Ltd."
"002726.SZ","002726","龙大美食","山东","食品","ldms","主板","20140626","戴学斌","民营企业","SZSE","L","山东龙大美食股份有限公司","Shandong Longda Meishi Co.,Ltd."
"002727.SZ","002727","一心堂","云南","医药商业","yxt","主板","20140702","","","SZSE","L","一心堂药业集团股份有限公司","Yixintang Pharmaceutical Co., Ltd."
"002728.SZ","002728","特一药业","广东","中成药","tyyy","主板","20140731","许丹青","民营企业","SZSE","L","特一药业集团股份有限公司","Teyi Pharmaceutical Group Co.,Ltd"
"002729.SZ","002729","好利科技","福建","元器件","hlkj","主板","20140912","黄汉侨","外资企业","SZSE","L","好利来(中国)电子科技股份有限公司","Hollyland (China) Electronics Technology Corp., Ltd."
"002730.SZ","002730","电光科技","浙江","专用机械","dgkj","主板","20141009","石晓霞","民营企业","SZSE","L","电光防爆科技股份有限公司","Dianguang Explosion-Proof Technology Co.,Ltd."
"002731.SZ","002731","萃华珠宝","辽宁","服饰","chzb","主板","20141104","","","SZSE","L","沈阳萃华金银珠宝股份有限公司","Shenyang Cuihua Gold and Silver Jewelry Co., Ltd."
"002732.SZ","002732","燕塘乳业","广东","乳制品","ytry","主板","20141205","","","SZSE","L","广东燕塘乳业股份有限公司","Guangdong Yantang Dairy Co.,Ltd."
"002733.SZ","002733","雄韬股份","深圳","电气设备","xtgf","主板","20141203","","","SZSE","L","深圳市雄韬电源科技股份有限公司","Shenzhen Center Power Tech Co., Ltd"
"002734.SZ","002734","利民股份","江苏","农药化肥","lmgf","主板","20150127","","","SZSE","L","利民控股集团股份有限公司","Limin Group Co.,Ltd."
"002735.SZ","002735","王子新材","深圳","塑料","wzxc","主板","20141203","王进军","民营企业","SZSE","L","深圳王子新材料股份有限公司","Shenzhen Prince New Materials Co.,Ltd."
"002736.SZ","002736","国信证券","深圳","证券","gxzq","主板","20141229","深圳市人民政府国有资产监督管理委员会","地方国企","SZSE","L","国信证券股份有限公司","Guosen Securities Co.,Ltd."
"002737.SZ","002737","葵花药业","黑龙江","中成药","khyy","主板","20141230","","","SZSE","L","葵花药业集团股份有限公司","Sunflower Pharmaceutical Group Co.,Ltd"
"002738.SZ","002738","中矿资源","北京","小金属","zkzy","主板","20141230","","","SZSE","L","中矿资源集团股份有限公司","Sinomine Resource Group Co., Ltd."
"002739.SZ","002739","万达电影","北京","影视音像","wddy","主板","20150122","","","SZSE","L","万达电影股份有限公司","Wanda Film Holding Co., Ltd"
"002741.SZ","002741","光华科技","广东","化工原料","ghkj","主板","20150216","","","SZSE","L","广东光华科技股份有限公司","Guangdong Guanghua Sci-Tech Co., Ltd."
"002742.SZ","002742","*ST三圣","重庆","水泥","stss","主板","20150217","潘先文","民营企业","SZSE","L","重庆三圣实业股份有限公司","Chongqing Sansheng Industrial Co.,Ltd."
"002743.SZ","002743","富煌钢构","安徽","钢加工","fhgg","主板","20150217","","","SZSE","L","安徽富煌钢构股份有限公司","Anhui Fuhuang Steel Structure Co., Ltd"
"002745.SZ","002745","木林森","广东","元器件","mls","主板","20150217","孙清焕","民营企业","SZSE","L","木林森股份有限公司","MLS Co., Ltd."
"002746.SZ","002746","仙坛股份","山东","农业综合","xtgf","主板","20150216","","","SZSE","L","山东仙坛股份有限公司","Shandong Xiantan Co.,Ltd."
"002747.SZ","002747","埃斯顿","江苏","机械基件","asd","主板","20150320","","","SZSE","L","南京埃斯顿自动化股份有限公司","Estun Automation Co., Ltd"
"002748.SZ","002748","世龙实业","江西","化工原料","slsy","主板","20150319","","","SZSE","L","江西世龙实业股份有限公司","Jiangxi Selon Industrial Co., Ltd"
"002749.SZ","002749","国光股份","四川","农药化肥","gggf","主板","20150320","","","SZSE","L","四川国光农化股份有限公司","Sichuan Guoguang Agrochemical Co., Ltd."
"002752.SZ","002752","昇兴股份","福建","广告包装","sxgf","主板","20150422","林永贤","外资企业","SZSE","L","昇兴集团股份有限公司","Sunrise Group Company Limited"
"002753.SZ","002753","永东股份","山西","化工原料","ydgf","主板","20150519","","","SZSE","L","山西永东化工股份有限公司","Shanxi Yongdong Chemistry Industry Co.,Ltd."
"002755.SZ","002755","奥赛康","北京","化学制药","ask","主板","20150515","陈庆财","民营企业","SZSE","L","北京奥赛康药业股份有限公司","Beijing Aosaikang Pharmaceutical Co.,Ltd."
"002756.SZ","002756","永兴材料","浙江","小金属","yxcl","主板","20150515","","","SZSE","L","永兴特种材料科技股份有限公司","Yongxing Special Materials Technology Co.,Ltd"
"002757.SZ","002757","南兴股份","广东","专用机械","nxgf","主板","20150527","詹谏醒","民营企业","SZSE","L","南兴装备股份有限公司","Nanxing Machinery Co., Ltd."
"002758.SZ","002758","浙农股份","浙江","批发业","zngf","主板","20150527","浙江省供销合作社联合社","集体企业","SZSE","L","浙农集团股份有限公司","ZJAMP Group Co., Ltd."
"002759.SZ","002759","天际股份","广东","电气设备","tjgf","主板","20150528","吴锡盾","外资企业","SZSE","L","天际新能源科技股份有限公司","Tonze New Energy Technology Co.,Ltd."
"002760.SZ","002760","凤形股份","江西","机械基件","fxgf","主板","20150611","黄代放","民营企业","SZSE","L","凤形股份有限公司","Fengxing Co., Ltd."
"002761.SZ","002761","浙江建投","浙江","建筑工程","zjjt","主板","20150610","浙江省人民政府国有资产监督管理委员会","地方国企","SZSE","L","浙江省建设投资集团股份有限公司","Zhejiang Construction Investment Group Co.,Ltd"
"002762.SZ","002762","*ST金比","广东","服饰","stjb","主板","20150610","林浩亮","民营企业","SZSE","L","金发拉比妇婴童用品股份有限公司","Jinfa Labi Maternity & Baby Articles Co., Ltd."
"002763.SZ","002763","汇洁股份","深圳","服饰","hjgf","主板","20150610","吕兴平","民营企业","SZSE","L","深圳汇洁集团股份有限公司","Shenzhen Huijie Group Co., Ltd."
"002765.SZ","002765","蓝黛科技","重庆","元器件","ldkj","主板","20150612","朱堂福","民营企业","SZSE","L","蓝黛科技集团股份有限公司","Landai Technology Group Corp., Ltd."
"002766.SZ","002766","索菱股份","深圳","汽车配件","slgf","主板","20150611","许培锋","民营企业","SZSE","L","深圳市索菱实业股份有限公司","Shenzhen Soling Industrial Co.,Ltd."
"002767.SZ","002767","先锋电子","浙江","电器仪表","xfdz","主板","20150612","石义民","民营企业","SZSE","L","杭州先锋电子技术股份有限公司","Hangzhou Innover Technology Co., Ltd."
"002768.SZ","002768","国恩股份","山东","塑料","gegf","主板","20150630","","","SZSE","L","青岛国恩科技股份有限公司","Qingdao Gon Technology Co., Ltd."
"002769.SZ","002769","普路通","深圳","仓储物流","plt","主板","20150629","广州市人民政府","地方国企","SZSE","L","广东省普路通供应链管理股份有限公司","Guangdong Prolto Supply Chain Management Co.,Ltd"
"002771.SZ","002771","真视通","北京","软件服务","zst","主板","20150629","胡小周","民营企业","SZSE","L","北京真视通科技股份有限公司","Beijing Transtrue Technology Inc."
"002772.SZ","002772","众兴菌业","甘肃","种植业","zxjy","主板","20150626","","","SZSE","L","天水众兴菌业科技股份有限公司","Tianshui Zhongxing Bio-Technology Co.,Ltd."
"002773.SZ","002773","康弘药业","四川","化学制药","khyy","主板","20150626","","","SZSE","L","成都康弘药业集团股份有限公司","Chengdu Kanghong Pharmaceutical Group Co., Ltd"
"002774.SZ","002774","快意电梯","广东","运输设备","kydt","主板","20170324","","","SZSE","L","快意电梯股份有限公司","Ife Elevators Co., Ltd."
"002775.SZ","002775","文科股份","广东","建筑工程","wkgf","主板","20150629","佛山市人民政府国有资产监督管理委员会","地方国企","SZSE","L","广东文科绿色科技股份有限公司","Guangdong Wenke Green Technology Corp.,Ltd."
"002777.SZ","002777","久远银海","四川","软件服务","jyyh","主板","20151231","","","SZSE","L","四川久远银海软件股份有限公司","Sichuan Jiuyuan Yinhai Software.Co.,Ltd"
"002778.SZ","002778","中晟高科","江苏","环境保护","zsgk","主板","20160106","苏州市吴中区人民政府","地方国企","SZSE","L","江苏中晟高科环境股份有限公司","Jiangsu Zhongsheng Gaoke Environmental Co.,Ltd."
"002779.SZ","002779","中坚科技","浙江","农用机械","zjkj","主板","20151209","","","SZSE","L","浙江中坚科技股份有限公司","Zhejiang Zhongjian Technology Co .,Ltd."
"002780.SZ","002780","三夫户外","北京","服饰","sfhw","主板","20151209","","","SZSE","L","北京三夫户外用品股份有限公司","Beijing Sanfo Outdoor Products Co., Ltd"
"002782.SZ","002782","可立克","深圳","元器件","klk","主板","20151222","","","SZSE","L","深圳可立克科技股份有限公司","Shenzhen Click Technology Co., Ltd."
"002783.SZ","002783","凯龙股份","湖北","化工原料","klgf","主板","20151209","荆门市人民政府国有资产监督管理委员会","地方国企","SZSE","L","湖北凯龙化工集团股份有限公司","Hubei Kailong Chemical Group Co.,Ltd"
"002785.SZ","002785","万里石","福建","其他建材","wls","主板","20151223","","","SZSE","L","厦门万里石股份有限公司","Xiamen Wanli Stone Stock Co.,Ltd"
"002786.SZ","002786","银宝山新","深圳","专用机械","ybsx","主板","20151223","中国东方资产管理股份有限公司","中央国企","SZSE","L","深圳市银宝山新科技股份有限公司","Shenzhen Silver Basis Technology Co.,Ltd."
"002787.SZ","002787","华源控股","江苏","广告包装","hykg","主板","20151231","","","SZSE","L","苏州华源控股股份有限公司","Suzhou Hycan Holdings Co., Ltd."
"002788.SZ","002788","鹭燕医药","福建","医药商业","lyyy","主板","20160218","","","SZSE","L","鹭燕医药股份有限公司","Luyan Pharma Co.,Ltd."
"002789.SZ","002789","*ST建艺","深圳","装修装饰","stjy","主板","20160311","珠海市香洲区国有资产管理办公室","地方国企","SZSE","L","深圳市建艺装饰集团股份有限公司","Shenzhen Jianyi Decoration Group Co.,Ltd."
"002790.SZ","002790","瑞尔特","福建","家居用品","ret","主板","20160308","","","SZSE","L","厦门瑞尔特卫浴科技股份有限公司","Xiamen R&T Plumbing Technology Co.,Ltd."
"002791.SZ","002791","坚朗五金","广东","其他建材","jlwj","主板","20160329","","","SZSE","L","广东坚朗五金制品股份有限公司","Guangdong Kinlong Hardware Products Co.,Ltd."
"002792.SZ","002792","通宇通讯","广东","通信设备","tytx","主板","20160328","","","SZSE","L","广东通宇通讯股份有限公司","Tongyu Communication Inc."
"002793.SZ","002793","罗欣药业","山东","化学制药","lxyy","主板","20160415","刘保起","民营企业","SZSE","L","罗欣药业集团股份有限公司","Luoxin Pharmaceuticals Group Stock Co., Ltd."
"002795.SZ","002795","永和智控","浙江","机械基件","yhzk","主板","20160428","曹德莅","民营企业","SZSE","L","永和流体智控股份有限公司","Yorhe Fluid Intelligent Control Company Limited"
"002796.SZ","002796","世嘉科技","江苏","通信设备","sjkj","主板","20160510","","","SZSE","L","苏州市世嘉科技股份有限公司","Suzhou Shijia Science & Technology Inc."
"002797.SZ","002797","第一创业","深圳","证券","dycy","主板","20160511","","","SZSE","L","第一创业证券股份有限公司","First Capital Securities Co., Ltd."
"002798.SZ","002798","帝欧水华","四川","家居用品","dosh","主板","20160525","","","SZSE","L","帝欧水华集团股份有限公司","DO&SHUIHUA Group Co.,LTD."
"002799.SZ","002799","环球印务","陕西","广告包装","hqyw","主板","20160608","","","SZSE","L","西安环球印务股份有限公司","Xi'an Global Printing Co.,Ltd"
"002800.SZ","002800","天顺股份","新疆","仓储物流","tsgf","主板","20160530","","","SZSE","L","新疆天顺供应链股份有限公司","Xinjiang Tianshun Supply Chain Co.,Ltd."
"002801.SZ","002801","微光股份","浙江","电气设备","wggf","主板","20160622","","","SZSE","L","杭州微光电子股份有限公司","Hangzhou Weiguang Electronic Co.,Ltd."
"002802.SZ","002802","洪汇新材","江苏","化工原料","hhxc","主板","20160629","","","SZSE","L","无锡洪汇新材料科技股份有限公司","Wuxi Honghui New Materials Technology Co.,Ltd"
"002803.SZ","002803","吉宏股份","福建","互联网","jhgf","主板","20160712","","","SZSE","L","厦门吉宏科技股份有限公司","Xiamen Jihong Technology Co.,Ltd"
"002805.SZ","002805","丰元股份","山东","电气设备","fygf","主板","20160707","","","SZSE","L","山东丰元化学股份有限公司","Shandong Fengyuan Chemical Co.,Ltd."
"002806.SZ","002806","华锋股份","广东","汽车配件","hfgf","主板","20160726","","","SZSE","L","广东华锋新能源科技股份有限公司","Guangdong Huafeng New Energy Technology Co.,Ltd."
"002807.SZ","002807","江阴银行","江苏","银行","jyyh","主板","20160902","","","SZSE","L","江苏江阴农村商业银行股份有限公司","Jiangsu Jiangyin Rural Commercial Bank Co.,Ltd."
"002808.SZ","002808","*ST恒久","江苏","元器件","sthj","主板","20160812","余荣清","民营企业","SZSE","L","苏州恒久光电科技股份有限公司","Suzhou Goldengreen Technologies Ltd."
"002809.SZ","002809","红墙股份","广东","化工原料","hqgf","主板","20160823","","","SZSE","L","广东红墙新材料股份有限公司","Guangdong Redwall New Materials Co.,Ltd."
"002810.SZ","002810","山东赫达","山东","化工原料","sdhd","主板","20160826","毕心德","民营企业","SZSE","L","山东赫达集团股份有限公司","Shandong Head Group Co.,Ltd."
"002811.SZ","002811","郑中设计","深圳","装修装饰","zzsj","主板","20160908","","","SZSE","L","深圳市郑中设计股份有限公司","Shenzhen Cheng Chung Design Co., Ltd."
"002812.SZ","002812","恩捷股份","云南","电气设备","ejgf","主板","20160914","李晓明","外资企业","SZSE","L","云南恩捷新材料股份有限公司","Yunnan Energy New Material Co.,Ltd."
"002813.SZ","002813","路畅科技","深圳","汽车配件","lckj","主板","20161012","无实际控制人","无","SZSE","L","深圳市路畅科技股份有限公司","Shenzhen Roadrover Technology Co.,Ltd"
"002815.SZ","002815","崇达技术","深圳","元器件","cdjs","主板","20161012","","","SZSE","L","崇达技术股份有限公司","Suntak Technology Co., Ltd."
"002816.SZ","002816","*ST和科","深圳","专用机械","sthk","主板","20161025","金文明","民营企业","SZSE","L","深圳市和科达精密清洗设备股份有限公司","Shenzhen Hekeda Precision Cleaning Equipment Co.,Ltd."
"002817.SZ","002817","黄山胶囊","安徽","化学制药","hsjn","主板","20161025","无实际控制人","无","SZSE","L","安徽黄山胶囊股份有限公司","Anhui Huangshan Capsule Co.,Ltd."
"002818.SZ","002818","富森美","四川","其他商业","fsm","主板","20161109","","","SZSE","L","成都富森美家居股份有限公司","Chengdu Fusen Noble-House Industrial Co.,Ltd"
"002819.SZ","002819","东方中科","北京","电器仪表","dfzk","主板","20161111","","","SZSE","L","北京东方中科集成科技股份有限公司","Beijing Oriental Jicheng Co.,Ltd."
"002820.SZ","002820","桂发祥","天津","食品","gfx","主板","20161118","","","SZSE","L","天津桂发祥十八街麻花食品股份有限公司","Tianjin Guifaxiang 18th Street Mahua Food Co., Ltd."
"002821.SZ","002821","凯莱英","天津","生物制药","kly","主板","20161118","","","SZSE","L","凯莱英医药集团(天津)股份有限公司","Asymchem Laboratories (Tianjin) Co., Ltd."
"002822.SZ","002822","*ST中装","深圳","装修装饰","stzz","主板","20161129","","","SZSE","L","深圳市中装建设集团股份有限公司","Shenzhen Zhongzhuang Construction Group Co.,Ltd"
"002823.SZ","002823","凯中精密","深圳","机械基件","kzjm","主板","20161124","","","SZSE","L","深圳市凯中精密技术股份有限公司","Shenzhen Kaizhong Precision Technology Co.,Ltd."
"002824.SZ","002824","和胜股份","广东","铝","hsgf","主板","20170112","","","SZSE","L","广东和胜工业铝材股份有限公司","Guangdong Hoshion Industrial Aluminium Co., Ltd."
"002825.SZ","002825","纳尔股份","上海","化工原料","negf","主板","20161129","","","SZSE","L","上海纳尔实业股份有限公司","Shanghai Nar Industrial Co., Ltd"
"002826.SZ","002826","易明医药","西藏","化学制药","ymyy","主板","20161209","","","SZSE","L","西藏易明西雅医药科技股份有限公司","Tibet Aim Pharm.Inc."
"002827.SZ","002827","高争民爆","西藏","化工原料","gzmb","主板","20161209","","","SZSE","L","西藏高争民爆股份有限公司","Xizang Gaozheng Explosive Co,Ltd"
"002828.SZ","002828","贝肯能源","新疆","石油开采","bkny","主板","20161208","","","SZSE","L","贝肯能源控股集团股份有限公司","Beiken Energy Group Co.,Ltd."
"002829.SZ","002829","星网宇达","北京","航空","xwyd","主板","20161213","","","SZSE","L","北京星网宇达科技股份有限公司","Beijing Starneto Technology Co.,Ltd."
"002830.SZ","002830","名雕股份","深圳","装修装饰","mdgf","主板","20161213","无实际控制人","无","SZSE","L","深圳市名雕装饰股份有限公司","Shenzhen Mingdiao Decoration Co., Ltd."
"002831.SZ","002831","裕同科技","深圳","广告包装","ytkj","主板","20161216","","","SZSE","L","深圳市裕同包装科技股份有限公司","Shenzhen Yuto Packaging Technology Co.,Ltd."
"002832.SZ","002832","比音勒芬","广东","服饰","bylf","主板","20161223","","","SZSE","L","比音勒芬服饰股份有限公司","Biem.L.Fdlkk Garment Co.,Ltd."
"002833.SZ","002833","弘亚数控","广东","专用机械","hysk","主板","20161228","","","SZSE","L","广州弘亚数控机械集团股份有限公司","Guangzhou Kdt Machinery Group Co., Ltd."
"002835.SZ","002835","同为股份","深圳","IT设备","twgf","主板","20161228","","","SZSE","L","深圳市同为数码科技股份有限公司","Shenzhen Tvt Digital Technology Co., Ltd."
"002836.SZ","002836","新宏泽","广东","广告包装","xhz","主板","20161229","张宏清","外资企业","SZSE","L","广东新宏泽包装股份有限公司","Guangdong New Grand Long Packing Co., Ltd."
"002837.SZ","002837","英维克","深圳","专用机械","ywk","主板","20161229","","","SZSE","L","深圳市英维克科技股份有限公司","Shenzhen Envicool Technology Co., Ltd."
"002838.SZ","002838","道恩股份","山东","塑料","degf","主板","20170106","","","SZSE","L","山东道恩高分子材料股份有限公司","Shandong Dawn Polymer Co.,Ltd."
"002839.SZ","002839","张家港行","江苏","银行","zjgh","主板","20170124","无实际控制人","无","SZSE","L","江苏张家港农村商业银行股份有限公司","Jiangsu Zhangjiagang Rural Commercial Bank Co.,Ltd"
"002840.SZ","002840","华统股份","浙江","食品","htgf","主板","20170110","","","SZSE","L","浙江华统肉制品股份有限公司","Zhejiang Huatong Meat Products Co., Ltd"
"002841.SZ","002841","视源股份","广东","元器件","sygf","主板","20170119","","","SZSE","L","广州视源电子科技股份有限公司","Guangzhou Shiyuan Electronic Technology Company Limited"
"002842.SZ","002842","翔鹭钨业","广东","小金属","xlwy","主板","20170119","陈启丰","民营企业","SZSE","L","广东翔鹭钨业股份有限公司","Guangdong Xianglu Tungsten Co., Ltd."
"002843.SZ","002843","泰嘉股份","湖南","钢加工","tjgf","主板","20170120","","","SZSE","L","湖南泰嘉新材料科技股份有限公司","Bichamp Cutting Technology (Hunan) Co., Ltd."
"002845.SZ","002845","同兴达","深圳","元器件","txd","主板","20170125","","","SZSE","L","深圳同兴达科技股份有限公司","Shenzhen TXD Technology Co.,Ltd."
"002846.SZ","002846","英联股份","广东","广告包装","ylgf","主板","20170207","翁伟武","民营企业","SZSE","L","广东英联包装股份有限公司","Guangdong Enpack Packaging Co.,Ltd"
"002847.SZ","002847","盐津铺子","湖南","食品","yjpz","主板","20170208","","","SZSE","L","盐津铺子食品股份有限公司","YankershopFood Co., Ltd"
"002848.SZ","002848","*ST高斯","湖南","家用电器","stgs","主板","20170213","山东省潍坊市人民政府国有资产监督管理委员会","地方国企","SZSE","L","高斯贝尔数码科技股份有限公司","Gospell Digital Technology Co., Ltd."
"002849.SZ","002849","威星智能","浙江","电器仪表","wxzn","主板","20170217","","","SZSE","L","浙江威星智能仪表股份有限公司","Zhejiang Viewshine Intelligent Meter Co.,Ltd"
"002850.SZ","002850","科达利","深圳","电气设备","kdl","主板","20170302","","","SZSE","L","深圳市科达利实业股份有限公司","Shenzhen Kedali Industry Co.,Ltd"
"002851.SZ","002851","麦格米特","深圳","电气设备","mgmt","主板","20170306","童永胜","民营企业","SZSE","L","深圳麦格米特电气股份有限公司","Shenzhen Megmeet Electrical Co.,Ltd."
"002852.SZ","002852","道道全","湖南","食品","ddq","主板","20170310","","","SZSE","L","道道全粮油股份有限公司","Daodaoquan Grain and Oil Co.,Ltd."
"002853.SZ","002853","皮阿诺","广东","家居用品","pan","主板","20170310","马礼斌","民营企业","SZSE","L","广东皮阿诺科学艺术家居股份有限公司","Guangdong Piano Customized Furniture Co., Ltd."
"002855.SZ","002855","捷荣技术","广东","元器件","jrjs","主板","20170321","赵晓群","外资企业","SZSE","L","东莞捷荣技术股份有限公司","Dongguan Chitwing Technology Co.,Ltd."
"002856.SZ","002856","美芝股份","深圳","装修装饰","mzgf","主板","20170320","佛山市南海区国有资产监督管理局","地方国企","SZSE","L","深圳市美芝装饰设计工程股份有限公司","Shenzhen Magic Design & Decoration Engineering Co.,Ltd"
"002857.SZ","002857","三晖电气","河南","电器仪表","shdq","主板","20170323","胡坤","民营企业","SZSE","L","郑州三晖电气股份有限公司","SMS Electric Co.,Ltd.Zhengzhou"
"002858.SZ","002858","力盛体育","上海","文教休闲","lsty","主板","20170324","","","SZSE","L","力盛云动(上海)体育科技股份有限公司","Lisheng Sports (Shanghai) Co.,Ltd"
"002859.SZ","002859","洁美科技","浙江","元器件","jmkj","主板","20170407","","","SZSE","L","浙江洁美电子科技股份有限公司","Zhejiang Jiemei Electronic and Technology Co.,Ltd."
"002860.SZ","002860","星帅尔","浙江","家用电器","xse","主板","20170412","","","SZSE","L","杭州星帅尔电器股份有限公司","Hangzhou Star Shuaier Electric Appliance Co.,Ltd."
"002861.SZ","002861","瀛通通讯","湖北","元器件","yttx","主板","20170413","黄晖","民营企业","SZSE","L","瀛通通讯股份有限公司","Yingtong Telecommunication Co.,Ltd."
"002862.SZ","002862","实丰文化","广东","文教休闲","sfwh","主板","20170411","蔡俊权","民营企业","SZSE","L","实丰文化发展股份有限公司","Shifeng Cultural Development Co., Ltd."
"002863.SZ","002863","今飞凯达","浙江","汽车配件","jfkd","主板","20170418","","","SZSE","L","浙江今飞凯达轮毂股份有限公司","Zhejiang Jinfei Kaida Wheel Co.,Ltd"
"002864.SZ","002864","盘龙药业","陕西","中成药","plyy","主板","20171116","","","SZSE","L","陕西盘龙药业集团股份有限公司","Shaanxi Panlong Pharmaceutical Group Limited By Share Ltd"
"002865.SZ","002865","钧达股份","海南","电气设备","jdgf","主板","20170425","","","SZSE","L","海南钧达新能源科技股份有限公司","Hainan Drinda New Energy Technology Co., Ltd."
"002866.SZ","002866","传艺科技","江苏","IT设备","cykj","主板","20170426","","","SZSE","L","江苏传艺科技股份有限公司","Jiangsu Transimage Technology Co., Ltd."
"002867.SZ","002867","周大生","深圳","服饰","zds","主板","20170427","","","SZSE","L","周大生珠宝股份有限公司","Chow Tai Seng Jewellery Co.,Ltd."
"002868.SZ","002868","*ST绿康","福建","农业综合","stlk","主板","20170503","","","SZSE","L","绿康生化股份有限公司","Lifecome Biochemistry Co.,Ltd."
"002869.SZ","002869","金溢科技","深圳","通信设备","jykj","主板","20170515","罗瑞发","民营企业","SZSE","L","深圳市金溢科技股份有限公司","Shenzhen Genvict Technologies Co., Ltd."
"002870.SZ","002870","香山股份","广东","汽车配件","xsgf","主板","20170515","","","SZSE","L","广东香山衡器集团股份有限公司","Guangdong Senssun Weighing Apparatus Group Ltd."
"002871.SZ","002871","伟隆股份","山东","机械基件","wlgf","主板","20170511","","","SZSE","L","青岛伟隆阀门股份有限公司","Qingdao Weflo Valve Co., Ltd."
"002872.SZ","002872","ST天圣","重庆","医药商业","stts","主板","20170519","刘群","民营企业","SZSE","L","天圣制药集团股份有限公司","Tiansheng Pharmaceutical Group Co., Ltd"
"002873.SZ","002873","新天药业","贵州","中成药","xtyy","主板","20170519","","","SZSE","L","贵阳新天药业股份有限公司","Guiyang Xintian Pharmaceutical Co., Ltd."
"002875.SZ","002875","安奈儿","深圳","服饰","ane","主板","20170601","曹璋","民营企业","SZSE","L","深圳市安奈儿股份有限公司","Annil Co., Ltd"
"002876.SZ","002876","三利谱","深圳","元器件","slp","主板","20170525","","","SZSE","L","深圳市三利谱光电科技股份有限公司","Shenzhen Sunnypol Optoelectronics Co.,Ltd."
"002877.SZ","002877","智能自控","江苏","机械基件","znzk","主板","20170605","","","SZSE","L","无锡智能自控工程股份有限公司","Wuxi Smart Auto-Control Engineering Co., Ltd."
"002878.SZ","002878","元隆雅图","北京","广告包装","ylyt","主板","20170606","","","SZSE","L","北京元隆雅图文化传播股份有限公司","Beijing Yuanlong Yato Culture Dissemination Co.,Ltd."
"002879.SZ","002879","长缆科技","湖南","电气设备","clkj","主板","20170707","","","SZSE","L","长缆科技集团股份有限公司","Chang Lan Technology Group Co.,Ltd."
"002880.SZ","002880","卫光生物","深圳","生物制药","wgsw","主板","20170616","深圳市光明区人民政府","地方国企","SZSE","L","深圳市卫光生物制品股份有限公司","Shenzhen Weiguang Biological Products Co.,Ltd"
"002881.SZ","002881","美格智能","深圳","元器件","mgzn","主板","20170622","","","SZSE","L","美格智能技术股份有限公司","MeiG Smart Technology Co., Ltd"
"002882.SZ","002882","金龙羽","深圳","电气设备","jly","主板","20170717","","","SZSE","L","金龙羽集团股份有限公司","Jinlongyu Group Co., Ltd."
"002883.SZ","002883","中设股份","江苏","建筑工程","zsgf","主板","20170620","陈凤军","民营企业","SZSE","L","江苏中设集团股份有限公司","Jiangsu Zhongshe Group Co., Ltd."
"002884.SZ","002884","凌霄泵业","广东","机械基件","lxby","主板","20170711","","","SZSE","L","广东凌霄泵业股份有限公司","Guangdong Lingxiao Pump Industry Co.,Ltd."
"002885.SZ","002885","京泉华","深圳","元器件","jqh","主板","20170627","张立品","民营企业","SZSE","L","深圳市京泉华科技股份有限公司","Shenzhen Jingquanhua Electronics Co.,Ltd."
"002886.SZ","002886","沃特股份","深圳","塑料","wtgf","主板","20170627","","","SZSE","L","深圳市沃特新材料股份有限公司","Shenzhen WOTE Advanced Materials Co.,Ltd."
"002887.SZ","002887","绿茵生态","天津","环境保护","lyst","主板","20170801","卢云慧","民营企业","SZSE","L","天津绿茵景观生态建设股份有限公司","Tianjin Lvyin Landscape and Ecology Construction Co., Ltd"
"002888.SZ","002888","惠威科技","广东","元器件","hwkj","主板","20170721","HONGBO YAO","外资企业","SZSE","L","广东惠威电声科技股份有限公司","Hivi Acoustics Technology Co., Ltd."
"002889.SZ","002889","东方嘉盛","深圳","仓储物流","dfjs","主板","20170731","","","SZSE","L","深圳市东方嘉盛供应链股份有限公司","Shenzhen Easttop Supply Chain Management Co., Ltd."
"002890.SZ","002890","弘宇股份","山东","农用机械","hygf","主板","20170802","辛军","民营企业","SZSE","L","山东弘宇精机股份有限公司","Shandong Hongyu Precision Machinery Co., Ltd."
"002891.SZ","002891","中宠股份","山东","饲料","zcgf","主板","20170821","","","SZSE","L","烟台中宠食品股份有限公司","Yantai China Pet Foods Co., Ltd."
"002892.SZ","002892","科力尔","湖南","电气设备","kle","主板","20170817","聂鹏举","民营企业","SZSE","L","科力尔电机集团股份有限公司","Keli Motor Group Co.,Ltd."
"002893.SZ","002893","京能热力","北京","供气供热","jnrl","主板","20170915","北京市人民政府国有资产监督管理委员会","地方国企","SZSE","L","北京京能热力股份有限公司","Beijing Jingneng Thermal Co., Ltd."
"002895.SZ","002895","川恒股份","贵州","化工原料","chgf","主板","20170825","","","SZSE","L","贵州川恒化工股份有限公司","Guizhou Chanhen Chemical Corporation"
"002896.SZ","002896","中大力德","浙江","机械基件","zdld","主板","20170829","","","SZSE","L","宁波中大力德智能传动股份有限公司","Ningbo Zhongda Leader Intelligent Transmission Co., Ltd."
"002897.SZ","002897","意华股份","浙江","元器件","yhgf","主板","20170907","无实际控制人","无","SZSE","L","温州意华接插件股份有限公司","Wenzhou Yihua Connector Co.,Ltd."
"002898.SZ","002898","*ST赛隆","广东","化学制药","stsl","主板","20170912","蔡南桂","民营企业","SZSE","L","赛隆药业集团股份有限公司","Sailong Pharmaceutical Group Co.,Ltd."
"002899.SZ","002899","英派斯","山东","文教休闲","yps","主板","20170915","","","SZSE","L","青岛英派斯健康科技股份有限公司","Impulse (Qingdao) Health Tech Co., Ltd."
"002900.SZ","002900","哈三联","黑龙江","化学制药","hsl","主板","20170922","","","SZSE","L","哈尔滨三联药业股份有限公司","Harbin Medisan Pharmaceutical Co., Ltd."
"002901.SZ","002901","大博医疗","福建","医疗保健","dbyl","主板","20170922","","","SZSE","L","大博医疗科技股份有限公司","Double Medical Technology Inc."
"002902.SZ","002902","铭普光磁","广东","通信设备","mpgc","主板","20170929","","","SZSE","L","东莞铭普光磁股份有限公司","Dongguan Mentech Optical & Magnetic Co., Ltd."
"002903.SZ","002903","宇环数控","湖南","机床制造","yhsk","主板","20171013","","","SZSE","L","宇环数控机床股份有限公司","Yuhuan Cnc Machine Tool Co.,Ltd."
"002905.SZ","002905","金逸影视","广东","影视音像","jyys","主板","20171016","","","SZSE","L","广州金逸影视传媒股份有限公司","Guangzhou Jinyi Media Corporation"
"002906.SZ","002906","华阳集团","广东","汽车配件","hyjt","主板","20171013","","","SZSE","L","惠州市华阳集团股份有限公司","Foryou Corporation"
"002907.SZ","002907","华森制药","重庆","中成药","hszy","主板","20171020","游洪涛","民营企业","SZSE","L","重庆华森制药股份有限公司","Chongqing Pharscin Pharmaceutical Co., Ltd."
"002908.SZ","002908","德生科技","广东","软件服务","dskj","主板","20171020","","","SZSE","L","广东德生科技股份有限公司","Guangdong Tecsun Science & Technology Co., Ltd"
"002909.SZ","002909","集泰股份","广东","化工原料","jtgf","主板","20171026","","","SZSE","L","广州集泰化工股份有限公司","Guangzhou Jointas Chemical Co., Ltd."
"002910.SZ","002910","庄园牧场","甘肃","乳制品","zymc","主板","20171031","甘肃省人民政府国有资产监督管理委员会","地方国企","SZSE","L","兰州庄园牧场股份有限公司","Lanzhou Zhuangyuan Pasture Co.,Ltd."
"002911.SZ","002911","佛燃能源","广东","供气供热","frny","主板","20171122","佛山市人民政府国有资产监督管理委员会","地方国企","SZSE","L","佛燃能源集团股份有限公司","Foran Energy Group Co., Ltd."
"002912.SZ","002912","中新赛克","深圳","IT设备","zxsk","主板","20171121","深圳市人民政府国有资产监督管理委员会","地方国企","SZSE","L","深圳市中新赛克科技股份有限公司","Shenzhen Sinovatio Technology Co., Ltd."
"002913.SZ","002913","奥士康","湖南","元器件","ask","主板","20171201","","","SZSE","L","奥士康科技股份有限公司","Aoshikang Technology Co.,Ltd."
"002915.SZ","002915","中欣氟材","浙江","化工原料","zxfc","主板","20171205","","","SZSE","L","浙江中欣氟材股份有限公司","Zhejiang Zhongxin Fluoride Materials Co.,Ltd"
"002916.SZ","002916","深南电路","深圳","元器件","sndl","主板","20171213","","","SZSE","L","深南电路股份有限公司","Shennan Circuits Co.,Ltd."
"002917.SZ","002917","金奥博","深圳","化工原料","jab","主板","20171208","","","SZSE","L","深圳市金奥博科技股份有限公司","Shenzhen King Explorer Science and Technology Corporation"
"002918.SZ","002918","蒙娜丽莎","广东","陶瓷","mnls","主板","20171219","","","SZSE","L","蒙娜丽莎集团股份有限公司","Monalisa Group Co.,Ltd."
"002919.SZ","002919","名臣健康","广东","互联网","mcjk","主板","20171218","","","SZSE","L","名臣健康用品股份有限公司","Mingchen Health Co.,Ltd."
"002920.SZ","002920","德赛西威","广东","汽车配件","dsxw","主板","20171226","","","SZSE","L","惠州市德赛西威汽车电子股份有限公司","Huizhou Desay SV Automotive Co., Ltd."
"002921.SZ","002921","联诚精密","山东","汽车配件","lcjm","主板","20171227","郭元强","外资企业","SZSE","L","山东联诚精密制造股份有限公司","Shandong Liancheng Precision Manufacturing Co., Ltd"
"002922.SZ","002922","伊戈尔","广东","电气设备","yge","主板","20171229","","","SZSE","L","伊戈尔电气股份有限公司","Eaglerise Electric & Electronic (China) Co., Ltd"
"002923.SZ","002923","润都股份","广东","化学制药","rdgf","主板","20180105","李希","民营企业","SZSE","L","珠海润都制药股份有限公司","Zhuhai Rundu Pharmaceutical Co., Ltd."
"002925.SZ","002925","盈趣科技","福建","元器件","yqkj","主板","20180115","吴凯庭","外资企业","SZSE","L","厦门盈趣科技股份有限公司","Xiamen Intretech Inc."
"002926.SZ","002926","华西证券","四川","证券","hxzq","主板","20180205","泸州市国有资产监督管理委员会","地方国企","SZSE","L","华西证券股份有限公司","Huaxi Securities Co., Ltd."
"002927.SZ","002927","泰永长征","贵州","电气设备","tycz","主板","20180223","","","SZSE","L","贵州泰永长征技术股份有限公司","Guizhou Taiyong-Changzheng Technology Co.,Ltd."
"002928.SZ","002928","华夏航空","贵州","空运","hxhk","主板","20180302","胡晓军","民营企业","SZSE","L","华夏航空股份有限公司","China Express Airlines Co.,LTD"
"002929.SZ","002929","润建股份","广西","通信设备","rjgf","主板","20180301","","","SZSE","L","润建股份有限公司","Runjian Co., Ltd."
"002930.SZ","002930","宏川智慧","广东","仓储物流","hczh","主板","20180328","","","SZSE","L","广东宏川智慧物流股份有限公司","Guangdong Great River Smarter Logistics Co.,Ltd"
"002931.SZ","002931","锋龙股份","浙江","机械基件","flgf","主板","20180403","","","SZSE","L","浙江锋龙电气股份有限公司","Zhejiang Fenglong Electric Co.,Ltd."
"002932.SZ","002932","明德生物","湖北","医疗保健","mdsw","主板","20180710","陈莉莉","民营企业","SZSE","L","武汉明德生物科技股份有限公司","Wuhan Easy Diagnosis Biomedicine Co.,Ltd."
"002933.SZ","002933","新兴装备","北京","航空","xxzb","主板","20180828","陕西省人民政府国有资产监督管理委员会","地方国企","SZSE","L","北京新兴东方航空装备股份有限公司","Beijing Emerging Eastern Aviation Equipment Co., Ltd."
"002935.SZ","002935","天奥电子","四川","航空","tadz","主板","20180903","","","SZSE","L","成都天奥电子股份有限公司","Chengdu Spaceon Electronics Co.,Ltd."
"002936.SZ","002936","郑州银行","河南","银行","zzyh","主板","20180919","","","SZSE","L","郑州银行股份有限公司","Bank of Zhengzhou Co., Ltd."
"002937.SZ","002937","兴瑞科技","浙江","元器件","xrkj","主板","20180926","","","SZSE","L","宁波兴瑞电子科技股份有限公司","Ningbo Sunrise Elc Technology Co.,Ltd"
"002938.SZ","002938","鹏鼎控股","深圳","元器件","pdkg","主板","20180918","","","SZSE","L","鹏鼎控股(深圳)股份有限公司","Avary Holding (Shenzhen) Co., Limited"
"002939.SZ","002939","长城证券","深圳","证券","cczq","主板","20181026","中国华能集团有限公司","中央国企","SZSE","L","长城证券股份有限公司","China Great Wall Securities Co.,Ltd."
"002940.SZ","002940","昂利康","浙江","化学制药","alk","主板","20181023","","","SZSE","L","浙江昂利康制药股份有限公司","Zhejiang Anglikang Pharmaceutical Co.,Ltd."
"002941.SZ","002941","新疆交建","新疆","建筑工程","xjjj","主板","20181128","新疆维吾尔自治区人民政府国有资产监督管理委员会","地方国企","SZSE","L","新疆交通建设集团股份有限公司","Xinjiang Communications Construction Group Co.,Ltd."
"002942.SZ","002942","新农股份","浙江","农药化肥","xngf","主板","20181205","","","SZSE","L","浙江新农化工股份有限公司","Zhejiang Xinnong Chemical Co.,Ltd."
"002943.SZ","002943","宇晶股份","湖南","机床制造","yjgf","主板","20181129","杨宇红","民营企业","SZSE","L","湖南宇晶机器股份有限公司","Hunan Yujing Machinery Co., Ltd."
"002945.SZ","002945","华林证券","西藏","证券","hlzq","主板","20190117","","","SZSE","L","华林证券股份有限公司","Chinalin Securities Co.,Ltd"
"002946.SZ","002946","新乳业","四川","乳制品","xry","主板","20190125","Liu Chang","外资企业","SZSE","L","新希望乳业股份有限公司","New Hope Dairy Co., Ltd."
"002947.SZ","002947","恒铭达","江苏","元器件","hmd","主板","20190201","","","SZSE","L","苏州恒铭达电子科技股份有限公司","Suzhou Hengmingda Electronic Technology Co., Ltd"
"002948.SZ","002948","青岛银行","山东","银行","qdyh","主板","20190116","","","SZSE","L","青岛银行股份有限公司","Bank of Qingdao Co.,Ltd."
"002949.SZ","002949","华阳国际","深圳","建筑工程","hygj","主板","20190226","","","SZSE","L","深圳市华阳国际工程设计股份有限公司","Shenzhen Capol International & Associates Co.,Ltd"
"002950.SZ","002950","奥美医疗","湖北","医疗保健","amyl","主板","20190311","崔金海","外资企业","SZSE","L","奥美医疗用品股份有限公司","Allmed Medical Products Co.,Ltd"
"002951.SZ","002951","金时科技","四川","广告包装","jskj","主板","20190315","","","SZSE","L","四川金时科技股份有限公司","Sichuan Jinshi Technology Co.,Ltd"
"002952.SZ","002952","亚世光电","辽宁","元器件","ysgd","主板","20190328","","","SZSE","L","亚世光电(集团)股份有限公司","Yes Optoelectronics (Group) Co., Ltd."
"002953.SZ","002953","日丰股份","广东","电气设备","rfgf","主板","20190509","冯就景","民营企业","SZSE","L","广东日丰电缆股份有限公司","Guangdong Rifeng Electric Cable Co., Ltd."
"002955.SZ","002955","鸿合科技","深圳","IT设备","hhkj","主板","20190523","邢修青","外资企业","SZSE","L","鸿合科技股份有限公司","Hitevision Co.,Ltd."
"002956.SZ","002956","西麦食品","广西","食品","xmsp","主板","20190619","谢庆奎","民营企业","SZSE","L","桂林西麦食品股份有限公司","Guilin Seamild Foods Co., Ltd"
"002957.SZ","002957","科瑞技术","深圳","专用机械","krjs","主板","20190726","潘利明","外资企业","SZSE","L","深圳科瑞技术股份有限公司","Shenzhen Colibri Technologies Co.,Ltd."
"002958.SZ","002958","青农商行","山东","银行","qnsh","主板","20190326","","","SZSE","L","青岛农村商业银行股份有限公司","Qingdao Rural Commercial Bank Corporation"
"002959.SZ","002959","小熊电器","广东","家用电器","xxdq","主板","20190823","","","SZSE","L","小熊电器股份有限公司","Bear Electric Appliance Co.,Ltd."
"002960.SZ","002960","青鸟消防","河北","专用机械","qnxf","主板","20190809","","","SZSE","L","青鸟消防股份有限公司","Jade Bird Fire Co., Ltd."
"002961.SZ","002961","瑞达期货","福建","多元金融","rdqh","主板","20190905","","","SZSE","L","瑞达期货股份有限公司","Ruida Futures Co.,Ltd."
"002962.SZ","002962","五方光电","湖北","元器件","wfgd","主板","20190917","","","SZSE","L","湖北五方光电股份有限公司","Hubei W-Olf Photoelectric Technology Co.,Ltd."
"002963.SZ","002963","豪尔赛","北京","装修装饰","hes","主板","20191028","","","SZSE","L","豪尔赛科技集团股份有限公司","HES Technology Group Co., Ltd."
"002965.SZ","002965","祥鑫科技","广东","汽车配件","xxkj","主板","20191025","","","SZSE","L","祥鑫科技股份有限公司","Lucky Harvest Co.,Ltd."
"002966.SZ","002966","苏州银行","江苏","银行","szyh","主板","20190802","","","SZSE","L","苏州银行股份有限公司","Bank of Suzhou Co.,Ltd"
"002967.SZ","002967","广电计量","广东","电器仪表","gdjl","主板","20191108","","","SZSE","L","广电计量检测集团股份有限公司","Grg Metrology & Test Group Co., Ltd."
"002968.SZ","002968","新大正","重庆","房产服务","xdz","主板","20191203","王宣","民营企业","SZSE","L","新大正物业集团股份有限公司","New Dazheng Property Group Co., Ltd"
"002969.SZ","002969","嘉美包装","安徽","广告包装","jmbz","主板","20191202","陈民","外资企业","SZSE","L","嘉美食品包装(滁州)股份有限公司","Jiamei Food Packaging (Chuzhou) Co.,Ltd"
"002970.SZ","002970","锐明技术","深圳","IT设备","rmjs","主板","20191217","无实际控制人","无","SZSE","L","深圳市锐明技术股份有限公司","Streamax Technology Co., Ltd."
"002971.SZ","002971","和远气体","湖北","化工原料","hyqt","主板","20200113","杨涛","民营企业","SZSE","L","湖北和远气体股份有限公司","Hubei Heyuan Gas Co.,Ltd."
"002972.SZ","002972","科安达","深圳","运输设备","kad","主板","20191227","郭丰明","民营企业","SZSE","L","深圳科安达电子科技股份有限公司","Shenzhen Keanda Electronic Technology Corp., Ltd."
"002973.SZ","002973","侨银股份","广东","环境保护","qygf","主板","20200106","郭倍华","民营企业","SZSE","L","侨银城市管理股份有限公司","Qiaoyin City Management Co., Ltd."
"002975.SZ","002975","博杰股份","广东","专用机械","bjgf","主板","20200205","王兆春","民营企业","SZSE","L","珠海博杰电子股份有限公司","Zhuhai Bojay Electronics Co.,Ltd."
"002976.SZ","002976","瑞玛精密","江苏","汽车配件","rmjm","主板","20200306","陈晓敏","民营企业","SZSE","L","苏州瑞玛精密工业集团股份有限公司","Suzhou Cheersson Precision Industry Group Co., Ltd."
"002977.SZ","002977","天箭科技","四川","通信设备","tjkj","主板","20200317","","","SZSE","L","成都天箭科技股份有限公司","Chengdu Tianjian Technology Co.,Ltd."
"002978.SZ","002978","安宁股份","四川","小金属","angf","主板","20200417","","","SZSE","L","四川安宁铁钛股份有限公司","Sichuan Anning Iron and Titanium Co.,Ltd."
"002979.SZ","002979","雷赛智能","深圳","专用机械","lszn","主板","20200408","","","SZSE","L","深圳市雷赛智能控制股份有限公司","China Leadshine Technology Co., Ltd"
"002980.SZ","002980","华盛昌","深圳","电器仪表","hsc","主板","20200415","袁剑敏","民营企业","SZSE","L","深圳市华盛昌科技实业股份有限公司","Shenzhen Everbest Machinery Industry Co., Ltd."
"002981.SZ","002981","朝阳科技","广东","元器件","zykj","主板","20200417","沈庆凯","民营企业","SZSE","L","广东朝阳电子科技股份有限公司","Risuntek Inc"
"002982.SZ","002982","湘佳股份","湖南","农业综合","xjgf","主板","20200424","","","SZSE","L","湖南湘佳牧业股份有限公司","Hunan Xiangjia Animal Husbandry Co., Ltd"
"002983.SZ","002983","芯瑞达","安徽","元器件","xrd","主板","20200428","","","SZSE","L","安徽芯瑞达科技股份有限公司","Anhui Coreach Technology Co.,Ltd"
"002984.SZ","002984","森麒麟","山东","汽车配件","sql","主板","20200911","秦龙","民营企业","SZSE","L","青岛森麒麟轮胎股份有限公司","Qingdao Sentury Tire Co.,Ltd."
"002985.SZ","002985","北摩高科","北京","航空","bmgk","主板","20200429","王淑敏","民营企业","SZSE","L","北京北摩高科摩擦材料股份有限公司","Beijing Beimo Gaoke Friction Materials Co.,Ltd"
"002986.SZ","002986","宇新股份","广东","化工原料","yxgf","主板","20200602","胡先念","民营企业","SZSE","L","广东宇新能源科技股份有限公司","Guangdong Yussen Energy Technology Co., Ltd."
"002987.SZ","002987","京北方","北京","软件服务","jbf","主板","20200507","费振勇","民营企业","SZSE","L","京北方信息技术股份有限公司","Northking Information Technology Co.,Ltd."
"002988.SZ","002988","豪美新材","广东","铝","hmxc","主板","20200518","董卫峰","民营企业","SZSE","L","广东豪美新材股份有限公司","Guangdong Haomei New Materials Co.,Ltd"
"002989.SZ","002989","中天精装","深圳","装修装饰","ztjz","主板","20200610","","","SZSE","L","深圳中天精装股份有限公司","Shenzhen Strongteam Decoration Engineering Co.,Ltd."
"002990.SZ","002990","盛视科技","深圳","软件服务","sskj","主板","20200525","瞿磊","民营企业","SZSE","L","盛视科技股份有限公司","Maxvision Technology Corp."
"002991.SZ","002991","甘源食品","江西","食品","gysp","主板","20200731","严斌生","民营企业","SZSE","L","甘源食品股份有限公司","Ganyuan Foods Co., Ltd"
"002992.SZ","002992","宝明科技","深圳","元器件","bmkj","主板","20200803","李军","民营企业","SZSE","L","深圳市宝明科技股份有限公司","Shenzhen Baoming Technology Co.,Ltd"
"002993.SZ","002993","奥海科技","广东","元器件","ahkj","主板","20200817","刘昊","民营企业","SZSE","L","东莞市奥海科技股份有限公司","Dongguan Aohai Technology Co., Ltd."
"002995.SZ","002995","天地在线","北京","互联网","tdzx","主板","20200805","信意安","民营企业","SZSE","L","北京全时天地在线网络信息股份有限公司","Beijing Quanshi World Online Network Information Co., Ltd."
"002996.SZ","002996","顺博合金","重庆","铝","sbhj","主板","20200828","王真见","民营企业","SZSE","L","重庆顺博铝合金股份有限公司","Chongqing Shunbo Aluminum Co.,Ltd."
"002997.SZ","002997","瑞鹄模具","安徽","专用机械","rhmj","主板","20200903","","","SZSE","L","瑞鹄汽车模具股份有限公司","Rayhoo Motor Dies Co.,Ltd."
"002998.SZ","002998","优彩资源","江苏","化纤","yczy","主板","20200925","","","SZSE","L","优彩环保资源科技股份有限公司","Elite Color Environmental Resources Science&Technology Co., Ltd"
"002999.SZ","002999","天禾股份","广东","批发业","thgf","主板","20200903","广东省供销合作联社","集体企业","SZSE","L","广东天禾农资股份有限公司","Guangdong Tianhe Agricultural Means of Production Co.,Ltd."
"003000.SZ","003000","劲仔食品","湖南","食品","jzsp","主板","20200914","周劲松","民营企业","SZSE","L","劲仔食品集团股份有限公司","Jinzai Food Group Co.,Ltd."
"003001.SZ","003001","中岩大地","北京","建筑工程","zydd","主板","20201013","王立建","民营企业","SZSE","L","北京中岩大地科技股份有限公司","Zhongyan Technology Co., Ltd."
"003002.SZ","003002","壶化股份","山西","化工原料","hhgf","主板","20200922","秦跃中","民营企业","SZSE","L","山西壶化集团股份有限公司","Shanxi Huhua Group Co.,Ltd."
"003003.SZ","003003","天元股份","广东","广告包装","tygf","主板","20200921","","","SZSE","L","广东天元实业集团股份有限公司","Guangdong Tengen Industrial Group Co.,Ltd."
"003004.SZ","003004","*ST声迅","北京","IT设备","stsx","主板","20201126","谭政","民营企业","SZSE","L","北京声迅电子股份有限公司","Beijing Telesound Electronics Co.,Ltd."
"003005.SZ","003005","竞业达","北京","软件服务","jyd","主板","20200922","钱瑞","民营企业","SZSE","L","北京竞业达数码科技股份有限公司","Beijing Jingyeda Technology Co.,Ltd."
"003006.SZ","003006","百亚股份","重庆","造纸","bygf","主板","20200921","冯永林","民营企业","SZSE","L","重庆百亚卫生用品股份有限公司","Chongqing Baiya Sanitary Products Co., Ltd."
"003007.SZ","003007","直真科技","北京","软件服务","zzkj","主板","20200923","袁隽","民营企业","SZSE","L","北京直真科技股份有限公司","Beijing Zznode Technologies Co.,Ltd."
"003008.SZ","003008","开普检测","河南","电气设备","kpjc","主板","20200923","无实际控制人","无","SZSE","L","许昌开普检测研究院股份有限公司","Xuchang Ketop Testing Research Institute Co.,Ltd"
"003009.SZ","003009","中天火箭","陕西","航空","zthj","主板","20200925","中国航天科技集团有限公司","中央国企","SZSE","L","陕西中天火箭技术股份有限公司","Shaanxi Zhongtian Rocket Technology Co., Ltd"
"003010.SZ","003010","若羽臣","广东","互联网","ryc","主板","20200925","王玉","民营企业","SZSE","L","广州若羽臣科技股份有限公司","Guangzhou Ruoyuchen Technology Co.,Ltd."
"003011.SZ","003011","海象新材","浙江","家居用品","hxxc","主板","20200930","王周林","民营企业","SZSE","L","浙江海象新材料股份有限公司","Zhejiang Walrus New Material Co., Ltd."
"003012.SZ","003012","东鹏控股","广东","陶瓷","dpkg","主板","20201019","","","SZSE","L","广东东鹏控股股份有限公司","Guangdong Dongpeng Holdings Co.,Ltd."
"003013.SZ","003013","地铁设计","广东","建筑工程","dtsj","主板","20201022","广东省广州市人民政府国有资产监督管理委员会","地方国企","SZSE","L","广州地铁设计研究院股份有限公司","Guangzhou Metro Design & Research Institute Co., Ltd."
"003015.SZ","003015","日久光电","江苏","元器件","rjgd","主板","20201021","无实际控制人","无","SZSE","L","江苏日久光电股份有限公司","Jiangsu Rijiu Optoelectronics Jointstock Co.,Ltd."
"003016.SZ","003016","欣贺股份","福建","服饰","xhgf","主板","20201026","孙瑞鸿","外资企业","SZSE","L","欣贺股份有限公司","Xin Hee Co.,Ltd."
"003017.SZ","003017","大洋生物","浙江","化工原料","dysw","主板","20201026","陈阳贵","民营企业","SZSE","L","浙江大洋生物科技集团股份有限公司","Zhejiang Dayang Biotech Group Co., Ltd."
"003018.SZ","003018","金富科技","广东","塑料","jfkj","主板","20201106","陈姗姗","民营企业","SZSE","L","金富科技股份有限公司","Jinfu Technology Co., Ltd."
"003019.SZ","003019","宸展光电","福建","元器件","czgd","主板","20201117","CHIANG MICHAEL CHAO-JUEI","外资企业","SZSE","L","宸展光电(厦门)股份有限公司","TES Touch Embedded Solutions (Xiamen) Co., Ltd."
"003020.SZ","003020","立方制药","安徽","化学制药","lfzy","主板","20201215","季俊虬","民营企业","SZSE","L","合肥立方制药股份有限公司","Hefei Lifeon Pharmaceutical Co.,Ltd."
"003021.SZ","003021","兆威机电","深圳","元器件","zwjd","主板","20201204","国务院国有资产监督管理委员会","中央国企","SZSE","L","深圳市兆威机电股份有限公司","Shenzhen Zhaowei Machinery & Electronics Co.,Ltd."
"003022.SZ","003022","联泓新科","山东","化工原料","lhxk","主板","20201208","无实际控制人","无","SZSE","L","联泓新材料科技股份有限公司","Levima Advanced Materials Corporation"
"003023.SZ","003023","彩虹集团","四川","家用电器","chjt","主板","20201211","刘荣富","民营企业","SZSE","L","成都彩虹电器(集团)股份有限公司","Chengdu Rainbow Appliance(Group)Shares Co.,Ltd."
"003025.SZ","003025","思进智能","浙江","机床制造","sjzn","主板","20201211","李忠明","民营企业","SZSE","L","思进智能成形装备股份有限公司","Sijin Intelligent Forming Machinery Co., Ltd."
"003026.SZ","003026","中晶科技","浙江","半导体","zjkj","主板","20201218","徐一俊","民营企业","SZSE","L","浙江中晶科技股份有限公司","Zhejiang MTCN Technology Co.,Ltd."
"003027.SZ","003027","同兴科技","安徽","环境保护","txkj","主板","20201218","郑光明","民营企业","SZSE","L","同兴环保科技股份有限公司","Tongxing Environmental Protection Technology Co.,Ltd."
"003028.SZ","003028","振邦智能","深圳","元器件","zbzn","主板","20201228","陈志杰","民营企业","SZSE","L","深圳市振邦智能科技股份有限公司","Genbyte Technology Inc."
"003029.SZ","003029","吉大正元","吉林","软件服务","jdzy","主板","20201224","于逢良","民营企业","SZSE","L","长春吉大正元信息技术股份有限公司","Jilin University Zhengyuan Information Technologies Co.,Ltd."
"003030.SZ","003030","祖名股份","浙江","食品","zmgf","主板","20210106","中华人民共和国财政部","中央国企","SZSE","L","祖名豆制品股份有限公司","Zuming Bean Products Corp."
"003031.SZ","003031","中瓷电子","河北","元器件","zcdz","主板","20210104","国务院国有资产监督管理委员会","中央国企","SZSE","L","河北中瓷电子科技股份有限公司","Hebei Sinopack Electronic Technology Co.,Ltd."
"003032.SZ","003032","*ST传智","江苏","文教休闲","stcz","主板","20210112","","","SZSE","L","江苏传智播客教育科技股份有限公司","Jiangsu Chuanzhiboke Education Technology Co., Ltd."
"003033.SZ","003033","征和工业","山东","汽车配件","zhgy","主板","20210111","金玉谟","民营企业","SZSE","L","青岛征和工业股份有限公司","Qingdao Choho Industrial Co.,Ltd."
"003035.SZ","003035","南网能源","广东","新型电力","nwny","主板","20210119","国务院国有资产监督管理委员会","中央国企","SZSE","L","南方电网综合能源股份有限公司","China Southern Power Grid Energy Efficiency&Clean Energy Co.,Ltd."
"003036.SZ","003036","泰坦股份","浙江","纺织机械","ttgf","主板","20210128","陈其新","民营企业","SZSE","L","浙江泰坦股份有限公司","Zhejiang Taitan Co.,Ltd."
"003037.SZ","003037","三和管桩","广东","水泥","shgz","主板","20210204","韦泽林","民营企业","SZSE","L","广东三和管桩股份有限公司","Guangdong Sanhe Pile Co.,Ltd."
"003038.SZ","003038","鑫铂股份","安徽","铝","xbgf","主板","20210210","唐开健","民营企业","SZSE","L","安徽鑫铂铝业股份有限公司","Anhui Xinbo Aluminum Co., Ltd."
"003039.SZ","003039","顺控发展","广东","水务","skfz","主板","20210308","四川省政府国有资产监督管理委员会","地方国企","SZSE","L","广东顺控发展股份有限公司","Guangdong Shunkong Development Co.,Ltd."
"003040.SZ","003040","楚天龙","广东","通信设备","ctl","主板","20210322","苏晨","民营企业","SZSE","L","楚天龙股份有限公司","Chutian Dragon Co.,Ltd."
"003041.SZ","003041","真爱美家","浙江","纺织","zamj","主板","20210406","郑期中","民营企业","SZSE","L","浙江真爱美家股份有限公司","Zhejiang Truelove Vogue Co., Ltd."
"003042.SZ","003042","中农联合","山东","农药化肥","znlh","主板","20210406","中国供销集团有限公司","中央国企","SZSE","L","山东中农联合生物科技股份有限公司","Shandong Sino-Agri United Biotechnology Co.,Ltd"
"003043.SZ","003043","华亚智能","江苏","半导体","hyzn","主板","20210406","王彩男","民营企业","SZSE","L","苏州华亚智能科技股份有限公司","Suzhou Huaya Intelligence Technology Co., Ltd."
"003816.SZ","003816","中国广核","深圳","新型电力","zggh","主板","20190826","","","SZSE","L","中国广核电力股份有限公司","CGN Power Co., Ltd."
"300001.SZ","300001","特锐德","山东","电气设备","trd","创业板","20091030","","","SZSE","L","青岛特锐德电气股份有限公司","Qingdao Tgood Electric Co., Ltd."
"300002.SZ","300002","神州泰岳","北京","互联网","szty","创业板","20091030","无实际控制人","无","SZSE","L","北京神州泰岳软件股份有限公司","Beijing Ultrapower Software Co., Ltd."
"300003.SZ","300003","乐普医疗","北京","医疗保健","lpyl","创业板","20091030","","","SZSE","L","乐普(北京)医疗器械股份有限公司","Lepu Medical Technology (Beijing) Co.,Ltd."
"300004.SZ","300004","南风股份","广东","电气设备","nfgf","创业板","20091030","佛山市南海区国有资产监督管理局","地方国企","SZSE","L","南方风机股份有限公司","Nanfang Ventilator Co., Ltd."
"300005.SZ","300005","探路者","北京","服饰","tlz","创业板","20091030","李明","民营企业","SZSE","L","探路者控股集团股份有限公司","Toread Holdings Group Co., Ltd."
"300006.SZ","300006","莱美药业","重庆","化学制药","lmyy","创业板","20091030","广西壮族自治区人民政府国有资产监督管理委员会","地方国企","SZSE","L","重庆莱美药业股份有限公司","Chongqing Lummy Pharmaceutical Co.,Ltd"
"300007.SZ","300007","汉威科技","河南","电器仪表","hwkj","创业板","20091030","","","SZSE","L","汉威科技集团股份有限公司","Hanwei Electronics Group Corporation"
"300008.SZ","300008","天海防务","上海","船舶","thfw","创业板","20091030","何旭东","民营企业","SZSE","L","天海融合防务装备技术股份有限公司","Bestway Marine & Energy Technology Co.,Ltd"
"300009.SZ","300009","安科生物","安徽","生物制药","aksw","创业板","20091030","","","SZSE","L","安徽安科生物工程(集团)股份有限公司","Anhui Anke Biotechnology (Group) Co.,Ltd."
"300010.SZ","300010","豆神教育","北京","软件服务","dsjy","创业板","20091030","无实际控制人","无","SZSE","L","豆神教育科技(北京)股份有限公司","Doushen(Beijing) Education & Technology Inc."
"300011.SZ","300011","鼎汉技术","北京","运输设备","dhjs","创业板","20091030","广州市人民政府","地方国企","SZSE","L","北京鼎汉技术集团股份有限公司","Beijing Dinghan Technology Group Co., Ltd."
"300012.SZ","300012","华测检测","深圳","电器仪表","hcjc","创业板","20091030","","","SZSE","L","华测检测认证集团股份有限公司","Centre Testing International Group Co. Ltd."
"300013.SZ","300013","新宁物流","河南","仓储物流","xnwl","创业板","20091030","无实际控制人","无","SZSE","L","河南新宁现代物流股份有限公司","Henan Xinning Modern Logistics Co.,Ltd."
"300014.SZ","300014","亿纬锂能","广东","电气设备","ywln","创业板","20091030","","","SZSE","L","惠州亿纬锂能股份有限公司","EVE Energy Co., Ltd."
"300015.SZ","300015","爱尔眼科","湖南","医疗保健","aeyk","创业板","20091030","","","SZSE","L","爱尔眼科医院集团股份有限公司","Aier Eye Hospital Group Co.,Ltd."
"300016.SZ","300016","北陆药业","北京","化学制药","blyy","创业板","20091030","","","SZSE","L","北京北陆药业股份有限公司","Beijing Beilu Pharmaceutical Co.,Ltd."
"300017.SZ","300017","网宿科技","上海","软件服务","wskj","创业板","20091030","","","SZSE","L","网宿科技股份有限公司","Wangsu Science & Technology Co., Ltd."
"300018.SZ","300018","中元股份","湖北","电气设备","zygf","创业板","20091030","邓志刚","民营企业","SZSE","L","武汉中元华电科技股份有限公司","Wuhan Zhongyuan Huadian Science & Technology Co., Ltd."
"300019.SZ","300019","硅宝科技","四川","化工原料","gbkj","创业板","20091030","","","SZSE","L","成都硅宝科技股份有限公司","Chengdu Guibao Science&Technology Co.,Ltd"
"300020.SZ","300020","ST银江","浙江","软件服务","styj","创业板","20091030","","","SZSE","L","银江技术股份有限公司","Enjoyor Technology Co.,Ltd."
"300021.SZ","300021","大禹节水","甘肃","建筑工程","dyjs","创业板","20091030","","","SZSE","L","大禹节水集团股份有限公司","Dayu Irrigation Group Co.,Ltd"
"300022.SZ","300022","吉峰科技","四川","农用机械","jfkj","创业板","20091030","汪辉武","民营企业","SZSE","L","吉峰三农科技服务股份有限公司","Gifore Agricultural Science & Technology Service Co., Ltd."
"300024.SZ","300024","机器人","辽宁","专用机械","jqr","创业板","20091030","","","SZSE","L","沈阳新松机器人自动化股份有限公司","Siasun Robot&Automation Co.,Ltd."
"300025.SZ","300025","华星创业","浙江","通信设备","hxcy","创业板","20091030","朱东成","民营企业","SZSE","L","杭州华星创业通信技术股份有限公司","Hangzhou Huaxing Chuangye Communication Technology Co.,Ltd."
"300026.SZ","300026","红日药业","天津","中成药","hryy","创业板","20091030","成都市国有资产监督管理委员会","地方国企","SZSE","L","天津红日药业股份有限公司","Tianjin Chase Sun Pharmaceutical Co.,Ltd"
"300027.SZ","300027","华谊兄弟","浙江","影视音像","hyxd","创业板","20091030","","","SZSE","L","华谊兄弟传媒股份有限公司","Huayi Brothers Media Corporation"
"300029.SZ","300029","*ST天龙","江苏","建筑工程","sttl","创业板","20091225","无实际控制人","无","SZSE","L","江苏华盛天龙光电设备股份有限公司","Jiangsu Huasheng Tianlong Photoelectric Co., Ltd."
"300030.SZ","300030","阳普医疗","广东","医疗保健","ypyl","创业板","20091225","珠海市人民政府国有资产监督管理委员会","地方国企","SZSE","L","阳普医疗科技股份有限公司","Improve Medical Instruments Co.,Ltd"
"300031.SZ","300031","宝通科技","江苏","互联网","btkj","创业板","20091225","","","SZSE","L","无锡宝通科技股份有限公司","Wuxi Boton Technology Ltd."
"300032.SZ","300032","金龙机电","浙江","元器件","jljd","创业板","20091225","","","SZSE","L","金龙机电股份有限公司","Jinlong Machinery & Electronic Co.,Ltd"
"300033.SZ","300033","同花顺","浙江","软件服务","ths","创业板","20091225","","","SZSE","L","浙江核新同花顺网络信息股份有限公司","Hithink Royalflush Information Network Co.,Ltd."
"300034.SZ","300034","钢研高纳","北京","航空","gygn","创业板","20091225","","","SZSE","L","北京钢研高纳科技股份有限公司","Gaona Aero Material Co.,Ltd."
"300035.SZ","300035","中科电气","湖南","电气设备","zkdq","创业板","20091225","余新","民营企业","SZSE","L","湖南中科电气股份有限公司","Hunan Zhongke Electric Co.,Ltd."
"300036.SZ","300036","超图软件","北京","软件服务","ctrj","创业板","20091225","","","SZSE","L","北京超图软件股份有限公司","Beijing Supermap Software Co., Ltd."
"300037.SZ","300037","新宙邦","深圳","化工原料","xzb","创业板","20100108","","","SZSE","L","深圳新宙邦科技股份有限公司","Shenzhen Capchem Technology Co.,Ltd."
"300039.SZ","300039","上海凯宝","上海","中成药","shkb","创业板","20100108","穆竟伟","民营企业","SZSE","L","上海凯宝药业股份有限公司","Shanghai Kaibao Pharmaceutical Co.,Ltd"
"300040.SZ","300040","九洲集团","黑龙江","新型电力","jzjt","创业板","20100108","","","SZSE","L","哈尔滨九洲集团股份有限公司","Harbin Jiuzhou Group Co.,Ltd."
"300041.SZ","300041","回天新材","湖北","化工原料","htxc","创业板","20100108","章锋","民营企业","SZSE","L","湖北回天新材料股份有限公司","Hubei Huitian New Materials Co., Ltd"
"300042.SZ","300042","朗科科技","深圳","IT设备","lkkj","创业板","20100108","邓国顺","民营企业","SZSE","L","深圳市朗科科技股份有限公司","Netac Technology Co.,Ltd"
"300043.SZ","300043","星辉娱乐","广东","互联网","xhyl","创业板","20100120","","","SZSE","L","星辉互动娱乐股份有限公司","Rastar Group"
"300044.SZ","300044","ST赛为","深圳","软件服务","stsw","创业板","20100120","周勇","民营企业","SZSE","L","深圳市赛为智能股份有限公司","Shenzhen Sunwin Intelligent Co.,Ltd."
"300045.SZ","300045","华力创通","北京","IT设备","hlct","创业板","20100120","","","SZSE","L","北京华力创通科技股份有限公司","Hwa Create Co.,Ltd."
"300046.SZ","300046","台基股份","湖北","半导体","tjgf","创业板","20100120","","","SZSE","L","湖北台基半导体股份有限公司","Tech Semiconductors Co., Ltd."
"300047.SZ","300047","天源迪科","深圳","软件服务","tydk","创业板","20100120","","","SZSE","L","深圳天源迪科信息技术股份有限公司","Shenzhen Tianyuan Dic Information Technology Co.,Ltd."
"300048.SZ","300048","合康新能","北京","电气设备","hkxn","创业板","20100120","何享健","民营企业","SZSE","L","北京合康新能科技股份有限公司","Hiconics Eco-Energy Technology Co., Ltd."
"300049.SZ","300049","福瑞股份","内蒙","医疗保健","frgf","创业板","20100120","","","SZSE","L","内蒙古福瑞医疗科技股份有限公司","Inner Mongolia Furui Medical Science Co., Ltd."
"300050.SZ","300050","世纪鼎利","广东","通信设备","sjdl","创业板","20100120","汪辉武","民营企业","SZSE","L","珠海世纪鼎利科技股份有限公司","Dingli Corp., Ltd."
"300051.SZ","300051","琏升科技","江苏","综合类","lskj","创业板","20100211","无实际控制人","无","SZSE","L","琏升科技股份有限公司","Leascend Technology Co., Ltd"
"300052.SZ","300052","ST中青宝","深圳","互联网","stzqb","创业板","20100211","","","SZSE","L","深圳中青宝互动网络股份有限公司","Shenzhen Zqgame Co., Ltd"
"300053.SZ","300053","航宇微","广东","半导体","hyw","创业板","20100211","珠海市人民政府国有资产监督管理委员会","地方国企","SZSE","L","珠海航宇微科技股份有限公司","Zhuhai Aerospace Microchips Science & Technology Co., Ltd."
"300054.SZ","300054","鼎龙股份","湖北","化工原料","dlgf","创业板","20100211","","","SZSE","L","湖北鼎龙控股股份有限公司","Hubei Dinglong Co.,Ltd"
"300055.SZ","300055","万邦达","北京","石油加工","wbd","创业板","20100226","","","SZSE","L","北京万邦达环保技术股份有限公司","Beijing Water Business Doctor Co.,Ltd."
"300056.SZ","300056","中创环保","福建","环境保护","zchb","创业板","20100226","王光辉","民营企业","SZSE","L","厦门中创环保科技股份有限公司","Xiamen Zhongchuang Environmental Technology Co., Ltd"
"300057.SZ","300057","万顺新材","广东","铝","wsxc","创业板","20100226","","","SZSE","L","汕头万顺新材集团股份有限公司","Shantou Wanshun New Material Group Co., Ltd."
"300058.SZ","300058","蓝色光标","北京","广告包装","lsgb","创业板","20100226","","","SZSE","L","北京蓝色光标数据科技集团股份有限公司","Bluefocus Intelligent Communications Group Co., Ltd."
"300059.SZ","300059","东方财富","上海","证券","dfcf","创业板","20100319","","","SZSE","L","东方财富信息股份有限公司","East Money Information Co., Ltd."
"300061.SZ","300061","旗天科技","上海","互联网","qtkj","创业板","20100319","刘涛","民营企业","SZSE","L","旗天科技集团股份有限公司","Qitian Technology Group Co., Ltd."
"300062.SZ","300062","中能电气","福建","电气设备","zndq","创业板","20100319","陈添旭","民营企业","SZSE","L","中能电气股份有限公司","Ceepower Co.,Ltd"
"300063.SZ","300063","天龙集团","广东","互联网","tljt","创业板","20100326","","","SZSE","L","广东天龙科技集团股份有限公司","Guangdong Tloong Technology Group Co.,Ltd"
"300065.SZ","300065","海兰信","北京","船舶","hlx","创业板","20100326","","","SZSE","L","北京海兰信数据科技股份有限公司","Beijing Highlander Digital Technology Co.,Ltd."
"300066.SZ","300066","三川智慧","江西","电器仪表","sczh","创业板","20100326","","","SZSE","L","三川智慧科技股份有限公司","Sanchuan Wisdom Technology Co.,Ltd"
"300067.SZ","300067","安诺其","上海","染料涂料","anq","创业板","20100421","","","SZSE","L","上海安诺其集团股份有限公司","Shanghai Anoky Group Co., Ltd"
"300068.SZ","300068","南都电源","浙江","电气设备","nddy","创业板","20100421","周庆治","外资企业","SZSE","L","浙江南都电源动力股份有限公司","Zhejiang Narada Power Source Co., Ltd."
"300069.SZ","300069","金利华电","山西","电气设备","jlhd","创业板","20100421","韩泽帅","民营企业","SZSE","L","金利华电气股份有限公司","Jinlihua Electric Co., Ltd."
"300070.SZ","300070","碧水源","北京","环境保护","bsy","创业板","20100421","国务院国有资产监督管理委员会","中央国企","SZSE","L","北京碧水源科技股份有限公司","Beijing Originwater Technology Co.,Ltd."
"300071.SZ","300071","福石控股","北京","广告包装","fskg","创业板","20100421","陈永亮","民营企业","SZSE","L","北京福石控股发展股份有限公司","FS Development Investment Holdings"
"300072.SZ","300072","海新能科","北京","化工原料","hxnk","创业板","20100427","","","SZSE","L","北京海新能源科技股份有限公司","Beijing Haixin Energy Technology Co., Ltd."
"300073.SZ","300073","当升科技","北京","电气设备","dskj","创业板","20100427","","","SZSE","L","北京当升材料科技股份有限公司","Beijing Easpring Material Technology Co.,Ltd."
"300074.SZ","300074","华平股份","上海","软件服务","hpgf","创业板","20100427","叶顺彭","民营企业","SZSE","L","华平信息技术股份有限公司","Avcon Information Technology Co.,Ltd"
"300075.SZ","300075","数字政通","北京","软件服务","szzt","创业板","20100427","","","SZSE","L","北京数字政通科技股份有限公司","Beijing Egova Co.,Ltd."
"300076.SZ","300076","GQY视讯","浙江","IT设备","gqysx","创业板","20100430","开封市人民政府","地方国企","SZSE","L","宁波GQY视讯股份有限公司","Ningbo Gqy Video & Telecom Joint-Stock Co., Ltd."
"300077.SZ","300077","国民技术","深圳","半导体","gmjs","创业板","20100430","","","SZSE","L","国民技术股份有限公司","Nations Technologies Inc."
"300078.SZ","300078","思创医惠","浙江","软件服务","scyh","创业板","20100430","无实际控制人","无","SZSE","L","思创医惠科技股份有限公司","Hangzhou Century Co.,Ltd"
"300079.SZ","300079","数码视讯","北京","IT设备","smsx","创业板","20100430","","","SZSE","L","北京数码视讯科技股份有限公司","Sumavision Technologies Co., Ltd."
"300080.SZ","300080","易成新能","河南","电气设备","ycxn","创业板","20100625","","","SZSE","L","河南易成新能源股份有限公司","Henan Yicheng New Energy Co., Ltd."
"300081.SZ","300081","恒信东方","北京","文教休闲","hxdf","创业板","20100520","","","SZSE","L","恒信东方文化股份有限公司","Hengxin Shambala Culture Co.,Ltd."
"300082.SZ","300082","奥克股份","辽宁","化工原料","akgf","创业板","20100520","","","SZSE","L","辽宁奥克化学股份有限公司","Liaoning Oxiranchem,Inc"
"300083.SZ","300083","创世纪","广东","机床制造","csj","创业板","20100520","王九全","外资企业","SZSE","L","广东创世纪智能装备集团股份有限公司","Guangdong Create Century Intelligent Equipment Group Corporation Limited"
"300084.SZ","300084","海默科技","甘肃","专用机械","hmkj","创业板","20100520","","","SZSE","L","海默科技(集团)股份有限公司","Haimo Technologies Group Corp."
"300085.SZ","300085","银之杰","深圳","软件服务","yzj","创业板","20100526","","","SZSE","L","深圳市银之杰科技股份有限公司","Shenzhen Infogem Technologies Co., Ltd."
"300086.SZ","300086","康芝药业","海南","化学制药","kzyy","创业板","20100526","","","SZSE","L","康芝药业股份有限公司","Honz Pharmaceutical Co., Ltd."
"300087.SZ","300087","荃银高科","安徽","种植业","qygk","创业板","20100526","国务院国有资产监督管理委员会","中央国企","SZSE","L","安徽荃银高科种业股份有限公司","Winall Hi-Tech Seed Co., Ltd."
"300088.SZ","300088","长信科技","安徽","元器件","cxkj","创业板","20100526","","","SZSE","L","芜湖长信科技股份有限公司","Wuhu Token Science Co.,Ltd"
"300091.SZ","300091","金通灵","江苏","机械基件","jtl","创业板","20100625","江苏省南通市人民政府国有资产监督管理委员会","地方国企","SZSE","L","金通灵科技集团股份有限公司","Jin Tong Ling Technology Group Co., Ltd."
"300092.SZ","300092","科新机电","四川","专用机械","kxjd","创业板","20100708","","","SZSE","L","四川科新机电股份有限公司","Sichuan Kexin Mechanical and Electrical Equipment Co., Ltd"
"300093.SZ","300093","*ST金刚","甘肃","电气设备","stjg","创业板","20100708","罗伟广","民营企业","SZSE","L","甘肃金刚光伏股份有限公司","Gansu Golden Solar Co., Ltd"
"300094.SZ","300094","国联水产","广东","渔业","glsc","创业板","20100708","","","SZSE","L","湛江国联水产开发股份有限公司","Zhanjiang Guolian Aquatic Products Co.,Ltd"
"300095.SZ","300095","华伍股份","江西","专用机械","hwgf","创业板","20100728","","","SZSE","L","江西华伍制动器股份有限公司","Jiangxi Huawu Brake Co.,Ltd."
"300096.SZ","300096","ST易联众","福建","软件服务","stylz","创业板","20100728","","","SZSE","L","易联众信息技术股份有限公司","YLZ Information Technology Co.,Ltd"
"300097.SZ","300097","ST智云","辽宁","专用机械","stzy","创业板","20100728","无实际控制人","无","SZSE","L","大连智云自动化装备股份有限公司","Dalian Zhiyun Automation Co.,Ltd."
"300098.SZ","300098","高新兴","广东","软件服务","gxx","创业板","20100728","","","SZSE","L","高新兴科技集团股份有限公司","Gosuncn Technology Group Co., Ltd."
"300099.SZ","300099","尤洛卡","山东","电器仪表","ylk","创业板","20100806","王晶华","民营企业","SZSE","L","尤洛卡精准信息工程股份有限公司","Uroica Precision Information Engineering Co.,Ltd"
"300100.SZ","300100","双林股份","浙江","汽车配件","slgf","创业板","20100806","","","SZSE","L","双林股份有限公司","Shuanglin Co.,Ltd."
"300101.SZ","300101","振芯科技","四川","通信设备","zxkj","创业板","20100806","无实际控制人","无","SZSE","L","成都振芯科技股份有限公司","Chengdu Corpro Technology Co.,Ltd."
"300102.SZ","300102","乾照光电","福建","半导体","qzgd","创业板","20100812","无实际控制人","无","SZSE","L","厦门乾照光电股份有限公司","Xiamen Changelight Co., Ltd."
"300103.SZ","300103","达刚控股","陕西","专用机械","dgkg","创业板","20100812","","","SZSE","L","达刚控股集团股份有限公司","Dagang Holding Group Co.,Ltd."
"300105.SZ","300105","龙源技术","山东","环境保护","lyjs","创业板","20100820","","","SZSE","L","烟台龙源电力技术股份有限公司","Yantai Longyuan Power Technology Co., Ltd."
"300106.SZ","300106","西部牧业","新疆","乳制品","xbmy","创业板","20100820","新疆生产建设兵团第八师国有资产监督管理委员会(石河子市国有资产监督管理委员会)","地方国企","SZSE","L","新疆西部牧业股份有限公司","Xinjiang Western Animal Husbandry Co.,Ltd"
"300107.SZ","300107","建新股份","河北","化工原料","jxgf","创业板","20100820","","","SZSE","L","河北建新化工股份有限公司","Hebei Jianxin Chemical Co., Ltd"
"300109.SZ","300109","新开源","河南","化工原料","xky","创业板","20100825","王坚强","民营企业","SZSE","L","博爱新开源医疗科技集团股份有限公司","Boai Nky Medical Holdings Ltd"
"300110.SZ","300110","华仁药业","山东","化学制药","hryy","创业板","20100825","西安曲江新区管理委员会","地方国企","SZSE","L","华仁药业股份有限公司","Huaren Pharmaceutical Co., Ltd."
"300111.SZ","300111","向日葵","浙江","化学制药","xrk","创业板","20100827","","","SZSE","L","浙江向日葵大健康科技股份有限公司","Zhejiang Sunflower Great Health Co., Ltd."
"300112.SZ","300112","万讯自控","深圳","电器仪表","wxzk","创业板","20100827","","","SZSE","L","深圳万讯自控股份有限公司","Shenzhen Maxonic Automation Control Co.,Ltd."
"300113.SZ","300113","顺网科技","浙江","互联网","swkj","创业板","20100827","","","SZSE","L","杭州顺网科技股份有限公司","Hangzhou Shunwang Technology Co,Ltd"
"300115.SZ","300115","长盈精密","深圳","元器件","cyjm","创业板","20100902","","","SZSE","L","深圳市长盈精密技术股份有限公司","Shenzhen Everwin Precision Technology Co., Ltd"
"300118.SZ","300118","东方日升","浙江","电气设备","dfrs","创业板","20100902","","","SZSE","L","东方日升新能源股份有限公司","Risen Energy Co.,Ltd."
"300119.SZ","300119","瑞普生物","天津","农业综合","rpsw","创业板","20100917","","","SZSE","L","瑞普生物股份有限公司","Tianjin Ringpu Bio-Technology Co., Ltd."
"300120.SZ","300120","经纬辉开","天津","元器件","jwhk","创业板","20100917","无实际控制人","无","SZSE","L","天津经纬辉开光电股份有限公司","Tianjin Jingwei Huikai Optoelectronic Co.,Ltd."
"300121.SZ","300121","阳谷华泰","山东","化工原料","yght","创业板","20100917","王文博","民营企业","SZSE","L","山东阳谷华泰化工股份有限公司","Shandong Yanggu Huatai Chemical Co.,Ltd."
"300122.SZ","300122","智飞生物","重庆","生物制药","zfsw","创业板","20100928","","","SZSE","L","重庆智飞生物制品股份有限公司","Chongqing Zhifei Biological Products Co.,Ltd."
"300123.SZ","300123","亚光科技","湖南","半导体","ygkj","创业板","20100928","","","SZSE","L","亚光科技集团股份有限公司","Yaguang Technology Group Company Limited"
"300124.SZ","300124","汇川技术","深圳","电器仪表","hcjs","创业板","20100928","","","SZSE","L","深圳市汇川技术股份有限公司","Shenzhen Inovance Technology Co.,Ltd"
"300125.SZ","300125","*ST聆达","辽宁","电气设备","stld","创业板","20101013","王正育","外资企业","SZSE","L","聆达集团股份有限公司","Lingda Group Co.,Ltd."
"300126.SZ","300126","锐奇股份","上海","轻工机械","rqgf","创业板","20101013","","","SZSE","L","锐奇控股股份有限公司","KEN Holding Co., Ltd."
"300127.SZ","300127","银河磁体","四川","矿物制品","yhct","创业板","20101013","","","SZSE","L","成都银河磁体股份有限公司","Chengdu Galaxy Magnets Co.,Ltd."
"300128.SZ","300128","锦富技术","江苏","元器件","jfjs","创业板","20101013","泰兴市城东高新技术产业园区管理办公室","地方国企","SZSE","L","苏州锦富技术股份有限公司","Suzhou Jinfu Technology Co., Ltd."
"300129.SZ","300129","泰胜风能","上海","电气设备","tsfn","创业板","20101019","广州经济技术开发区管理委员会","地方国企","SZSE","L","泰胜风能集团股份有限公司","TSP Wind Power Group Co.,Ltd."
"300130.SZ","300130","新国都","深圳","IT设备","xgd","创业板","20101019","","","SZSE","L","深圳市新国都股份有限公司","XGD Inc."
"300131.SZ","300131","英唐智控","深圳","元器件","ytzk","创业板","20101019","","","SZSE","L","深圳市英唐智能控制股份有限公司","Shenzhen Yitoa Intelligent Control Co.,Ltd."
"300132.SZ","300132","青松股份","福建","化工原料","qsgf","创业板","20101026","无实际控制人","无","SZSE","L","福建青松股份有限公司","Fujian Green Pine Co., Ltd"
"300133.SZ","300133","华策影视","浙江","影视音像","hcys","创业板","20101026","傅梅城","民营企业","SZSE","L","浙江华策影视股份有限公司","Zhejiang Huace Film & Tv Co., Ltd."
"300134.SZ","300134","大富科技","安徽","通信设备","dfkj","创业板","20101026","","","SZSE","L","大富科技(安徽)股份有限公司","Anhui Tatfook Technology Co., Ltd"
"300135.SZ","300135","宝利国际","江苏","石油加工","blgj","创业板","20101026","","","SZSE","L","江苏宝利国际投资股份有限公司","Jiangsu Baoli International Investment Co., Ltd."
"300136.SZ","300136","信维通信","深圳","元器件","xwtx","创业板","20101105","","","SZSE","L","深圳市信维通信股份有限公司","Shenzhen Sunway Communication Co.,Ltd."
"300137.SZ","300137","ST先河","河北","环境保护","stxh","创业板","20101105","张菊军","民营企业","SZSE","L","河北先河环保科技股份有限公司","Hebei Sailhero Environmental Protection High-Tech Co.,Ltd"
"300138.SZ","300138","晨光生物","河北","食品","cgsw","创业板","20101105","卢庆国","民营企业","SZSE","L","晨光生物科技集团股份有限公司","Chenguang Biotech Group Co.,Ltd."
"300139.SZ","300139","晓程科技","北京","黄金","xckj","创业板","20101112","","","SZSE","L","北京晓程科技股份有限公司","Beijing Xiaocheng Technology Stock Co., Ltd"
"300140.SZ","300140","节能环境","陕西","环境保护","jnhj","创业板","20101112","","","SZSE","L","中节能环境保护股份有限公司","CECEP Environmental Protection Co.,Ltd."
"300141.SZ","300141","和顺电气","江苏","电气设备","hsdq","创业板","20101112","无实际控制人","无","SZSE","L","苏州工业园区和顺电气股份有限公司","Suzhou Industrial Park Heshun Electric Co., Ltd."
"300142.SZ","300142","沃森生物","云南","生物制药","wssw","创业板","20101112","","","SZSE","L","云南沃森生物技术股份有限公司","Walvax Biotechnology Co.,Ltd."
"300143.SZ","300143","盈康生命","山东","医疗保健","yksm","创业板","20101209","","","SZSE","L","盈康生命科技股份有限公司","Inkon Life Technology Co., Ltd."
"300144.SZ","300144","宋城演艺","浙江","旅游景点","scyy","创业板","20101209","","","SZSE","L","宋城演艺发展股份有限公司","Songcheng Performance Development Co., Ltd."
"300145.SZ","300145","南方泵业","浙江","机械基件","nfby","创业板","20101209","无锡市人民政府国有资产监督管理委员会","地方国企","SZSE","L","南方泵业股份有限公司","Nanfang Pump Industry Co., Ltd."
"300146.SZ","300146","汤臣倍健","广东","食品","tcbj","创业板","20101215","","","SZSE","L","汤臣倍健股份有限公司","Byhealth Co.,Ltd"
"300147.SZ","300147","ST香雪","广东","中成药","stxx","创业板","20101215","","","SZSE","L","广州市香雪制药股份有限公司","Xiang Xue Pharmaceutical Factory Co.,Ltd."
"300148.SZ","300148","天舟文化","湖南","出版业","tzwh","创业板","20101215","","","SZSE","L","天舟文化股份有限公司","Tangel Culture Co., Ltd."
"300149.SZ","300149","睿智医药","广东","生物制药","rzyy","创业板","20101222","曾宪经","民营企业","SZSE","L","睿智医药科技股份有限公司","Chempartner Pharmatech Co.,Ltd."
"300150.SZ","300150","世纪瑞尔","北京","软件服务","sjre","创业板","20101222","","","SZSE","L","北京世纪瑞尔技术股份有限公司","Beijing Century Real Technology Co.,Ltd"
"300151.SZ","300151","昌红科技","深圳","专用机械","chkj","创业板","20101222","李焕昌","民营企业","SZSE","L","深圳市昌红科技股份有限公司","Shenzhen Changhong Technology Co.,Ltd"
"300152.SZ","300152","ST新动力","河北","环境保护","stxdl","创业板","20101229","","","SZSE","L","雄安新动力科技股份有限公司","Xiong'an New Power Technology Co.,Ltd."
"300153.SZ","300153","科泰电源","上海","电气设备","ktdy","创业板","20101229","谢松峰","外资企业","SZSE","L","上海科泰电源股份有限公司","Shanghai Cooltech Power Co.,Ltd."
"300154.SZ","300154","瑞凌股份","深圳","机械基件","rlgf","创业板","20101229","","","SZSE","L","深圳市瑞凌实业集团股份有限公司","Shenzhen Riland Industry Group Co.,Ltd"
"300155.SZ","300155","安居宝","广东","IT设备","ajb","创业板","20110107","","","SZSE","L","广东安居宝数码科技股份有限公司","Guangdong Anjubao Digital Technology Co.,Ltd"
"300157.SZ","300157","新锦动力","北京","专用机械","xjdl","创业板","20110107","刘亚玲","民营企业","SZSE","L","新锦动力集团股份有限公司","New Jcm Group Co.,Ltd"
"300158.SZ","300158","振东制药","山西","化学制药","zdzy","创业板","20110107","","","SZSE","L","山西振东制药股份有限公司","Shanxi Zhendong Pharmaceutical Co.,Ltd"
"300159.SZ","300159","*ST新研","新疆","农用机械","stxy","创业板","20110107","","","SZSE","L","新疆机械研究院股份有限公司","Xinjiang Machinery Research Institute Co., Ltd."
"300160.SZ","300160","秀强股份","江苏","家用电器","xqgf","创业板","20110113","珠海市人民政府国有资产监督管理委员会","地方国企","SZSE","L","江苏秀强玻璃工艺股份有限公司","Jiangsu Xiuqiang Glasswork Co., Ltd"
"300161.SZ","300161","华中数控","湖北","机床制造","hzsk","创业板","20110113","阎志","民营企业","SZSE","L","武汉华中数控股份有限公司","Wuhan Huazhong Numerical Control Co.,Ltd."
"300162.SZ","300162","雷曼光电","深圳","元器件","lmgd","创业板","20110113","","","SZSE","L","深圳雷曼光电科技股份有限公司","Ledman Optoelectronic Co.,Ltd."
"300163.SZ","300163","先锋新材","浙江","家居用品","xfxc","创业板","20110113","","","SZSE","L","宁波先锋新材料股份有限公司","Ningbo Xianfeng New Material Co.,Ltd"
"300164.SZ","300164","通源石油","陕西","石油开采","tysy","创业板","20110113","张国桉","民营企业","SZSE","L","通源石油科技集团股份有限公司","Tong Petrotech Corp."
"300165.SZ","300165","ST天瑞","江苏","电器仪表","sttr","创业板","20110125","","","SZSE","L","江苏天瑞仪器股份有限公司","Jiangsu Skyray Instrument Co.,Ltd."
"300166.SZ","300166","东方国信","北京","软件服务","dfgx","创业板","20110125","","","SZSE","L","北京东方国信科技股份有限公司","Business-Intelligence of Oriental Nations Corporation Ltd."
"300167.SZ","300167","ST迪威迅","深圳","软件服务","stdwx","创业板","20110125","无实际控制人","无","SZSE","L","深圳市迪威迅股份有限公司","Shenzhen Dvision Co.,Ltd."
"300168.SZ","300168","万达信息","上海","软件服务","wdxx","创业板","20110125","无实际控制人","无","SZSE","L","万达信息股份有限公司","Wonders Information Co., Ltd"
"300169.SZ","300169","天晟新材","江苏","塑料","tsxc","创业板","20110125","无实际控制人","无","SZSE","L","常州天晟新材料集团股份有限公司","Changzhou Tiansheng New Materials Group Co.,Ltd."
"300170.SZ","300170","汉得信息","上海","软件服务","hdxx","创业板","20110201","","","SZSE","L","上海汉得信息技术股份有限公司","Hand Enterprise Solutions Co.,Ltd."
"300171.SZ","300171","东富龙","上海","医疗保健","dfl","创业板","20110201","郑效东","民营企业","SZSE","L","东富龙科技集团股份有限公司","Tofflon Science and Technology Group Co., Ltd."
"300172.SZ","300172","中电环保","江苏","环境保护","zdhb","创业板","20110201","","","SZSE","L","中电环保股份有限公司","Cec Environmental Protection Co.,Ltd"
"300173.SZ","300173","福能东方","广东","轻工机械","fndf","创业板","20110201","佛山市人民政府国有资产监督管理委员会","地方国企","SZSE","L","福能东方装备科技股份有限公司","Funeng Oriental Equipment Technology Co.,Ltd."
"300174.SZ","300174","元力股份","福建","化工原料","ylgf","创业板","20110201","","","SZSE","L","福建元力活性炭股份有限公司","Fujian Yuanli Active Carbon Co.,Ltd."
"300175.SZ","300175","ST朗源","山东","食品","stly","创业板","20110215","王贵美","民营企业","SZSE","L","朗源股份有限公司","Lontrue Co.,Ltd."
"300176.SZ","300176","鸿特科技","广东","汽车配件","htkj","创业板","20110215","","","SZSE","L","广东鸿特科技股份有限公司","Guangdong Hongteo Technology Co.,Ltd."
"300177.SZ","300177","中海达","广东","通信设备","zhd","创业板","20110215","廖定海","民营企业","SZSE","L","广州中海达卫星导航技术股份有限公司","Guangzhou Hi-Target Navigation Tech Co., Ltd."
"300179.SZ","300179","四方达","河南","矿物制品","sfd","创业板","20110215","","","SZSE","L","河南四方达超硬材料股份有限公司","Sf Diamond Co.,Ltd"
"300180.SZ","300180","华峰超纤","上海","化纤","hfcx","创业板","20110222","尤小平","民营企业","SZSE","L","上海华峰超纤科技股份有限公司","Huafon Microfibre(Shanghai)Co., Ltd."
"300181.SZ","300181","佐力药业","浙江","中成药","zlyy","创业板","20110222","","","SZSE","L","浙江佐力药业股份有限公司","Zhejiang Jolly Pharmaceutical Co.,Ltd."
"300182.SZ","300182","捷成股份","北京","影视音像","jcgf","创业板","20110222","周楠","民营企业","SZSE","L","北京捷成世纪科技股份有限公司","Beijing Jetsen Technology Co., Ltd"
"300183.SZ","300183","东软载波","山东","通信设备","drzb","创业板","20110222","无实际控制人","无","SZSE","L","青岛东软载波科技股份有限公司","Qingdao Eastsoft Communication Technology Co.,Ltd"
"300184.SZ","300184","力源信息","湖北","元器件","lyxx","创业板","20110222","赵马克","外资企业","SZSE","L","武汉力源信息技术股份有限公司","Wuhan P&S Information Technology Co., Ltd."
"300185.SZ","300185","通裕重工","山东","工程机械","tyzg","创业板","20110308","珠海市人民政府国有资产监督管理委员会","地方国企","SZSE","L","通裕重工股份有限公司","Tongyu Heavy Industry Co.,Ltd."
"300187.SZ","300187","永清环保","湖南","环境保护","yqhb","创业板","20110308","","","SZSE","L","永清环保股份有限公司","Yonker Environmental Protection Co.,Ltd"
"300188.SZ","300188","国投智能","福建","软件服务","gtzn","创业板","20110316","国务院国有资产监督管理委员会","中央国企","SZSE","L","国投智能(厦门)信息股份有限公司","SDIC Intelligence Xiamen Information Co., Ltd."
"300189.SZ","300189","神农种业","海南","种植业","snzy","创业板","20110316","","","SZSE","L","海南神农种业科技股份有限公司","Hainan Shennong Seed Industry Technology Co.,Ltd."
"300190.SZ","300190","维尔利","江苏","环境保护","wel","创业板","20110316","","","SZSE","L","维尔利环保科技集团股份有限公司","Welle Environmental Group Co.,Ltd"
"300191.SZ","300191","潜能恒信","北京","石油开采","qnhx","创业板","20110316","","","SZSE","L","潜能恒信能源技术股份有限公司","Sino Geophysical Co., Ltd"
"300192.SZ","300192","科德教育","江苏","文教休闲","kdjy","创业板","20110322","吴贤良","民营企业","SZSE","L","苏州科德教育科技股份有限公司","Suzhou Kingswood Education Technology Co.,Ltd."
"300193.SZ","300193","佳士科技","深圳","专用机械","jskj","创业板","20110322","潘磊","民营企业","SZSE","L","深圳市佳士科技股份有限公司","Shenzhen Jasic Technology Co.,Ltd."
"300194.SZ","300194","福安药业","重庆","化学制药","fayy","创业板","20110322","","","SZSE","L","福安药业(集团)股份有限公司","Fuan Pharmaceutical (Group) Co.,Ltd."
"300195.SZ","300195","长荣股份","天津","轻工机械","crgf","创业板","20110329","","","SZSE","L","天津长荣科技集团股份有限公司","Masterwork Group Co., Ltd."
"300196.SZ","300196","长海股份","江苏","玻璃","chgf","创业板","20110329","","","SZSE","L","江苏长海复合材料股份有限公司","Jiangsu Changhai Composite Materials Co.,Ltd"
"300197.SZ","300197","节能铁汉","深圳","环境保护","jnth","创业板","20110329","国务院国有资产监督管理委员会","中央国企","SZSE","L","中节能铁汉生态环境股份有限公司","Cecep Techand Ecology&Environment Co.,Ltd."
"300198.SZ","300198","ST纳川","福建","塑料","stnc","创业板","20110407","无实际控制人","无","SZSE","L","福建纳川管材科技股份有限公司","Fujian Superpipe Co., Ltd."
"300199.SZ","300199","翰宇药业","深圳","化学制药","hyyy","创业板","20110407","曾少贵","民营企业","SZSE","L","深圳翰宇药业股份有限公司","Hybio Pharmaceutical Co., Ltd."
"300200.SZ","300200","高盟新材","北京","化工原料","gmxc","创业板","20110407","","","SZSE","L","北京高盟新材料股份有限公司","Beijing Comens New Materials Co.,Ltd."
"300201.SZ","300201","海伦哲","江苏","工程机械","hlz","创业板","20110407","金诗玮","民营企业","SZSE","L","徐州海伦哲专用车辆股份有限公司","Xuzhou Handler Special Vehicle Co., Ltd"
"300203.SZ","300203","聚光科技","浙江","电器仪表","jgkj","创业板","20110415","","","SZSE","L","聚光科技(杭州)股份有限公司","Focused Photonics (Hangzhou), Inc."
"300204.SZ","300204","舒泰神","北京","生物制药","sts","创业板","20110415","","","SZSE","L","舒泰神(北京)生物制药股份有限公司","Staidson (Beijing) Biopharmaceuticals Co., Ltd."
"300205.SZ","300205","*ST天喻","湖北","通信设备","stty","创业板","20110421","艾迪","民营企业","SZSE","L","武汉天喻信息产业股份有限公司","Wuhan Tianyu Information Industry Co.,Ltd."
"300206.SZ","300206","理邦仪器","深圳","医疗保健","lbyq","创业板","20110421","","","SZSE","L","深圳市理邦精密仪器股份有限公司","Edan Instruments, Inc."
"300207.SZ","300207","欣旺达","深圳","电气设备","xwd","创业板","20110421","","","SZSE","L","欣旺达电子股份有限公司","Sunwoda Electronic Co., Ltd."
"300209.SZ","300209","有棵树","湖南","互联网","yks","创业板","20110426","肖四清","民营企业","SZSE","L","有棵树科技股份有限公司","Youkeshu Technology Co.,Ltd"
"300210.SZ","300210","森远股份","辽宁","专用机械","sygf","创业板","20110426","","","SZSE","L","鞍山森远路桥股份有限公司","Anshan Senyuan Road & Bridge Co.,Ltd"
"300211.SZ","300211","*ST亿通","江苏","通信设备","styt","创业板","20110505","黄汪","民营企业","SZSE","L","江苏亿通高科技股份有限公司","Jiangsu Yitong High-Tech Co., Ltd."
"300212.SZ","300212","易华录","北京","软件服务","yhl","创业板","20110505","","","SZSE","L","北京易华录信息技术股份有限公司","Beijing E-Hualu Information Technology Co., Ltd"
"300213.SZ","300213","佳讯飞鸿","北京","通信设备","jxfh","创业板","20110505","","","SZSE","L","北京佳讯飞鸿电气股份有限公司","Beijing Jiaxun Feihong Electrical Co.,Ltd."
"300214.SZ","300214","日科化学","山东","化工原料","rkhx","创业板","20110511","","","SZSE","L","山东日科化学股份有限公司","Shandong Rike Chemical Co.,Ltd."
"300215.SZ","300215","电科院","江苏","电气设备","dky","创业板","20110511","李崇珠","民营企业","SZSE","L","苏州电器科学研究院股份有限公司","Suzhou Electrical Apparatus Science Academy Co.,Ltd."
"300217.SZ","300217","东方电热","江苏","家用电器","dfdr","创业板","20110518","","","SZSE","L","镇江东方电热科技股份有限公司","Zhenjiang Dongfang Electric Heating Technology Co.,Ltd"
"300218.SZ","300218","安利股份","安徽","塑料","algf","创业板","20110518","姚和平","民营企业","SZSE","L","安徽安利材料科技股份有限公司","Anhui Anli Material Technology Co., Ltd."
"300219.SZ","300219","鸿利智汇","广东","元器件","hlzh","创业板","20110518","泸州市国有资产监督管理委员会","地方国企","SZSE","L","鸿利智汇集团股份有限公司","Hongli Zhihui Group Co.,Ltd."
"300220.SZ","300220","金运激光","湖北","专用机械","jyjg","创业板","20110525","梁伟","民营企业","SZSE","L","武汉金运激光股份有限公司","Wuhan Golden Laser Co., Ltd."
"300221.SZ","300221","银禧科技","广东","塑料","yxkj","创业板","20110525","谭颂斌","民营企业","SZSE","L","广东银禧科技股份有限公司","Guangdong Silver Age Sci & Tech Co.,Ltd."
"300222.SZ","300222","科大智能","上海","电气设备","kdzn","创业板","20110525","","","SZSE","L","科大智能科技股份有限公司","CSG Smart Science&Technology Co.,Ltd."
"300223.SZ","300223","北京君正","北京","半导体","bjjz","创业板","20110531","","","SZSE","L","北京君正集成电路股份有限公司","Ingenic Semiconductor Co., Ltd."
"300224.SZ","300224","正海磁材","山东","矿物制品","zhcc","创业板","20110531","","","SZSE","L","烟台正海磁性材料股份有限公司","Yantai Zhenghai Magnetic Material Co., Ltd"
"300225.SZ","300225","*ST金泰","上海","染料涂料","stjt","创业板","20110531","刘少林","民营企业","SZSE","L","上海金力泰化工股份有限公司","Shanghai Kinlita Chemical Co., Ltd."
"300226.SZ","300226","上海钢联","上海","互联网","shgl","创业板","20110608","","","SZSE","L","上海钢联电子商务股份有限公司","Shanghai Ganglian E-Commerce Holdings Co.,Ltd."
"300227.SZ","300227","光韵达","深圳","专用机械","gyd","创业板","20110608","","","SZSE","L","深圳光韵达光电科技股份有限公司","Shenzhen Sunshine Laser & Electronics Technology Co., Ltd."
"300228.SZ","300228","富瑞特装","江苏","化工机械","frtz","创业板","20110608","","","SZSE","L","张家港富瑞特种装备股份有限公司","Zhangjiagang Furui Special Equipment Co.,Ltd."
"300229.SZ","300229","拓尔思","北京","软件服务","tes","创业板","20110615","","","SZSE","L","拓尔思信息技术股份有限公司","TRS Information Technology Co., Ltd."
"300230.SZ","300230","永利股份","上海","塑料","ylgf","创业板","20110615","","","SZSE","L","上海永利带业股份有限公司","Shanghai Yongli Belting Co., Ltd"
"300231.SZ","300231","银信科技","北京","软件服务","yxkj","创业板","20110615","","","SZSE","L","北京银信长远科技股份有限公司","Beijing Trust&Far Technology Co., Ltd"
"300232.SZ","300232","洲明科技","深圳","元器件","zmkj","创业板","20110622","","","SZSE","L","深圳市洲明科技股份有限公司","Unilumin Group Co., Ltd"
"300233.SZ","300233","金城医药","山东","化学制药","jcyy","创业板","20110622","","","SZSE","L","山东金城医药集团股份有限公司","Shandong Jincheng Pharmaceutical Group Co.,Ltd"
"300234.SZ","300234","开尔新材","浙江","陶瓷","kexc","创业板","20110622","","","SZSE","L","浙江开尔新材料股份有限公司","Zhejiang Kaier New Materials Co.,Ltd"
"300235.SZ","300235","方直科技","深圳","软件服务","fzkj","创业板","20110629","","","SZSE","L","深圳市方直科技股份有限公司","Shenzhen Fangzhi Science&Technology Co.,Ltd."
"300236.SZ","300236","上海新阳","上海","半导体","shxy","创业板","20110629","","","SZSE","L","上海新阳半导体材料股份有限公司","Shanghai Sinyang Semiconductor Materials Co.,Ltd."
"300237.SZ","300237","ST美晨","山东","汽车配件","stmc","创业板","20110629","山东省潍坊市人民政府国有资产监督管理委员会","地方国企","SZSE","L","山东美晨科技股份有限公司","Shandong Meichen Science & Technology Co.,Ltd."
"300238.SZ","300238","冠昊生物","广东","医疗保健","ghsw","创业板","20110706","","","SZSE","L","冠昊生物科技股份有限公司","Guanhao Biotech Co.,Ltd."
"300239.SZ","300239","东宝生物","内蒙","生物制药","dbsw","创业板","20110706","王爱国","民营企业","SZSE","L","包头东宝生物技术股份有限公司","Baotou Dongbao Bio-Tech Co.,Ltd"
"300240.SZ","300240","飞力达","江苏","仓储物流","fld","创业板","20110706","姚勤","民营企业","SZSE","L","江苏飞力达国际物流股份有限公司","Jiangsu Feiliks International Logistics Inc."
"300241.SZ","300241","瑞丰光电","深圳","半导体","rfgd","创业板","20110712","","","SZSE","L","深圳市瑞丰光电子股份有限公司","Shenzhen Refond Optoelectronics Co.,Ltd."
"300242.SZ","300242","佳云科技","广东","互联网","jykj","创业板","20110712","","","SZSE","L","广东佳云科技股份有限公司","Jiayun Technology Inc."
"300243.SZ","300243","瑞丰高材","山东","化工原料","rfgc","创业板","20110712","","","SZSE","L","山东瑞丰高分子材料股份有限公司","Shandong Ruifeng Chemical Co.,Ltd"
"300244.SZ","300244","迪安诊断","浙江","医疗保健","dazd","创业板","20110719","","","SZSE","L","迪安诊断技术集团股份有限公司","Dian Diagnostics Group Co.,Ltd."
"300245.SZ","300245","天玑科技","上海","软件服务","tjkj","创业板","20110719","苏博","民营企业","SZSE","L","上海天玑科技股份有限公司","Shanghai DragonNet Technology Co.,Ltd."
"300246.SZ","300246","宝莱特","广东","医疗保健","blt","创业板","20110719","","","SZSE","L","广东宝莱特医用科技股份有限公司","Guangdong Biolight Meditech Co., Ltd."
"300247.SZ","300247","融捷健康","安徽","医疗保健","rjjk","创业板","20110729","","","SZSE","L","融捷健康科技股份有限公司","Youngy Health Co., Ltd."
"300248.SZ","300248","新开普","河南","软件服务","xkp","创业板","20110729","","","SZSE","L","新开普电子股份有限公司","Newcapec Electronics Co., Ltd."
"300249.SZ","300249","依米康","四川","IT设备","ymk","创业板","20110803","","","SZSE","L","依米康科技集团股份有限公司","Yimikang Tech.Group Co., Ltd."
"300250.SZ","300250","初灵信息","浙江","软件服务","clxx","创业板","20110803","","","SZSE","L","杭州初灵信息技术股份有限公司","Hangzhou Cncr-It Co.,Ltd"
"300251.SZ","300251","光线传媒","北京","影视音像","gxcm","创业板","20110803","","","SZSE","L","北京光线传媒股份有限公司","Beijing Enlight Media Co., Ltd"
"300252.SZ","300252","金信诺","深圳","通信设备","jxn","创业板","20110818","黄昌华","民营企业","SZSE","L","深圳金信诺高新技术股份有限公司","Kingsignal Technology Co., Ltd."
"300253.SZ","300253","卫宁健康","上海","软件服务","wnjk","创业板","20110818","","","SZSE","L","卫宁健康科技集团股份有限公司","Winning Health Technology Group Co.,Ltd."
"300254.SZ","300254","仟源医药","山西","化学制药","qyyy","创业板","20110819","无实际控制人","无","SZSE","L","山西仟源医药集团股份有限公司","Shanxi C&Y Pharmaceutical Group Co.,Ltd."
"300255.SZ","300255","常山药业","河北","生物制药","csyy","创业板","20110819","","","SZSE","L","河北常山生化药业股份有限公司","Hebei Changshan Biochemical Pharmaceutical Co., Ltd."
"300256.SZ","300256","星星科技","江西","元器件","xxkj","创业板","20110819","应光捷","民营企业","SZSE","L","江西星星科技股份有限公司","Jiangxi Firstar Panel Technology Co.Ltd"
"300257.SZ","300257","开山股份","上海","机械基件","ksgf","创业板","20110819","","","SZSE","L","开山集团股份有限公司","Kaishan Group Co.,Ltd"
"300258.SZ","300258","精锻科技","江苏","汽车配件","jdkj","创业板","20110826","","","SZSE","L","江苏太平洋精锻科技股份有限公司","Jiangsu Pacific Precision Forging Co.,Ltd."
"300259.SZ","300259","新天科技","河南","电器仪表","xtkj","创业板","20110831","","","SZSE","L","新天科技股份有限公司","Suntront Technology Co., Ltd."
"300260.SZ","300260","新莱应材","江苏","机械基件","xlyc","创业板","20110906","李水波","民营企业","SZSE","L","昆山新莱洁净应用材料股份有限公司","Kunshan King Lai Hygienic Materials Co.,Ltd."
"300261.SZ","300261","雅本化学","江苏","农药化肥","ybhx","创业板","20110906","","","SZSE","L","雅本化学股份有限公司","ABA Chemicals Corporation"
"300263.SZ","300263","隆华科技","河南","专用机械","lhkj","创业板","20110916","","","SZSE","L","隆华科技集团(洛阳)股份有限公司","Longhua Technology Group(Luoyang)Co.,Ltd."
"300264.SZ","300264","佳创视讯","深圳","软件服务","jcsx","创业板","20110916","","","SZSE","L","深圳市佳创视讯技术股份有限公司","Avit Ltd."
"300265.SZ","300265","通光线缆","江苏","电气设备","tgxl","创业板","20110916","","","SZSE","L","江苏通光电子线缆股份有限公司","Jiangsu Tongguang Electronic Wire&Cable Co.,Ltd."
"300266.SZ","300266","兴源环境","浙江","环境保护","xyhj","创业板","20110927","宁波市奉化区财政局","地方国企","SZSE","L","兴源环境科技股份有限公司","Xingyuan Environment Technology Co., Ltd"
"300267.SZ","300267","尔康制药","湖南","化学制药","ekzy","创业板","20110927","帅放文","民营企业","SZSE","L","湖南尔康制药股份有限公司","Hunan Er-Kang Pharmaceutical Co.,Ltd"
"300268.SZ","300268","*ST佳沃","湖南","农业综合","stjw","创业板","20110927","联想控股股份有限公司","中央国企","SZSE","L","佳沃食品股份有限公司","Joyvio Food Co., Ltd"
"300269.SZ","300269","联建光电","深圳","元器件","ljgd","创业板","20111012","谭炜樑","民营企业","SZSE","L","深圳市联建光电股份有限公司","Shenzhen Liantronics Co., Ltd"
"300270.SZ","300270","中威电子","浙江","IT设备","zwdz","创业板","20111012","无实际控制人","无","SZSE","L","杭州中威电子股份有限公司","Joyware Electronics Co.,Ltd"
"300271.SZ","300271","华宇软件","北京","软件服务","hyrj","创业板","20111026","","","SZSE","L","北京华宇软件股份有限公司","Beijing Thunisoft Co.,Ltd."
"300272.SZ","300272","开能健康","上海","家用电器","knjk","创业板","20111102","瞿建国","民营企业","SZSE","L","开能健康科技集团股份有限公司","Canature Health Technology Co., Ltd."
"300274.SZ","300274","阳光电源","安徽","电气设备","ygdy","创业板","20111102","","","SZSE","L","阳光电源股份有限公司","Sungrow Power Supply Co., Ltd."
"300275.SZ","300275","梅安森","重庆","工程机械","mas","创业板","20111102","","","SZSE","L","重庆梅安森科技股份有限公司","Chongqing Mas Sci.&Tech.Co.,Ltd."
"300276.SZ","300276","三丰智能","湖北","专用机械","sfzn","创业板","20111115","","","SZSE","L","三丰智能装备集团股份有限公司","Sanfeng Intelligent Equipment Group Co., Ltd"
"300277.SZ","300277","海联讯","浙江","软件服务","hlx","创业板","20111123","杭州市人民政府","地方国企","SZSE","L","杭州海联讯科技股份有限公司","Hangzhou Hirisun Technology Incorporated"
"300278.SZ","300278","华昌达","湖北","专用机械","hcd","创业板","20111216","","","SZSE","L","华昌达智能装备集团股份有限公司","Huachangda Intelligent Equipment Group Co.,Ltd."
"300279.SZ","300279","和晶科技","江苏","元器件","hjkj","创业板","20111229","合肥市人民政府国有资产监督管理委员会","地方国企","SZSE","L","无锡和晶科技股份有限公司","Wuxi Hodgen Technology Co., Ltd."
"300280.SZ","300280","紫天退","","","ztt","创业板","20111229","","","SZSE","L","福建紫天传媒科技股份有限公司","Fujian Zitian Media Technology Co.,Ltd"
"300281.SZ","300281","金明精机","广东","专用机械","jmjj","创业板","20111229","广州市人民政府","地方国企","SZSE","L","广东金明精机股份有限公司","Guangdong Jinming Machinery Co., Ltd."
"300283.SZ","300283","温州宏丰","浙江","电气设备","wzhf","创业板","20120110","","","SZSE","L","温州宏丰电工合金股份有限公司","Wenzhou Hongfeng Electrical Alloy Co., Ltd."
"300284.SZ","300284","苏交科","江苏","建筑工程","sjk","创业板","20120110","广东省广州市人民政府国有资产监督管理委员会","地方国企","SZSE","L","苏交科集团股份有限公司","Jsti Group"
"300285.SZ","300285","国瓷材料","山东","陶瓷","gccl","创业板","20120113","","","SZSE","L","山东国瓷功能材料股份有限公司","Shandong Sinocera Functional Material Co.,Ltd."
"300286.SZ","300286","安科瑞","上海","电器仪表","akr","创业板","20120113","","","SZSE","L","安科瑞电气股份有限公司","Acrel Co., Ltd."
"300287.SZ","300287","飞利信","北京","软件服务","flx","创业板","20120201","杨振华","民营企业","SZSE","L","北京飞利信科技股份有限公司","Beijing Philisense Technology Co.,Ltd."
"300288.SZ","300288","朗玛信息","贵州","软件服务","lmxx","创业板","20120216","王伟","民营企业","SZSE","L","贵阳朗玛信息技术股份有限公司","Guiyang Longmaster Information & Technology Co.,Ltd."
"300289.SZ","300289","利德曼","北京","医疗保健","ldm","创业板","20120216","孙茜","外资企业","SZSE","L","北京利德曼生化股份有限公司","Beijing Leadman Biochemistry Co.,Ltd"
"300290.SZ","300290","荣科科技","辽宁","软件服务","rkkj","创业板","20120216","河南省财政厅","地方国企","SZSE","L","荣科科技股份有限公司","Bringspring Science and Technology Co.,Ltd."
"300291.SZ","300291","百纳千成","北京","影视音像","bnqc","创业板","20120209","","","SZSE","L","北京百纳千成影视股份有限公司","Beijing Baination Pictures Co.,Ltd."
"300292.SZ","300292","吴通控股","江苏","互联网","wtkg","创业板","20120229","","","SZSE","L","吴通控股集团股份有限公司","Wutong Holding Group Co., Ltd."
"300293.SZ","300293","蓝英装备","辽宁","专用机械","lyzb","创业板","20120308","","","SZSE","L","沈阳蓝英工业自动化装备股份有限公司","Shenyang Blue Silver Industry Automation Equipment Co.,Ltd"
"300294.SZ","300294","博雅生物","江西","生物制药","bysw","创业板","20120308","国务院国有资产监督管理委员会","中央国企","SZSE","L","华润博雅生物制药集团股份有限公司","China Resources Boya Bio-Pharmaceutical Group Co.,Ltd"
"300295.SZ","300295","三六五网","江苏","互联网","slww","创业板","20120315","","","SZSE","L","江苏三六五网络股份有限公司","Everyday Network Co.,Ltd"
"300296.SZ","300296","利亚德","北京","元器件","lyd","创业板","20120315","","","SZSE","L","利亚德光电股份有限公司","Leyard Optoelectronic Co.,Ltd."
"300298.SZ","300298","三诺生物","湖南","医疗保健","snsw","创业板","20120319","","","SZSE","L","三诺生物传感股份有限公司","Sinocare Inc."
"300299.SZ","300299","富春股份","福建","互联网","fcgf","创业板","20120319","缪品章","民营企业","SZSE","L","富春科技股份有限公司","Fuchun Technology Co., Ltd."
"300300.SZ","300300","海峡创新","福建","软件服务","hxcx","创业板","20120319","平潭综合实验区国有资产管理局","地方国企","SZSE","L","海峡创新互联网股份有限公司","Strait Innovation Internet Co., Ltd."
"300301.SZ","300301","ST长方","深圳","半导体","stcf","创业板","20120321","","","SZSE","L","深圳市长方集团股份有限公司","Shenzhen Changfang Group Co.,Ltd"
"300302.SZ","300302","同有科技","北京","IT设备","tykj","创业板","20120321","","","SZSE","L","北京同有飞骥科技股份有限公司","Toyou Feiji Electronics Co.,Ltd."
"300303.SZ","300303","聚飞光电","深圳","半导体","jfgd","创业板","20120319","","","SZSE","L","深圳市聚飞光电股份有限公司","Shenzhen Jufei Optoelectronics Co., Ltd."
"300304.SZ","300304","云意电气","江苏","汽车配件","yydq","创业板","20120321","","","SZSE","L","江苏云意电气股份有限公司","Jiangsu Yunyi Electric Co., Ltd"
"300305.SZ","300305","裕兴股份","江苏","塑料","yxgf","创业板","20120329","","","SZSE","L","江苏裕兴薄膜科技股份有限公司","Jiangsu Yuxing Film Technology Co., Ltd."
"300306.SZ","300306","远方信息","浙江","电器仪表","yfxx","创业板","20120329","","","SZSE","L","杭州远方光电信息股份有限公司","HangZhou Everfine Photo-e-info Co.,Ltd."
"300307.SZ","300307","慈星股份","浙江","纺织机械","cxgf","创业板","20120329","","","SZSE","L","宁波慈星股份有限公司","Ningbo Cixing Co.,Ltd."
"300308.SZ","300308","中际旭创","山东","通信设备","zjxc","创业板","20120410","","","SZSE","L","中际旭创股份有限公司","Zhongji Innolight Co., Ltd."
"300310.SZ","300310","宜通世纪","广东","通信设备","ytsj","创业板","20120425","","","SZSE","L","宜通世纪科技股份有限公司","Eastone Century Technology Co., Ltd."
"300311.SZ","300311","ST任子行","深圳","软件服务","strzh","创业板","20120425","景晓军","民营企业","SZSE","L","任子行网络技术股份有限公司","Surfilter Network Technology Co.,Ltd"
"300313.SZ","300313","*ST天山","新疆","农业综合","stts","创业板","20120425","解直锟","民营企业","SZSE","L","新疆天山畜牧生物工程股份有限公司","Xinjiang Tianshan Animal Husbandry Bio-Engineering Co.,Ltd"
"300314.SZ","300314","戴维医疗","浙江","医疗保健","dwyl","创业板","20120508","","","SZSE","L","宁波戴维医疗器械股份有限公司","Ningbo David Medical Device Co.,Ltd."
"300315.SZ","300315","掌趣科技","北京","互联网","zqkj","创业板","20120511","","","SZSE","L","北京掌趣科技股份有限公司","Ourpalm Co.,Ltd"
"300316.SZ","300316","晶盛机电","浙江","专用机械","jsjd","创业板","20120511","","","SZSE","L","浙江晶盛机电股份有限公司","Zhejiang Jingsheng Mechanical & Electrical Co., Ltd."
"300317.SZ","300317","珈伟新能","深圳","电气设备","jwxn","创业板","20120511","李雳","外资企业","SZSE","L","珈伟新能源股份有限公司","Jiawei Renewable Energy Co., Ltd."
"300318.SZ","300318","博晖创新","北京","医疗保健","bhcx","创业板","20120523","","","SZSE","L","北京博晖创新生物技术集团股份有限公司","Beijing Bohui Innovation Biotechnology Group Co., Ltd."
"300319.SZ","300319","麦捷科技","深圳","元器件","mjkj","创业板","20120523","","","SZSE","L","深圳市麦捷微电子科技股份有限公司","Shenzhen Microgate Technology Co.,Ltd."
"300320.SZ","300320","海达股份","江苏","橡胶","hdgf","创业板","20120601","钱振宇","民营企业","SZSE","L","江阴海达橡塑股份有限公司","Jiangyin Haida Rubber and Plastic Co.,Ltd."
"300321.SZ","300321","同大股份","山东","塑料","tdgf","创业板","20120523","潍坊市政府投融资管理中心","地方国企","SZSE","L","山东同大海岛新材料股份有限公司","Shandong Tongda Island New Materials Co.,Ltd"
"300322.SZ","300322","硕贝德","广东","元器件","sbd","创业板","20120608","","","SZSE","L","惠州硕贝德无线科技股份有限公司","Huizhou Speed Wireless Technology Co., Ltd"
"300323.SZ","300323","华灿光电","湖北","半导体","hcgd","创业板","20120601","珠海市人民政府国有资产监督管理委员会","地方国企","SZSE","L","京东方华灿光电股份有限公司","BOE HC SemiTek Corporation"
"300324.SZ","300324","旋极信息","北京","软件服务","xjxx","创业板","20120608","","","SZSE","L","北京旋极信息技术股份有限公司","Beijing Watertek Information Technology Co., Ltd."
"300326.SZ","300326","ST凯利","上海","医疗保健","stkl","创业板","20120613","","","SZSE","L","上海凯利泰医疗科技股份有限公司","Shanghai Kinetic Medical Co., Ltd"
"300327.SZ","300327","中颖电子","上海","半导体","zydz","创业板","20120613","傅启明","外资企业","SZSE","L","中颖电子股份有限公司","Sino Wealth Electronic Ltd."
"300328.SZ","300328","宜安科技","广东","小金属","yakj","创业板","20120619","李扬德","外资企业","SZSE","L","东莞宜安科技股份有限公司","Dongguan Eontec Co., Ltd."
"300329.SZ","300329","海伦钢琴","浙江","文教休闲","hlgq","创业板","20120619","","","SZSE","L","海伦钢琴股份有限公司","Hailun Piano Co.,Ltd."
"300331.SZ","300331","苏大维格","江苏","元器件","sdwg","创业板","20120628","陈林森","民营企业","SZSE","L","苏州苏大维格科技集团股份有限公司","SVG Tech Group Co.,Ltd."
"300332.SZ","300332","天壕能源","北京","供气供热","thny","创业板","20120628","","","SZSE","L","天壕能源股份有限公司","Top Resource Energy Co., Ltd."
"300333.SZ","300333","兆日科技","深圳","IT设备","zrkj","创业板","20120628","","","SZSE","L","深圳兆日科技股份有限公司","Sinosun Technology Co., Ltd."
"300334.SZ","300334","津膜科技","天津","专用机械","jmkj","创业板","20120705","无实际控制人","无","SZSE","L","天津膜天膜科技集团股份有限公司","Tianjin MOTIMO Membrane Technology Group Co., Ltd"
"300335.SZ","300335","迪森股份","广东","供气供热","dsgf","创业板","20120710","","","SZSE","L","广州迪森热能技术股份有限公司","Guangzhou Devotion Thermal Technology Co., Ltd."
"300337.SZ","300337","银邦股份","江苏","铝","ybgf","创业板","20120718","","","SZSE","L","银邦金属复合材料股份有限公司","Yinbang Clad Material Co.,Ltd"
"300338.SZ","300338","ST开元","湖南","文教休闲","stky","创业板","20120726","江勇","民营企业","SZSE","L","开元教育科技集团股份有限公司","Kaiyuan Education Technology Group Co., Ltd"
"300339.SZ","300339","润和软件","江苏","软件服务","rhrj","创业板","20120718","周红卫","民营企业","SZSE","L","江苏润和软件股份有限公司","Jiangsu Hoperun Software Co.,Ltd."
"300340.SZ","300340","科恒股份","广东","电气设备","khgf","创业板","20120726","","","SZSE","L","江门市科恒实业股份有限公司","Jiangmen Kanhoo Industry Co., Ltd"
"300341.SZ","300341","麦克奥迪","福建","电气设备","mkad","创业板","20120726","陈沛欣","外资企业","SZSE","L","麦克奥迪(厦门)电气股份有限公司","Motic (Xiamen) Electric Group Co.,Ltd"
"300342.SZ","300342","天银机电","江苏","家用电器","tyjd","创业板","20120726","","","SZSE","L","常熟市天银机电股份有限公司","Changshu Tianyin Electromechanical Co.,Ltd"
"300343.SZ","300343","ST联创","山东","化工原料","stlc","创业板","20120801","","","SZSE","L","山东联创产业发展集团股份有限公司","Lecron Industrial Development Group Co. Ltd"
"300344.SZ","300344","ST立方","安徽","软件服务","stlf","创业板","20120801","古钰瑭","民营企业","SZSE","L","立方数科股份有限公司","Cubic Digital Technology Co.,Ltd."
"300345.SZ","300345","华民股份","湖南","电气设备","hmgf","创业板","20120801","欧阳少红","民营企业","SZSE","L","湖南华民控股集团股份有限公司","Hunan Huamin Holdings Co.,Ltd"
"300346.SZ","300346","南大光电","江苏","半导体","ndgd","创业板","20120807","","","SZSE","L","江苏南大光电材料股份有限公司","Jiangsu Nata Opto-Electronic Material Co.,Ltd."
"300347.SZ","300347","泰格医药","浙江","医疗保健","tgyy","创业板","20120817","","","SZSE","L","杭州泰格医药科技股份有限公司","Hangzhou Tigermed Consulting Co., Ltd"
"300348.SZ","300348","长亮科技","深圳","软件服务","clkj","创业板","20120817","","","SZSE","L","深圳市长亮科技股份有限公司","Shenzhen Sunline Tech Co., Ltd."
"300349.SZ","300349","金卡智能","浙江","电器仪表","jkzn","创业板","20120817","杨斌","民营企业","SZSE","L","金卡智能集团股份有限公司","Goldcard Smart Group Co.Ltd"
"300350.SZ","300350","华鹏飞","深圳","仓储物流","hpf","创业板","20120821","张京豫","民营企业","SZSE","L","华鹏飞股份有限公司","HPF Co., Ltd."
"300351.SZ","300351","永贵电器","浙江","运输设备","ygdq","创业板","20120920","","","SZSE","L","浙江永贵电器股份有限公司","Zhejiang Yonggui Electric Equipment Co.,Ltd."
"300352.SZ","300352","北信源","北京","软件服务","bxy","创业板","20120912","林皓","民营企业","SZSE","L","北京北信源软件股份有限公司","Beijing Vrv Software Corporation Limited."
"300353.SZ","300353","东土科技","北京","通信设备","dtkj","创业板","20120927","","","SZSE","L","北京东土科技股份有限公司","Kyland Technology Co., Ltd."
"300354.SZ","300354","东华测试","江苏","电器仪表","dhcs","创业板","20120920","","","SZSE","L","江苏东华测试技术股份有限公司","Donghua Testing Technology Co. , Ltd."
"300355.SZ","300355","蒙草生态","内蒙","环境保护","mcst","创业板","20120927","王召明","民营企业","SZSE","L","蒙草生态环境(集团)股份有限公司","M-Grass Ecology and Environment (Group) Co., Ltd."
"300357.SZ","300357","我武生物","浙江","生物制药","wwsw","创业板","20140121","","","SZSE","L","浙江我武生物科技股份有限公司","Zhejiang Wolwo Bio-Pharmaceutical Co., Ltd."
"300358.SZ","300358","楚天科技","湖南","医疗保健","ctkj","创业板","20140121","","","SZSE","L","楚天科技股份有限公司","Truking Technology Limited"
"300359.SZ","300359","全通教育","广东","文教休闲","qtjy","创业板","20140121","无实际控制人","无","SZSE","L","全通教育集团(广东)股份有限公司","Qtone Education Group (Guangdong ) Co.,Ltd"
"300360.SZ","300360","炬华科技","浙江","电器仪表","jhkj","创业板","20140121","","","SZSE","L","杭州炬华科技股份有限公司","Hangzhou Sunrise Technology Co., Ltd."
"300363.SZ","300363","博腾股份","重庆","化学制药","btgf","创业板","20140129","","","SZSE","L","重庆博腾制药科技股份有限公司","Porton Pharma Solutions Ltd."
"300364.SZ","300364","中文在线","北京","出版业","zwzx","创业板","20150121","","","SZSE","L","中文在线集团股份有限公司","COL Group Co.,Ltd."
"300365.SZ","300365","恒华科技","北京","软件服务","hhkj","创业板","20140123","","","SZSE","L","北京恒华伟业科技股份有限公司","Beijing Forever Technology Co.,Ltd."
"300366.SZ","300366","ST创意","四川","软件服务","stcy","创业板","20140127","","","SZSE","L","创意信息技术股份有限公司","Troy Information Technology Co.,Ltd."
"300368.SZ","300368","汇金股份","河北","IT设备","hjgf","创业板","20140123","","","SZSE","L","河北汇金集团股份有限公司","Hebei Huijin Group Co., Ltd."
"300369.SZ","300369","绿盟科技","北京","软件服务","lmkj","创业板","20140129","","","SZSE","L","绿盟科技集团股份有限公司","NSFOCUS Technologies Group Co., Ltd."
"300370.SZ","300370","安控科技","四川","电器仪表","akkj","创业板","20140123","徐辉","民营企业","SZSE","L","四川安控科技股份有限公司","Sichuan Etrol Technologies Co., Ltd."
"300371.SZ","300371","汇中股份","河北","电器仪表","hzgf","创业板","20140123","张力新","民营企业","SZSE","L","汇中仪表股份有限公司","Huizhong Instrumentation Co., Ltd."
"300373.SZ","300373","扬杰科技","江苏","半导体","yjkj","创业板","20140123","","","SZSE","L","扬州扬杰电子科技股份有限公司","Yangzhou Yangjie Electronic Technology Co., Ltd."
"300374.SZ","300374","中铁装配","北京","其他建材","ztzp","创业板","20150319","国务院国有资产监督管理委员会","中央国企","SZSE","L","中铁装配式建筑股份有限公司","China Railway Prefabricated Construction Co., Ltd"
"300375.SZ","300375","鹏翎股份","天津","汽车配件","plgf","创业板","20140127","张洪起","民营企业","SZSE","L","天津鹏翎集团股份有限公司","Tianjin Pengling Group Co., Ltd"
"300376.SZ","300376","ST易事特","广东","电气设备","styst","创业板","20140127","无实际控制人","无","SZSE","L","易事特集团股份有限公司","East Group Co.,Ltd"
"300377.SZ","300377","赢时胜","深圳","软件服务","yss","创业板","20140127","唐球","民营企业","SZSE","L","深圳市赢时胜信息技术股份有限公司","Shenzhen Ysstech Info-Tech Co.,Ltd"
"300378.SZ","300378","鼎捷数智","上海","软件服务","djsz","创业板","20140127","","","SZSE","L","鼎捷数智股份有限公司","Digiwin Co.,Ltd."
"300379.SZ","300379","*ST东通","北京","软件服务","stdt","创业板","20140128","","","SZSE","L","北京东方通科技股份有限公司","Beijing Tongtech Co., Ltd."
"300380.SZ","300380","安硕信息","上海","软件服务","asxx","创业板","20140128","","","SZSE","L","上海安硕信息技术股份有限公司","Shanghai Amarsoft Information & Technology Co.,Ltd"
"300381.SZ","300381","溢多利","广东","化学制药","ydl","创业板","20140128","","","SZSE","L","广东溢多利生物科技股份有限公司","Guangdong VTR Bio-Tech Co.,Ltd."
"300382.SZ","300382","斯莱克","江苏","专用机械","slk","创业板","20140129","","","SZSE","L","苏州斯莱克精密设备股份有限公司","Suzhou SLAC Precision Equipment Co.,Ltd."
"300383.SZ","300383","光环新网","北京","软件服务","ghxw","创业板","20140129","","","SZSE","L","北京光环新网科技股份有限公司","Beijing Sinnet Technology Co., Ltd."
"300384.SZ","300384","三联虹普","北京","建筑工程","slhp","创业板","20140801","","","SZSE","L","北京三联虹普新合纤技术服务股份有限公司","Beijing Sanlian Hope Shin-Gosen Technical Service Co., Ltd."
"300385.SZ","300385","雪浪环境","江苏","环境保护","xlhj","创业板","20140626","常州国家高新技术产业开发区(新北区)党政办公室","地方国企","SZSE","L","无锡雪浪环境科技股份有限公司","Wuxi Xuelang Environmental Technology Co., Ltd"
"300386.SZ","300386","飞天诚信","北京","IT设备","ftcx","创业板","20140626","","","SZSE","L","飞天诚信科技股份有限公司","Feitian Technologies Co.,Ltd."
"300387.SZ","300387","富邦科技","湖北","农药化肥","fbkj","创业板","20140702","王仁宗","民营企业","SZSE","L","湖北富邦科技股份有限公司","Hubei Forbon Technology Co., Ltd."
"300388.SZ","300388","节能国祯","安徽","环境保护","jngz","创业板","20140801","国务院国有资产监督管理委员会","中央国企","SZSE","L","中节能国祯环保科技股份有限公司","CECEP Guozhen Environmental Protection Technology Co., Ltd."
"300389.SZ","300389","艾比森","深圳","元器件","abs","创业板","20140801","无实际控制人","无","SZSE","L","深圳市艾比森光电股份有限公司","Shenzhen Absen Optoelectronic Co., Ltd."
"300390.SZ","300390","天华新能","江苏","电气设备","thxn","创业板","20140731","","","SZSE","L","苏州天华新能源科技股份有限公司","Canmax Technologies Co., Ltd."
"300391.SZ","300391","*ST长药","湖北","中成药","stcy","创业板","20140801","宁新江","民营企业","SZSE","L","长江医药控股股份有限公司","Changjiang Pharmaceutical Group Co.,Ltd."
"300393.SZ","300393","中来股份","江苏","塑料","zlgf","创业板","20140912","浙江省人民政府国有资产监督管理委员会","地方国企","SZSE","L","苏州中来光伏新材股份有限公司","Jolywood (Suzhou) Sunwatt Co.,Ltd."
"300394.SZ","300394","天孚通信","江苏","通信设备","tftx","创业板","20150217","","","SZSE","L","苏州天孚光通信股份有限公司","Suzhou Tfc Optical Communication Co.,Ltd"
"300395.SZ","300395","菲利华","湖北","玻璃","flh","创业板","20140910","","","SZSE","L","湖北菲利华石英玻璃股份有限公司","Hubei Feilihua Quartz Glass Co., Ltd."
"300396.SZ","300396","迪瑞医疗","吉林","医疗保健","dryl","创业板","20140910","中国华润有限公司","中央国企","SZSE","L","迪瑞医疗科技股份有限公司","Dirui Industrial Co., Ltd"
"300397.SZ","300397","天和防务","陕西","通信设备","thfw","创业板","20140910","贺增林","民营企业","SZSE","L","西安天和防务技术股份有限公司","Xi'an Tianhe Defense Technology Co., Ltd."
"300398.SZ","300398","飞凯材料","上海","化工原料","fkcl","创业板","20141009","","","SZSE","L","上海飞凯材料科技股份有限公司","PhiChem Corporation"
"300399.SZ","300399","天利科技","江西","互联网","tlkj","创业板","20141009","上饶市国有资产监督管理委员会","地方国企","SZSE","L","江西天利科技股份有限公司","Jiangxi Tianli Technology, INC."
"300400.SZ","300400","劲拓股份","深圳","专用机械","jtgf","创业板","20141010","吴限","民营企业","SZSE","L","深圳市劲拓自动化设备股份有限公司","Shenzhen Jt Automation Equipment Co.,Ltd"
"300401.SZ","300401","花园生物","浙江","化学制药","hysw","创业板","20141009","","","SZSE","L","浙江花园生物医药股份有限公司","Zhejiang Garden Biopharmaceutical Co.,Ltd."
"300402.SZ","300402","宝色股份","江苏","专用机械","bsgf","创业板","20141010","","","SZSE","L","南京宝色股份公司","Nanjing Baose Co., Ltd."
"300403.SZ","300403","汉宇集团","广东","家用电器","hyjt","创业板","20141030","","","SZSE","L","汉宇集团股份有限公司","Hanyu Group Joint-Stock Co., Ltd."
"300404.SZ","300404","博济医药","广东","医疗保健","bjyy","创业板","20150424","","","SZSE","L","博济医药科技股份有限公司","Boji Medical Technology Co.,Ltd."
"300405.SZ","300405","科隆股份","辽宁","化工原料","klgf","创业板","20141030","","","SZSE","L","辽宁科隆精细化工股份有限公司","Liaoning Kelong Fine Chemical,Inc."
"300406.SZ","300406","九强生物","北京","医疗保健","jqsw","创业板","20141030","","","SZSE","L","北京九强生物技术股份有限公司","Beijing Strong Biotechnologies,Inc."
"300407.SZ","300407","凯发电气","天津","电气设备","kfdq","创业板","20141203","孔祥洲","民营企业","SZSE","L","天津凯发电气股份有限公司","Tianjin Keyvia Electric Co.,Ltd"
"300408.SZ","300408","三环集团","广东","元器件","shjt","创业板","20141203","","","SZSE","L","潮州三环(集团)股份有限公司","Chaozhou Three-Circle (Group) Co.,Ltd."
"300409.SZ","300409","道氏技术","广东","电气设备","dsjs","创业板","20141203","","","SZSE","L","广东道氏技术股份有限公司","Guangdong Dowstone Technology Co., Ltd."
"300410.SZ","300410","正业科技","广东","专用机械","zykj","创业板","20141231","景德镇市国有资产监督管理委员会","地方国企","SZSE","L","广东正业科技股份有限公司","Guangdong Zhengye Technology Co.,Ltd."
"300411.SZ","300411","金盾股份","浙江","专用机械","jdgf","创业板","20141231","无实际控制人","无","SZSE","L","浙江金盾风机股份有限公司","Zhejiang Jindun Fans Co., Ltd"
"300412.SZ","300412","迦南科技","浙江","医疗保健","jnkj","创业板","20141231","","","SZSE","L","浙江迦南科技股份有限公司","Zhejiang Canaan Technology Limited"
"300413.SZ","300413","芒果超媒","湖南","影视音像","mgcm","创业板","20150121","湖南省人民政府国有资产监督管理委员会","地方国企","SZSE","L","芒果超媒股份有限公司","Mango Excellent Media Co., Ltd."
"300414.SZ","300414","中光防雷","四川","通信设备","zgfl","创业板","20150513","","","SZSE","L","四川中光防雷科技股份有限公司","Sichuan Zhongguang Lightning Protection Technologies Co.,Ltd."
"300415.SZ","300415","伊之密","广东","专用机械","yzm","创业板","20150123","陈立尧","民营企业","SZSE","L","伊之密股份有限公司","Yizumi Holdings Co., Ltd."
"300416.SZ","300416","苏试试验","江苏","电器仪表","sssy","创业板","20150122","","","SZSE","L","苏州苏试试验集团股份有限公司","Suzhou Sushi Testing Group Co.,Ltd."
"300417.SZ","300417","南华仪器","广东","电器仪表","nhyq","创业板","20150123","无实际控制人","无","SZSE","L","佛山市南华仪器股份有限公司","Nanhua Instruments Co., Ltd."
"300418.SZ","300418","昆仑万维","北京","互联网","klww","创业板","20150121","","","SZSE","L","昆仑万维科技股份有限公司","Kunlun Tech Co., Ltd."
"300419.SZ","300419","ST浩丰","北京","软件服务","sthf","创业板","20150122","王广宇","民营企业","SZSE","L","北京浩丰创源科技股份有限公司","Beijing InterAct Technology Co., Ltd."
"300420.SZ","300420","五洋自控","江苏","机械基件","wyzk","创业板","20150217","侯友夫","民营企业","SZSE","L","江苏五洋自控技术股份有限公司","Jiangsu Wuyang Automation Control Technology Co.,Ltd"
"300421.SZ","300421","力星股份","江苏","机械基件","lxgf","创业板","20150217","施祥贵","民营企业","SZSE","L","江苏力星通用钢球股份有限公司","Jiangsu Lixing General Steel Ball Co.,Ltd."
"300422.SZ","300422","博世科","广西","环境保护","bsk","创业板","20150217","广州市人民政府","地方国企","SZSE","L","广西博世科环保科技股份有限公司","Guangxi Bossco Environmental Protection Technology Co.,Ltd."
"300423.SZ","300423","昇辉科技","山东","电气设备","shkj","创业板","20150217","李昭强","民营企业","SZSE","L","昇辉智能科技股份有限公司","Sunfly Intelligent Technology Co., Ltd"
"300424.SZ","300424","航新科技","广东","航空","hxkj","创业板","20150422","余厚蜀","民营企业","SZSE","L","广州航新航空科技股份有限公司","Guangzhou Hangxin Aviation Technology Co.,Ltd."
"300425.SZ","300425","中建环能","四川","环境保护","zjhn","创业板","20150216","国务院国有资产监督管理委员会","中央国企","SZSE","L","中建环能科技股份有限公司","Cscec Scimee Sci.&Tech. Co.,Ltd"
"300426.SZ","300426","华智数媒","浙江","影视音像","hzsm","创业板","20150217","浙江广播电视集团","地方国企","SZSE","L","浙江华智数媒传媒股份有限公司","Zhejiang Huazhi Digital Media Co.,Ltd."
"300427.SZ","300427","红相股份","福建","电气设备","hxgf","创业板","20150217","","","SZSE","L","红相股份有限公司","Red Phase Inc."
"300428.SZ","300428","立中集团","河北","汽车配件","lzjt","创业板","20150319","","","SZSE","L","立中四通轻合金集团股份有限公司","Lizhong Sitong Light Alloys Group Co., Ltd."
"300429.SZ","300429","强力新材","江苏","化工原料","qlxc","创业板","20150324","钱晓春","民营企业","SZSE","L","常州强力电子新材料股份有限公司","Changzhou Tronly New Electronic Materials Co., Ltd."
"300430.SZ","300430","诚益通","北京","电器仪表","cyt","创业板","20150319","","","SZSE","L","北京诚益通控制技术集团股份有限公司","Beijing Chieftain Control Technology Co.,Ltd"
"300432.SZ","300432","富临精工","四川","汽车配件","fljg","创业板","20150319","安治富","民营企业","SZSE","L","富临精工股份有限公司","Fulin Precision Co., Ltd."
"300433.SZ","300433","蓝思科技","湖南","元器件","lskj","创业板","20150318","周群飞","外资企业","SZSE","L","蓝思科技股份有限公司","Lens Technology Co.,Ltd."
"300434.SZ","300434","金石亚药","四川","化学制药","jsyy","创业板","20150424","无实际控制人","无","SZSE","L","四川金石亚洲医药股份有限公司","Sichuan Goldstone Asia Pharmaceutical Inc."
"300435.SZ","300435","中泰股份","浙江","供气供热","ztgf","创业板","20150326","","","SZSE","L","杭州中泰深冷技术股份有限公司","Hangzhou Zhongtai Cryogenic Technology Corporation"
"300436.SZ","300436","广生堂","福建","化学制药","gst","创业板","20150422","","","SZSE","L","福建广生堂药业股份有限公司","Fujian Cosunter Pharmaceutical Co.,Ltd"
"300437.SZ","300437","清水源","河南","化工原料","qsy","创业板","20150423","","","SZSE","L","河南清水源科技股份有限公司","Henan Qingshuiyuan Technology Co.,Ltd."
"300438.SZ","300438","鹏辉能源","广东","电气设备","phny","创业板","20150424","","","SZSE","L","广州鹏辉能源科技股份有限公司","Guangzhou Great Power Energy and Technology Co.,Ltd"
"300439.SZ","300439","美康生物","浙江","医疗保健","mksw","创业板","20150422","","","SZSE","L","美康生物科技股份有限公司","Medicalsystem Biotechnology Co., Ltd"
"300440.SZ","300440","运达科技","四川","软件服务","ydkj","创业板","20150423","","","SZSE","L","成都运达科技股份有限公司","Chengdu Yunda Technology Co., Ltd."
"300441.SZ","300441","鲍斯股份","浙江","机床制造","bsgf","创业板","20150423","","","SZSE","L","宁波鲍斯能源装备股份有限公司","Ningbo Baosi Energy Equipment Co., Ltd."
"300442.SZ","300442","润泽科技","河北","软件服务","rzkj","创业板","20150424","周超男","民营企业","SZSE","L","润泽智算科技集团股份有限公司","Range Intelligent Computing Technology Group Company Limited"
"300443.SZ","300443","金雷股份","山东","电气设备","jlgf","创业板","20150422","","","SZSE","L","金雷科技股份公司","Jinlei Technology Co., Ltd."
"300444.SZ","300444","双杰电气","北京","电气设备","sjdq","创业板","20150423","赵志宏","民营企业","SZSE","L","北京双杰电气股份有限公司","Beijing Sojo Electric Co., Ltd."
"300445.SZ","300445","康斯特","北京","电器仪表","kst","创业板","20150424","","","SZSE","L","北京康斯特仪表科技股份有限公司","Beijing Const Instruments Technology Inc."
"300446.SZ","300446","航天智造","河北","汽车配件","htzz","创业板","20150423","中国航天科技集团有限公司","中央国企","SZSE","L","航天智造科技股份有限公司","Aerospace Intelligent Manufacturing Technology Co.,Ltd."
"300447.SZ","300447","全信股份","江苏","电气设备","qxgf","创业板","20150422","陈祥楼","民营企业","SZSE","L","南京全信传输科技股份有限公司","Nanjing Quanxin Cable Technology Co.,Ltd."
"300448.SZ","300448","浩云科技","广东","软件服务","hykj","创业板","20150424","","","SZSE","L","浩云科技股份有限公司","Haoyun Technologies Co.,Ltd."
"300449.SZ","300449","汉邦高科","北京","IT设备","hbgk","创业板","20150422","无实际控制人","无","SZSE","L","北京汉邦高科数字技术股份有限公司","Beijing Hanbang Technology Corp."
"300450.SZ","300450","先导智能","江苏","专用机械","xdzn","创业板","20150518","","","SZSE","L","无锡先导智能装备股份有限公司","Wuxi Lead Intelligent Equipment Co.,Ltd."
"300451.SZ","300451","创业慧康","浙江","软件服务","cyhk","创业板","20150514","","","SZSE","L","创业慧康科技股份有限公司","B-Soft Co., Ltd."
"300452.SZ","300452","山河药辅","安徽","化学制药","shyf","创业板","20150515","","","SZSE","L","安徽山河药用辅料股份有限公司","Anhui Sunhere Pharmaceutical Excipients Co.,Ltd."
"300453.SZ","300453","三鑫医疗","江西","医疗保健","sxyl","创业板","20150515","","","SZSE","L","江西三鑫医疗科技股份有限公司","Jiangxi Sanxin Medtec Co.,Ltd."
"300454.SZ","300454","深信服","深圳","软件服务","sxf","创业板","20180516","","","SZSE","L","深信服科技股份有限公司","Sangfor Technologies Inc."
"300455.SZ","300455","航天智装","北京","IT设备","htzz","创业板","20150515","","","SZSE","L","北京航天神舟智能装备科技股份有限公司","Beijing Aerospace Shenzhou Intelligent Equipment Technology Co., Ltd"
"300456.SZ","300456","赛微电子","北京","半导体","swdz","创业板","20150514","","","SZSE","L","北京赛微电子股份有限公司","Sai Microelectronics Inc."
"300457.SZ","300457","赢合科技","深圳","专用机械","yhkj","创业板","20150514","上海市国有资产监督管理委员会","地方国企","SZSE","L","深圳市赢合科技股份有限公司","Shenzhen Yinghe Technology Co., Ltd"
"300458.SZ","300458","全志科技","广东","半导体","qzkj","创业板","20150515","张建辉","外资企业","SZSE","L","珠海全志科技股份有限公司","All Winner Technology Co.,Ltd."
"300459.SZ","300459","汤姆猫","浙江","互联网","tmm","创业板","20150515","","","SZSE","L","浙江金科汤姆猫文化产业股份有限公司","Zhejiang Jinke Tom Culture Industry Co., Ltd."
"300460.SZ","300460","惠伦晶体","广东","元器件","hljt","创业板","20150515","","","SZSE","L","广东惠伦晶体科技股份有限公司","Guangdong Faith Long Crystal Technology Co.,Ltd."
"300461.SZ","300461","田中精机","浙江","专用机械","tzjj","创业板","20150519","肖永富","民营企业","SZSE","L","浙江田中精机股份有限公司","Tanac Automation Co.,Ltd."
"300462.SZ","300462","ST华铭","上海","IT设备","sthm","创业板","20150527","","","SZSE","L","上海华铭智能终端设备股份有限公司","Shanghai Huaming Intelligent Terminal Equipment Co.,Ltd"
"300463.SZ","300463","迈克生物","四川","医疗保健","mksw","创业板","20150528","唐勇","民营企业","SZSE","L","迈克生物股份有限公司","Maccura Biotechnology Co., Ltd"
"300464.SZ","300464","星徽股份","广东","机械基件","xhgf","创业板","20150610","","","SZSE","L","广东星徽精密制造股份有限公司","Guangdong Saca Precision Manufacturing Co., Ltd."
"300465.SZ","300465","高伟达","北京","软件服务","gwd","创业板","20150528","","","SZSE","L","高伟达软件股份有限公司","Global Infotech Co., Ltd."
"300466.SZ","300466","赛摩智能","江苏","电器仪表","smzn","创业板","20150528","河南省洛阳市人民政府国有资产监督管理委员会","地方国企","SZSE","L","赛摩智能科技集团股份有限公司","Saimo Technology Co.,Ltd."
"300467.SZ","300467","迅游科技","四川","互联网","xykj","创业板","20150527","贵阳市人民政府国有资产监督管理委员会","地方国企","SZSE","L","四川迅游网络科技股份有限公司","Sichuan Xunyou Network Technology Co., Ltd."
"300468.SZ","300468","四方精创","深圳","软件服务","sfjc","创业板","20150527","周志群","外资企业","SZSE","L","深圳四方精创资讯股份有限公司","Shenzhen Forms Syntron Information Co., Ltd."
"300469.SZ","300469","信息发展","浙江","软件服务","xxfz","创业板","20150611","交通运输通信信息集团有限公司","中央国企","SZSE","L","交信(浙江)信息发展股份有限公司","Transportation Telecommunication & Information Development Inc.Ltd.Zhejiang"
"300470.SZ","300470","中密控股","四川","机械基件","zmkg","创业板","20150612","四川省机械研究设计院(集团)有限公司","地方国企","SZSE","L","中密控股股份有限公司","Sinoseal Holding Co., Ltd."
"300471.SZ","300471","厚普股份","四川","专用机械","hpgf","创业板","20150611","王季文","民营企业","SZSE","L","厚普清洁能源(集团)股份有限公司","Houpu Clean Energy Group Co., Ltd."
"300472.SZ","300472","*ST新元","江西","专用机械","stxy","创业板","20150611","","","SZSE","L","万向新元科技股份有限公司","New Universal Science and Technology Co., Ltd."
"300473.SZ","300473","德尔股份","辽宁","汽车配件","degf","创业板","20150612","","","SZSE","L","阜新德尔汽车部件股份有限公司","Fuxin Dare Automotive Parts Co.,Ltd."
"300474.SZ","300474","景嘉微","湖南","元器件","jjw","创业板","20160331","","","SZSE","L","长沙景嘉微电子股份有限公司","Changsha Jingjia Microelectronics Co.,Ltd"
"300475.SZ","300475","香农芯创","安徽","元器件","xnxc","创业板","20150610","张维","民营企业","SZSE","L","香农芯创科技股份有限公司","Shannon Semiconductor Technology Co., Ltd."
"300476.SZ","300476","胜宏科技","广东","元器件","shkj","创业板","20150611","","","SZSE","L","胜宏科技(惠州)股份有限公司","Victory Giant Technology (Huizhou)Co.,Ltd."
"300477.SZ","300477","ST合纵","湖南","电气设备","sthz","创业板","20150610","刘泽刚","民营企业","SZSE","L","合纵科技股份有限公司","Hezong Sience&Technology Co.,Ltd"
"300478.SZ","300478","杭州高新","浙江","塑料","hzgx","创业板","20150610","吕俊坤","民营企业","SZSE","L","杭州高新材料科技股份有限公司","Hangzhou Gaoxin Materials Technology Co., Ltd."
"300479.SZ","300479","神思电子","山东","软件服务","ssdz","创业板","20150612","济南市人民政府国有资产监督管理委员会","地方国企","SZSE","L","神思电子技术股份有限公司","Synthesis Electronic Technology Co.,Ltd."
"300480.SZ","300480","光力科技","河南","专用机械","glkj","创业板","20150702","","","SZSE","L","光力科技股份有限公司","Gl Tech Co.,Ltd"
"300481.SZ","300481","濮阳惠成","河南","化工原料","pyhc","创业板","20150630","","","SZSE","L","濮阳惠成电子材料股份有限公司","Puyang Huicheng Electronic Material Co.,Ltd"
"300482.SZ","300482","万孚生物","广东","医疗保健","wfsw","创业板","20150630","","","SZSE","L","广州万孚生物技术股份有限公司","Guangzhou Wondfo Biotech Co.,Ltd"
"300483.SZ","300483","首华燃气","上海","石油开采","shrq","创业板","20150630","吴海林","民营企业","SZSE","L","首华燃气科技(上海)股份有限公司","Sino Prima Gas Technology Co., Ltd."
"300484.SZ","300484","蓝海华腾","深圳","电气设备","lhht","创业板","20160322","邱文渊","民营企业","SZSE","L","深圳市蓝海华腾技术股份有限公司","Shenzhen V&T Technologies Co., Ltd"
"300485.SZ","300485","赛升药业","北京","生物制药","ssyy","创业板","20150626","","","SZSE","L","北京赛升药业股份有限公司","Beijing Science Sun Pharmaceutical Co.,Ltd."
"300486.SZ","300486","东杰智能","山西","专用机械","djzn","创业板","20150630","淄博市财政局","地方国企","SZSE","L","东杰智能科技集团股份有限公司","OMH Science Group Co., Ltd"
"300487.SZ","300487","蓝晓科技","陕西","化工原料","lxkj","创业板","20150702","","","SZSE","L","西安蓝晓科技新材料股份有限公司","Sunresin New Materials Co., Ltd"
"300488.SZ","300488","恒锋工具","浙江","机械基件","hfgj","创业板","20150701","恒锋控股有限公司","民营企业","SZSE","L","恒锋工具股份有限公司","Est Tools Co.,Ltd."
"300489.SZ","300489","光智科技","黑龙江","专用机械","gzkj","创业板","20150701","朱世会","民营企业","SZSE","L","光智科技股份有限公司","Optics Technology Holding Co.,Ltd"
"300490.SZ","300490","华自科技","湖南","专用机械","hzkj","创业板","20151231","黄文宝","民营企业","SZSE","L","华自科技股份有限公司","Hnac Technology Co.,Ltd."
"300491.SZ","300491","通合科技","河北","电气设备","thkj","创业板","20151231","马晓峰","民营企业","SZSE","L","石家庄通合电子科技股份有限公司","Shijiazhuang Tonhe Electronics Technologies Co.,Ltd."
"300492.SZ","300492","华图山鼎","四川","建筑工程","htsd","创业板","20151223","易定宏","民营企业","SZSE","L","华图山鼎设计股份有限公司","Huatu Cendes Co., Ltd"
"300493.SZ","300493","润欣科技","上海","元器件","rxkj","创业板","20151210","郎晓刚","外资企业","SZSE","L","上海润欣科技股份有限公司","Shanghai Fortune Techgroup Co., Ltd."
"300494.SZ","300494","盛天网络","湖北","互联网","stwl","创业板","20151231","","","SZSE","L","湖北盛天网络技术股份有限公司","Hubei Century Network Technology Inc."
"300496.SZ","300496","中科创达","北京","软件服务","zkcd","创业板","20151210","","","SZSE","L","中科创达软件股份有限公司","Thunder Software Technology Co.,Ltd."
"300497.SZ","300497","富祥药业","江西","化学制药","fxyy","创业板","20151222","包建华","民营企业","SZSE","L","江西富祥药业股份有限公司","Jiangxi Fushine Pharmaceutical Co.,Ltd"
"300498.SZ","300498","温氏股份","广东","农业综合","wsgf","创业板","20151102","温志芬","民营企业","SZSE","L","温氏食品集团股份有限公司","Wens Foodstuff Group Co., Ltd."
"300499.SZ","300499","高澜股份","广东","专用机械","glgf","创业板","20160202","","","SZSE","L","广州高澜节能技术股份有限公司","Guangzhou Goaland Energy Conservation Tech. Co., Ltd."
"300500.SZ","300500","启迪设计","江苏","建筑工程","qdsj","创业板","20160204","","","SZSE","L","启迪设计集团股份有限公司","Tus-Design Group Co.,Ltd."
"300501.SZ","300501","海顺新材","上海","广告包装","hsxc","创业板","20160204","","","SZSE","L","上海海顺新型药用包装材料股份有限公司","Hysum Flexibles Global,Inc."
"300502.SZ","300502","新易盛","四川","通信设备","xys","创业板","20160303","高光荣","民营企业","SZSE","L","成都新易盛通信技术股份有限公司","Eoptolink Technology Inc.,Ltd."
"300503.SZ","300503","昊志机电","广东","机械基件","hzjd","创业板","20160309","","","SZSE","L","广州市昊志机电股份有限公司","Guangzhou Haozhi Industrial Co.,Ltd."
"300504.SZ","300504","天邑股份","四川","通信设备","tygf","创业板","20180330","李世宏","民营企业","SZSE","L","四川天邑康和通信股份有限公司","Sichuan Tianyi Comheart Telecom Co., Ltd."
"300505.SZ","300505","川金诺","云南","农药化肥","cjn","创业板","20160315","","","SZSE","L","昆明川金诺化工股份有限公司","Kunming Chuan Jin Nuo Chemical Co.,Ltd"
"300506.SZ","300506","*ST名家","深圳","建筑工程","stmj","创业板","20160324","","","SZSE","L","深圳市名家汇科技股份有限公司","Shenzhen Minkave Technology Co., Ltd."
"300507.SZ","300507","苏奥传感","江苏","汽车配件","sacg","创业板","20160429","","","SZSE","L","江苏奥力威传感高科股份有限公司","Jiangsu Olive Sensors High-Tech Co.,Ltd."
"300508.SZ","300508","维宏股份","上海","软件服务","whgf","创业板","20160419","","","SZSE","L","上海维宏电子科技股份有限公司","Shanghai Weihong Electronic Technology Co., Ltd."
"300509.SZ","300509","新美星","江苏","专用机械","xmx","创业板","20160425","","","SZSE","L","江苏新美星包装机械股份有限公司","Jiangsu Newamstar Packaging Machinery Co.,Ltd"
"300510.SZ","300510","金冠股份","吉林","电气设备","jggf","创业板","20160506","洛阳市老城区人民政府","地方国企","SZSE","L","吉林省金冠电气股份有限公司","Jilin Jinguan Electric Co.,Ltd"
"300511.SZ","300511","雪榕生物","上海","种植业","xrsw","创业板","20160504","杨勇萍","民营企业","SZSE","L","上海雪榕生物科技股份有限公司","Shanghai Xuerong Biotechnology Co.,Ltd."
"300512.SZ","300512","中亚股份","浙江","专用机械","zygf","创业板","20160526","","","SZSE","L","杭州中亚机械股份有限公司","Hangzhou Zhongya Machinery Co., Ltd."
"300513.SZ","300513","恒实科技","北京","软件服务","hskj","创业板","20160530","","","SZSE","L","北京恒泰实达科技股份有限公司","Beijing E-Techstar Co.,Ltd."
"300514.SZ","300514","友讯达","深圳","电器仪表","yxd","创业板","20170426","崔涛","民营企业","SZSE","L","深圳友讯达科技股份有限公司","Shenzhen Friendcom Technology Development Co., Ltd."
"300515.SZ","300515","三德科技","湖南","电器仪表","sdkj","创业板","20160608","","","SZSE","L","湖南三德科技股份有限公司","Hunan Sundy Science and Technology Co.,Ltd"
"300516.SZ","300516","久之洋","湖北","电器仪表","jzy","创业板","20160602","中国船舶重工集团有限公司","中央国企","SZSE","L","湖北久之洋红外系统股份有限公司","Hubei Jiuzhiyang Infrared System Co., Ltd"
"300517.SZ","300517","海波重科","湖北","建筑工程","hbzk","创业板","20160719","","","SZSE","L","海波重型工程科技股份有限公司","Haibo Heavy Engineering Science and Technology Co., Ltd."
"300518.SZ","300518","新迅达","广西","互联网","xxd","创业板","20160624","吴成华","民营企业","SZSE","L","广西新迅达科技集团股份公司","Guangxi Xinxunda Technology Group Co.,Ltd."
"300519.SZ","300519","新光药业","浙江","中成药","xgyy","创业板","20160624","","","SZSE","L","浙江新光药业股份有限公司","Zhejiang Xinguang Pharmaceutical Co., Ltd."
"300520.SZ","300520","科大国创","安徽","软件服务","kdgc","创业板","20160708","董永东","民营企业","SZSE","L","科大国创软件股份有限公司","Guochuang Software Co.,Ltd."
"300521.SZ","300521","爱司凯","广东","专用机械","ask","创业板","20160705","","","SZSE","L","爱司凯科技股份有限公司","AMSKY Technology Co.,Ltd."
"300522.SZ","300522","世名科技","江苏","染料涂料","smkj","创业板","20160705","吕仕铭","民营企业","SZSE","L","苏州世名科技股份有限公司","Suzhou Sunmun Technology Co., Ltd."
"300523.SZ","300523","辰安科技","北京","软件服务","cakj","创业板","20160726","国务院国有资产监督管理委员会","中央国企","SZSE","L","北京辰安科技股份有限公司","Beijing Global Safety Technology Co.,Ltd."
"300525.SZ","300525","博思软件","福建","软件服务","bsrj","创业板","20160726","","","SZSE","L","福建博思软件股份有限公司","Fujian Boss Software Corp."
"300527.SZ","300527","ST应急","湖北","专用机械","styj","创业板","20160805","","","SZSE","L","中国船舶重工集团应急预警与救援装备股份有限公司","China Harzone Industry Corp., Ltd"
"300528.SZ","300528","幸福蓝海","江苏","影视音像","xflh","创业板","20160808","","","SZSE","L","幸福蓝海影视文化集团股份有限公司","Omnijoi Media Corporation"
"300529.SZ","300529","健帆生物","广东","医疗保健","jfsw","创业板","20160802","","","SZSE","L","健帆生物科技集团股份有限公司","Jafron Biomedical Co.,Ltd."
"300530.SZ","300530","领湃科技","湖南","电气设备","lpkj","创业板","20160809","王蕾","民营企业","SZSE","L","湖南领湃科技集团股份有限公司","Hunan Lead Power Technology Group Co., Ltd."
"300531.SZ","300531","优博讯","深圳","IT设备","ybx","创业板","20160809","郭颂","外资企业","SZSE","L","深圳市优博讯科技股份有限公司","Urovo Technology Co., Ltd."
"300532.SZ","300532","今天国际","深圳","软件服务","jtgj","创业板","20160818","邵健伟","民营企业","SZSE","L","深圳市今天国际物流技术股份有限公司","New Trend International Logis-Tech Co., Ltd"
"300533.SZ","300533","冰川网络","深圳","互联网","bcwl","创业板","20160818","","","SZSE","L","深圳冰川网络股份有限公司","Shenzhen Bingchuan Network Co.,Ltd."
"300534.SZ","300534","陇神戎发","甘肃","中成药","lsrf","创业板","20160913","","","SZSE","L","甘肃陇神戎发药业股份有限公司","Gansu Longshenrongfa Pharmaceutical Industry Co.,Ltd."
"300535.SZ","300535","达威股份","四川","化工原料","dwgf","创业板","20160812","","","SZSE","L","四川达威科技股份有限公司","Sichuan Dowell Science and Technology Inc."
"300536.SZ","300536","农尚环境","湖北","建筑工程","nshj","创业板","20160920","吴亮","民营企业","SZSE","L","武汉农尚环境股份有限公司","Wuhan Nusun Landscape Co.,Ltd."
"300537.SZ","300537","广信材料","江苏","染料涂料","gxcl","创业板","20160830","李有明","民营企业","SZSE","L","江苏广信感光新材料股份有限公司","Jiangsu Kuangshun Photosensitivity New-Material Stock Co.,Ltd."
"300538.SZ","300538","同益股份","深圳","塑料","tygf","创业板","20160826","","","SZSE","L","深圳市同益实业股份有限公司","Shenzhen Tongyi Industry Co., Ltd."
"300539.SZ","300539","横河精密","浙江","塑料","hhjm","创业板","20160830","胡志军","民营企业","SZSE","L","宁波横河精密工业股份有限公司","Ningbo Henghe Precision Industry Co.,Ltd."
"300540.SZ","300540","蜀道装备","四川","专用机械","sdzb","创业板","20160823","四川省政府国有资产监督管理委员会","地方国企","SZSE","L","四川蜀道装备科技股份有限公司","Sichuan Shudao Equipment & Technology Co.,Ltd."
"300541.SZ","300541","先进数通","北京","软件服务","xjst","创业板","20160913","范丽明","民营企业","SZSE","L","北京先进数通信息技术股份公司","Beijing Advanced Digital Technology Co., Ltd."
"300542.SZ","300542","新晨科技","北京","软件服务","xckj","创业板","20160920","无实际控制人","无","SZSE","L","新晨科技股份有限公司","Brilliance Technology Co., Ltd."
"300543.SZ","300543","朗科智能","深圳","元器件","lkzn","创业板","20160908","","","SZSE","L","深圳市朗科智能电气股份有限公司","Shenzhen Longood Intelligent Electric Co.,Ltd"
"300545.SZ","300545","联得装备","深圳","专用机械","ldzb","创业板","20160928","","","SZSE","L","深圳市联得自动化装备股份有限公司","Shenzhen Liande Automatic Equipment Co.,Ltd."
"300546.SZ","300546","雄帝科技","深圳","IT设备","xdkj","创业板","20160928","","","SZSE","L","深圳市雄帝科技股份有限公司","Shenzhen Emperor Technology Company Limited."
"300547.SZ","300547","川环科技","四川","汽车配件","chkj","创业板","20160930","文建树","民营企业","SZSE","L","四川川环科技股份有限公司","Sichuan Chuanhuan Technology Co.,Ltd."
"300548.SZ","300548","长芯博创","浙江","通信设备","cxbc","创业板","20161012","朱伟","外资企业","SZSE","L","长芯博创科技股份有限公司","Everprox Technologies Co., Ltd."
"300549.SZ","300549","优德精密","江苏","专用机械","ydjm","创业板","20160930","曾正雄","外资企业","SZSE","L","优德精密工业(昆山)股份有限公司","Jouder Precision Industry (Kunshan) Co.,Ltd"
"300550.SZ","300550","和仁科技","浙江","软件服务","hrkj","创业板","20161018","","","SZSE","L","浙江和仁科技股份有限公司","Heren Health Co.,Ltd."
"300551.SZ","300551","古鳌科技","上海","软件服务","gakj","创业板","20161018","","","SZSE","L","上海古鳌电子科技股份有限公司","Shanghai Guao Electronic Technology Co., Ltd."
"300552.SZ","300552","万集科技","北京","IT设备","wjkj","创业板","20161021","","","SZSE","L","北京万集科技股份有限公司","Vanjee Technology Co.,Ltd"
"300553.SZ","300553","集智股份","浙江","电器仪表","jzgf","创业板","20161021","","","SZSE","L","杭州集智机电股份有限公司","Hangzhou Jizhi Mechatronic Co.,Ltd."
"300554.SZ","300554","三超新材","江苏","矿物制品","scxc","创业板","20170421","","","SZSE","L","南京三超新材料股份有限公司","Nanjing Sanchao Advanced Materials Co.,Ltd."
"300555.SZ","300555","ST路通","江苏","通信设备","stlt","创业板","20161018","林竹","民营企业","SZSE","L","无锡路通视信网络股份有限公司","Lootom Telcovideo Network(Wuxi) Co., Ltd."
"300556.SZ","300556","丝路视觉","深圳","软件服务","slsj","创业板","20161104","","","SZSE","L","丝路视觉科技股份有限公司","Silkroad Visual Technology Co., Ltd."
"300557.SZ","300557","理工光科","湖北","电器仪表","lggk","创业板","20161101","","","SZSE","L","武汉理工光科股份有限公司","Wuhan Ligong Guangke Co., Ltd."
"300558.SZ","300558","贝达药业","浙江","化学制药","bdyy","创业板","20161107","丁列明","民营企业","SZSE","L","贝达药业股份有限公司","Betta Pharmaceuticals Co., Ltd."
"300559.SZ","300559","佳发教育","四川","软件服务","jfjy","创业板","20161101","袁斌","民营企业","SZSE","L","成都佳发安泰教育科技股份有限公司","Chengdu Jiafaantai Education Technology Co.,Ltd."
"300560.SZ","300560","中富通","福建","通信设备","zft","创业板","20161101","","","SZSE","L","中富通集团股份有限公司","Zhong Fu Tong Group Co.,Ltd"
"300561.SZ","300561","*ST汇科","广东","软件服务","sthk","创业板","20161117","","","SZSE","L","珠海汇金科技股份有限公司","Sgsg Science& Technology Co., Ltd. Zhuhai"
"300562.SZ","300562","乐心医疗","广东","医疗保健","lxyl","创业板","20161116","","","SZSE","L","广东乐心医疗电子股份有限公司","Guangdong Transtek Medical Electronics Co.,Ltd"
"300563.SZ","300563","神宇股份","江苏","通信设备","sygf","创业板","20161114","","","SZSE","L","神宇通信科技股份公司","Shenyu Communication Technology Inc."
"300564.SZ","300564","筑博设计","西藏","建筑工程","zbsj","创业板","20191108","徐先林","民营企业","SZSE","L","筑博设计股份有限公司","Zhubo Design Co.,Ltd"
"300565.SZ","300565","科信技术","深圳","通信设备","kxjs","创业板","20161122","无实际控制人","无","SZSE","L","深圳市科信通信技术股份有限公司","Shenzhen Kexin Communication Technologies Co., Ltd."
"300566.SZ","300566","激智科技","浙江","元器件","jzkj","创业板","20161115","","","SZSE","L","宁波激智科技股份有限公司","Ningbo Exciton Technology Co., Ltd."
"300567.SZ","300567","精测电子","湖北","电器仪表","jcdz","创业板","20161122","","","SZSE","L","武汉精测电子集团股份有限公司","Wuhan Jingce Electronic Group Co., Ltd."
"300568.SZ","300568","星源材质","深圳","化工原料","xycz","创业板","20161201","陈秀峰","民营企业","SZSE","L","深圳市星源材质科技股份有限公司","Shenzhen Senior Technology Material Co., Ltd."
"300569.SZ","300569","天能重工","山东","电气设备","tnzg","创业板","20161125","珠海市人民政府国有资产监督管理委员会","地方国企","SZSE","L","青岛天能重工股份有限公司","Qingdao Tianneng Heavy Industries Co.,Ltd"
"300570.SZ","300570","太辰光","深圳","通信设备","tcg","创业板","20161206","张致民","民营企业","SZSE","L","深圳太辰光通信股份有限公司","T&S Communications Co., Ltd."
"300571.SZ","300571","平治信息","浙江","互联网","pzxx","创业板","20161213","","","SZSE","L","杭州平治信息技术股份有限公司","Hangzhou Anysoft Information Technology Co., Ltd"
"300572.SZ","300572","安车检测","深圳","电器仪表","acjc","创业板","20161206","","","SZSE","L","深圳市安车检测股份有限公司","Shenzhen Anche Technologies Co., Ltd."
"300573.SZ","300573","兴齐眼药","辽宁","化学制药","xqyy","创业板","20161208","","","SZSE","L","沈阳兴齐眼药股份有限公司","Shenyang Xingqi Pharmaceutical Co.,Ltd."
"300575.SZ","300575","中旗股份","江苏","农药化肥","zqgf","创业板","20161220","","","SZSE","L","江苏中旗科技股份有限公司","Jiangsu Flag Chemical Industry Co., Ltd."
"300576.SZ","300576","容大感光","深圳","染料涂料","rdgg","创业板","20161220","林海望","民营企业","SZSE","L","深圳市容大感光科技股份有限公司","Shenzhen Rongda Photosensitive & Technology Co., Ltd"
"300577.SZ","300577","开润股份","安徽","纺织","krgf","创业板","20161221","","","SZSE","L","安徽开润股份有限公司","Anhui Korrun Co.,Ltd."
"300578.SZ","300578","会畅通讯","上海","通信设备","hctx","创业板","20170125","","","SZSE","L","上海会畅通讯股份有限公司","Bizconf Telecom Corporation Limited"
"300579.SZ","300579","数字认证","北京","软件服务","szrz","创业板","20161223","","","SZSE","L","北京数字认证股份有限公司","Beijing Certificate Authority Co., Ltd."
"300580.SZ","300580","贝斯特","江苏","汽车配件","bst","创业板","20170111","","","SZSE","L","无锡贝斯特精机股份有限公司","Wuxi Best Precision Machinery Co., Ltd."
"300581.SZ","300581","晨曦航空","陕西","航空","cxhk","创业板","20161220","","","SZSE","L","西安晨曦航空科技股份有限公司","Xi'an Chenxi Aviation Technology Corp.,Ltd."
"300582.SZ","300582","英飞特","浙江","元器件","yft","创业板","20161228","Guichao Hua","外资企业","SZSE","L","英飞特电子(杭州)股份有限公司","Inventronics (Hangzhou), Inc."
"300583.SZ","300583","赛托生物","山东","化学制药","stsw","创业板","20170106","","","SZSE","L","山东赛托生物科技股份有限公司","Shandong Sito Bio-Technology Co., Ltd."
"300584.SZ","300584","海辰药业","江苏","化学制药","hcyy","创业板","20170112","","","SZSE","L","南京海辰药业股份有限公司","Nanjing Hicin Pharmaceutical Co., Ltd."
"300585.SZ","300585","奥联电子","江苏","汽车配件","aldz","创业板","20161229","钱明飞","民营企业","SZSE","L","南京奥联汽车电子电器股份有限公司","Nanjing Aolian AE&EA Co.,Ltd"
"300586.SZ","300586","美联新材","广东","化工原料","mlxc","创业板","20170104","","","SZSE","L","广东美联新材料股份有限公司","Malion New Materials Co., Ltd."
"300587.SZ","300587","天铁科技","浙江","橡胶","ttkj","创业板","20170105","王美雨","民营企业","SZSE","L","浙江天铁科技股份有限公司","Zhejiang Tiantie Science & Technology Co.,Ltd."
"300588.SZ","300588","熙菱信息","新疆","IT设备","xlxx","创业板","20170105","","","SZSE","L","新疆熙菱信息技术股份有限公司","Xinjiang Sailing Information Technology Co.,Ltd"
"300589.SZ","300589","江龙船艇","广东","船舶","jlct","创业板","20170113","","","SZSE","L","江龙船艇科技股份有限公司","Jianglong Shipbuilding Co.,Ltd"
"300590.SZ","300590","移为通信","上海","通信设备","ywtx","创业板","20170111","","","SZSE","L","上海移为通信技术股份有限公司","Queclink Wireless Solutions Co., Ltd."
"300591.SZ","300591","万里马","广东","服饰","wlm","创业板","20170110","","","SZSE","L","广东万里马实业股份有限公司","Guangdong Wanlima Industry Co.,Ltd"
"300592.SZ","300592","华凯易佰","湖南","互联网","hkyb","创业板","20170120","","","SZSE","L","华凯易佰科技股份有限公司","Huakai Yibai Technology Co.,Ltd."
"300593.SZ","300593","新雷能","北京","电气设备","xln","创业板","20170113","","","SZSE","L","北京新雷能科技股份有限公司","Beijing Relpow Technology Co., Ltd"
"300594.SZ","300594","朗进科技","山东","运输设备","ljkj","创业板","20190621","","","SZSE","L","山东朗进科技股份有限公司","Shandong Longertek Technology Co., Ltd."
"300595.SZ","300595","欧普康视","安徽","医疗保健","opks","创业板","20170117","","","SZSE","L","欧普康视科技股份有限公司","Autek China Inc."
"300596.SZ","300596","利安隆","天津","化工原料","lal","创业板","20170119","","","SZSE","L","天津利安隆新材料股份有限公司","Rianlon Corporation"
"300597.SZ","300597","吉大通信","吉林","通信设备","jdtx","创业板","20170123","","","SZSE","L","吉林吉大通信设计院股份有限公司","Jilin Jlu Communication Design Institute Co., Ltd"
"300598.SZ","300598","诚迈科技","江苏","软件服务","cmkj","创业板","20170120","","","SZSE","L","诚迈科技股份有限公司","Archermind Technology Co.,Ltd."
"300599.SZ","300599","雄塑科技","广东","塑料","xskj","创业板","20170123","黄淦雄","民营企业","SZSE","L","广东雄塑科技集团股份有限公司","Guangdong Xiongsu Technology Group Co., Ltd"
"300600.SZ","300600","国瑞科技","江苏","船舶","grkj","创业板","20170125","浙江省人民政府国有资产监督管理委员会","地方国企","SZSE","L","常熟市国瑞科技股份有限公司","Changshu Guorui Technology Co.,Ltd."
"300601.SZ","300601","康泰生物","深圳","生物制药","ktsw","创业板","20170207","杜伟民","民营企业","SZSE","L","深圳康泰生物制品股份有限公司","Shenzhen Kangtai Biological Products Co.,Ltd."
"300602.SZ","300602","飞荣达","深圳","元器件","frd","创业板","20170126","","","SZSE","L","深圳市飞荣达科技股份有限公司","Shenzhen Frd Science & Technology Co.,Ltd."
"300603.SZ","300603","立昂技术","新疆","通信设备","lajs","创业板","20170126","王刚","民营企业","SZSE","L","立昂技术股份有限公司","Leon Technology Co., Ltd"
"300604.SZ","300604","长川科技","浙江","半导体","cckj","创业板","20170417","","","SZSE","L","杭州长川科技股份有限公司","Hangzhou Changchuan Technology Co.,Ltd"
"300605.SZ","300605","恒锋信息","福建","软件服务","hfxx","创业板","20170208","魏晓曦","民营企业","SZSE","L","恒锋信息科技股份有限公司","Hengfeng Information Technology Co.,Ltd"
"300606.SZ","300606","金太阳","广东","机械基件","jty","创业板","20170208","","","SZSE","L","东莞金太阳研磨股份有限公司","Dongguan Golden Sun Abrasives Co.,Ltd"
"300607.SZ","300607","拓斯达","广东","专用机械","tsd","创业板","20170209","","","SZSE","L","广东拓斯达科技股份有限公司","Guangdong Topstar Technology Co.,Ltd."
"300608.SZ","300608","思特奇","北京","软件服务","stq","创业板","20170213","","","SZSE","L","北京思特奇信息技术股份有限公司","Si-Tech Information Technology Co.,Ltd"
"300609.SZ","300609","汇纳科技","上海","软件服务","hnkj","创业板","20170215","","","SZSE","L","汇纳科技股份有限公司","Winner Technology Co., Inc."
"300610.SZ","300610","晨化股份","江苏","化工原料","chgf","创业板","20170213","","","SZSE","L","扬州晨化新材料股份有限公司","Yangzhou Chenhua New Material Co.,Ltd."
"300611.SZ","300611","美力科技","浙江","汽车配件","mlkj","创业板","20170220","","","SZSE","L","浙江美力科技股份有限公司","Zhejiang Meili High Technology Co,.Ltd."
"300612.SZ","300612","宣亚国际","北京","广告包装","xygj","创业板","20170215","","","SZSE","L","宣亚国际营销科技(北京)股份有限公司","Shunya International Martech (Beijing) Co., Ltd."
"300613.SZ","300613","富瀚微","上海","半导体","fhw","创业板","20170220","","","SZSE","L","上海富瀚微电子股份有限公司","Shanghai Fullhan Microelectronics Co., Ltd."
"300614.SZ","300614","百川畅银","河南","环境保护","bccy","创业板","20210525","陈功海","民营企业","SZSE","L","河南百川畅银环保能源股份有限公司","Henan BCCY Environmental Energy Co., Ltd."
"300615.SZ","300615","欣天科技","深圳","通信设备","xtkj","创业板","20170215","石伟平","民营企业","SZSE","L","深圳市欣天科技股份有限公司","XDC Industries (Shen Zhen) Limited"
"300616.SZ","300616","尚品宅配","广东","家居用品","spzp","创业板","20170307","","","SZSE","L","广州尚品宅配家居股份有限公司","Guangzhou Shangpin Home Collection Co.,Ltd"
"300617.SZ","300617","安靠智电","江苏","电气设备","akzd","创业板","20170228","","","SZSE","L","江苏安靠智电股份有限公司","Jiangsu Ankura Intelligent Electric Co., Ltd."
"300618.SZ","300618","寒锐钴业","江苏","小金属","hrgy","创业板","20170306","","","SZSE","L","南京寒锐钴业股份有限公司","Nanjing Hanrui Cobalt Co., Ltd."
"300619.SZ","300619","金银河","广东","专用机械","jyh","创业板","20170301","张启发","民营企业","SZSE","L","佛山市金银河智能装备股份有限公司","Foshan Golden Milky Way Intelligent Equipment Co.,Ltd"
"300620.SZ","300620","光库科技","广东","通信设备","gkkj","创业板","20170310","珠海市人民政府国有资产监督管理委员会","地方国企","SZSE","L","珠海光库科技股份有限公司","Advanced Fiber Resources (Zhuhai), Ltd."
"300621.SZ","300621","维业股份","深圳","装修装饰","wygf","创业板","20170316","珠海市人民政府国有资产监督管理委员会","地方国企","SZSE","L","维业建设集团股份有限公司","Weiye Construction Group Co.,Ltd."
"300622.SZ","300622","博士眼镜","深圳","其他商业","bsyj","创业板","20170315","ALEXANDER LIU","外资企业","SZSE","L","博士眼镜连锁股份有限公司","Doctorglasses Chain Co.,Ltd."
"300623.SZ","300623","捷捷微电","江苏","半导体","jjwd","创业板","20170314","","","SZSE","L","江苏捷捷微电子股份有限公司","Jiangsu Jiejie Microelectronics Co., Ltd."
"300624.SZ","300624","万兴科技","西藏","软件服务","wxkj","创业板","20180118","","","SZSE","L","万兴科技集团股份有限公司","Wondershare Technology Group Co.,Ltd."
"300625.SZ","300625","三雄极光","广东","家用电器","sxjg","创业板","20170317","无实际控制人","无","SZSE","L","广东三雄极光照明股份有限公司","Guangdong PAK Corporation Co., Ltd."
"300626.SZ","300626","华瑞股份","浙江","电气设备","hrgf","创业板","20170320","广西壮族自治区梧州市人民政府国有资产监督管理委员会","地方国企","SZSE","L","华瑞电器股份有限公司","Huarui Electrical Appliance Co.,Ltd."
"300627.SZ","300627","华测导航","上海","通信设备","hcdh","创业板","20170321","","","SZSE","L","上海华测导航技术股份有限公司","Shanghai Huace Navigation Technology Ltd"
"300628.SZ","300628","亿联网络","福建","通信设备","ylwl","创业板","20170317","","","SZSE","L","厦门亿联网络技术股份有限公司","Yealink(Xiamen) Network Technology Co.,Ltd"
"300629.SZ","300629","新劲刚","广东","元器件","xjg","创业板","20170324","","","SZSE","L","广东新劲刚科技股份有限公司","Guangdong King-Strong Technology Co.,Ltd."
"300631.SZ","300631","久吾高科","江苏","环境保护","jwgk","创业板","20170323","","","SZSE","L","江苏久吾高科技股份有限公司","Jiangsu Jiuwu Hi-Tech Co., Ltd."
"300632.SZ","300632","光莆股份","福建","半导体","gpgf","创业板","20170406","","","SZSE","L","厦门光莆电子股份有限公司","Xiamen Guang Pu Electronics Co.,Ltd."
"300633.SZ","300633","开立医疗","深圳","医疗保健","klyl","创业板","20170406","","","SZSE","L","深圳开立生物医疗科技股份有限公司","Sonoscape Medical Corp."
"300634.SZ","300634","彩讯股份","深圳","软件服务","cxgf","创业板","20180323","","","SZSE","L","彩讯科技股份有限公司","Richinfo Technology Co.,Ltd."
"300635.SZ","300635","中达安","广东","建筑工程","zda","创业板","20170331","济南市历城区财政局","地方国企","SZSE","L","中达安股份有限公司","Sinodaan Co., Ltd."
"300636.SZ","300636","同和药业","江西","化学制药","thyy","创业板","20170331","","","SZSE","L","江西同和药业股份有限公司","Jiangxi Synergy Pharmaceutical Co.,Ltd."
"300637.SZ","300637","扬帆新材","浙江","化工原料","yfxc","创业板","20170412","","","SZSE","L","扬帆新材料(浙江)股份有限公司","Yangfan New Materials (Zhejiang) Co., Ltd."
"300638.SZ","300638","广和通","深圳","通信设备","ght","创业板","20170413","","","SZSE","L","深圳市广和通无线股份有限公司","Fibocom Wireless Inc."
"300639.SZ","300639","凯普生物","广东","医疗保健","kpsw","创业板","20170412","","","SZSE","L","广东凯普生物科技股份有限公司","Guangdong Hybribio Biotech Co.,Ltd."
"300640.SZ","300640","德艺文创","福建","家居用品","dywc","创业板","20170417","吴体芳","民营企业","SZSE","L","德艺文化创意集团股份有限公司","Profit Cultural & Creative Group Corporation"
"300641.SZ","300641","正丹股份","江苏","化工原料","zdgf","创业板","20170418","","","SZSE","L","江苏正丹化学工业股份有限公司","Jiangsu Zhengdan Chemical Industry Co., Ltd."
"300642.SZ","300642","透景生命","上海","医疗保健","tjsm","创业板","20170421","","","SZSE","L","上海透景生命科技股份有限公司","Tellgen Corporation"
"300643.SZ","300643","万通智控","浙江","汽车配件","wtzk","创业板","20170505","","","SZSE","L","万通智控科技股份有限公司","Hamaton Automotive Technology Co., Ltd."
"300644.SZ","300644","南京聚隆","江苏","塑料","njjl","创业板","20180206","","","SZSE","L","南京聚隆科技股份有限公司","Nanjing Julong Science & Technology Co., Ltd"
"300645.SZ","300645","正元智慧","浙江","软件服务","zyzh","创业板","20170421","陈坚","民营企业","SZSE","L","正元智慧集团股份有限公司","Zhengyuan Zhihui Group Co.,Ltd."
"300647.SZ","300647","超频三","深圳","化工原料","cps","创业板","20170503","刘郁","民营企业","SZSE","L","深圳市超频三科技股份有限公司","Shenzhen Fluence Technology Plc."
"300648.SZ","300648","星云股份","福建","电气设备","xygf","创业板","20170425","李有财","民营企业","SZSE","L","福建星云电子股份有限公司","Fujian Nebula Electronics Co.,Ltd"
"300649.SZ","300649","杭州园林","浙江","建筑工程","hzyl","创业板","20170505","无实际控制人","无","SZSE","L","杭州园林设计院股份有限公司","Hangzhou Landscape Architecture Design Institute Co., Ltd."
"300650.SZ","300650","太龙股份","福建","元器件","tlgf","创业板","20170503","","","SZSE","L","太龙电子股份有限公司","Tecnon Electronics Co.,Ltd"
"300651.SZ","300651","金陵体育","江苏","文教休闲","jlty","创业板","20170509","","","SZSE","L","江苏金陵体育器材股份有限公司","Jiangsu Jinling Sports Equipment Co,Ltd."
"300652.SZ","300652","雷迪克","浙江","汽车配件","ldk","创业板","20170516","","","SZSE","L","杭州雷迪克节能科技股份有限公司","Hang Zhou Radical Energy-Saving Technology Co., Ltd."
"300653.SZ","300653","正海生物","山东","医疗保健","zhsw","创业板","20170516","","","SZSE","L","烟台正海生物科技股份有限公司","Yantai Zhenghai Bio-Tech Co.,Ltd."
"300654.SZ","300654","世纪天鸿","山东","出版业","sjth","创业板","20170926","","","SZSE","L","世纪天鸿教育科技股份有限公司","Astro-Century Education&Technology Co.,Ltd"
"300655.SZ","300655","晶瑞电材","江苏","半导体","jrdc","创业板","20170523","罗培楠","外资企业","SZSE","L","晶瑞电子材料股份有限公司","Crystal Clear Electronic Material Co.,Ltd."
"300656.SZ","300656","民德电子","深圳","IT设备","mddz","创业板","20170519","","","SZSE","L","深圳市民德电子科技股份有限公司","Shenzhen Minde Electronics Technology Ltd."
"300657.SZ","300657","弘信电子","福建","元器件","hxdz","创业板","20170523","","","SZSE","L","厦门弘信电子科技集团股份有限公司","Xiamen Hongxin Electronics Technology Group Inc."
"300658.SZ","300658","延江股份","福建","纺织","yjgf","创业板","20170602","","","SZSE","L","厦门延江新材料股份有限公司","Xiamen Yanjan New Material Co.Ltd."
"300659.SZ","300659","中孚信息","山东","IT设备","zfxx","创业板","20170526","魏东晓","民营企业","SZSE","L","中孚信息股份有限公司","Zhongfu Information Inc."
"300660.SZ","300660","江苏雷利","江苏","电气设备","jsll","创业板","20170602","","","SZSE","L","江苏雷利电机股份有限公司","Jiangsu Leili Motor Co., Ltd"
"300661.SZ","300661","圣邦股份","北京","半导体","sbgf","创业板","20170606","","","SZSE","L","圣邦微电子(北京)股份有限公司","Sg Micro Corp"
"300662.SZ","300662","科锐国际","北京","文教休闲","krgj","创业板","20170608","","","SZSE","L","北京科锐国际人力资源股份有限公司","Beijing Career International Co., Ltd"
"300663.SZ","300663","科蓝软件","北京","软件服务","klrj","创业板","20170608","王安京","民营企业","SZSE","L","北京科蓝软件系统股份有限公司","Client Service International, Inc."
"300664.SZ","300664","鹏鹞环保","江苏","环境保护","pyhb","创业板","20180105","","","SZSE","L","鹏鹞环保股份有限公司","Penyao Environmental Protection Co., Ltd."
"300665.SZ","300665","飞鹿股份","湖南","染料涂料","flgf","创业板","20170613","","","SZSE","L","株洲飞鹿高新材料技术股份有限公司","Zhuzhou Feilu High-Tech Materials Co., Ltd"
"300666.SZ","300666","江丰电子","浙江","半导体","jfdz","创业板","20170615","","","SZSE","L","宁波江丰电子材料股份有限公司","Konfoong Materials International Co., Ltd."
"300667.SZ","300667","必创科技","北京","电器仪表","bckj","创业板","20170619","代啸宁","民营企业","SZSE","L","北京必创科技股份有限公司","Beijing Beetech Inc."
"300668.SZ","300668","杰恩设计","深圳","装修装饰","jesj","创业板","20170619","姜峰","外资企业","SZSE","L","深圳市杰恩创意设计股份有限公司","Shenzhen Jiang & Associates Creative Design Co., Ltd."
"300669.SZ","300669","沪宁股份","浙江","运输设备","hngf","创业板","20170629","","","SZSE","L","杭州沪宁电梯部件股份有限公司","Hangzhou Huning Elevator Parts Co., Ltd."
"300670.SZ","300670","大烨智能","江苏","电气设备","dyzn","创业板","20170703","","","SZSE","L","江苏大烨智能电气股份有限公司","Jiangsu Daybright Intelligent Electric Co.,Ltd."
"300671.SZ","300671","富满微","深圳","半导体","fmw","创业板","20170705","刘景裕","外资企业","SZSE","L","富满微电子集团股份有限公司","Fine Made Microelectronics Group Co., Ltd."
"300672.SZ","300672","国科微","湖南","半导体","gkw","创业板","20170712","","","SZSE","L","湖南国科微电子股份有限公司","Hunan Goke Microelectronics Co., Ltd."
"300673.SZ","300673","佩蒂股份","浙江","饲料","pdgf","创业板","20170711","陈振标","民营企业","SZSE","L","佩蒂动物营养科技股份有限公司","Petpal Pet Nutrition Technology Co., Ltd."
"300674.SZ","300674","宇信科技","北京","软件服务","yxkj","创业板","20181107","","","SZSE","L","北京宇信科技集团股份有限公司","Yusys Technologies Co., Ltd."
"300675.SZ","300675","建科院","深圳","建筑工程","jky","创业板","20170719","深圳市人民政府国有资产监督管理委员会","地方国企","SZSE","L","深圳市建筑科学研究院股份有限公司","Shenzhen Institute of Building Research Co., Ltd."
"300676.SZ","300676","华大基因","深圳","医疗保健","hdjy","创业板","20170714","","","SZSE","L","深圳华大基因股份有限公司","Bgi Genomics Co., Ltd."
"300677.SZ","300677","英科医疗","山东","医疗保健","ykyl","创业板","20170721","刘方毅","民营企业","SZSE","L","英科医疗科技股份有限公司","Intco Medical Technology Co., Ltd."
"300678.SZ","300678","中科信息","四川","软件服务","zkxx","创业板","20170728","中国科学院控股有限公司","中央国企","SZSE","L","中科院成都信息技术股份有限公司","Chengdu Information Technology of Chinese Academy of Sciences Co.,Ltd"
"300679.SZ","300679","电连技术","深圳","元器件","dljs","创业板","20170731","","","SZSE","L","电连技术股份有限公司","Electric Connector Technology Co., Ltd."
"300680.SZ","300680","隆盛科技","江苏","汽车配件","lskj","创业板","20170725","","","SZSE","L","无锡隆盛科技股份有限公司","Wuxi Longsheng Technology Co.,Ltd"
"300681.SZ","300681","英搏尔","广东","汽车配件","ybe","创业板","20170725","","","SZSE","L","珠海英搏尔电气股份有限公司","Zhuhai Enpower Electric Co.,Ltd."
"300682.SZ","300682","朗新集团","江苏","软件服务","lxjt","创业板","20170801","","","SZSE","L","朗新科技集团股份有限公司","Longshine Technology Group Co., Ltd."
"300683.SZ","300683","海特生物","湖北","生物制药","htsw","创业板","20170808","陈亚","外资企业","SZSE","L","武汉海特生物制药股份有限公司","Wuhan Hiteck Biological Pharma Co.,Ltd."
"300684.SZ","300684","中石科技","北京","元器件","zskj","创业板","20171227","","","SZSE","L","北京中石伟业科技股份有限公司","Jones Tech Plc"
"300685.SZ","300685","艾德生物","福建","医疗保健","adsw","创业板","20170802","郑立谋","外资企业","SZSE","L","厦门艾德生物医药科技股份有限公司","Amoy Diagnostics Co.,Ltd."
"300686.SZ","300686","智动力","深圳","元器件","zdl","创业板","20170804","","","SZSE","L","深圳市智动力精密技术股份有限公司","Shenzhen Cdl Precision Technology Co., Ltd"
"300687.SZ","300687","赛意信息","广东","软件服务","syxx","创业板","20170803","","","SZSE","L","广州赛意信息科技股份有限公司","Guangzhou Sie Consulting Co., Ltd."
"300688.SZ","300688","创业黑马","北京","文教休闲","cyhm","创业板","20170810","","","SZSE","L","创业黑马科技集团股份有限公司","Dark Horse Technology Group Co. Ltd"
"300689.SZ","300689","澄天伟业","深圳","通信设备","ctwy","创业板","20170809","","","SZSE","L","深圳市澄天伟业科技股份有限公司","Shenzhen Chengtianweiye Technology Co., Ltd"
"300690.SZ","300690","双一科技","山东","电气设备","sykj","创业板","20170808","","","SZSE","L","山东双一科技股份有限公司","Shandong Shuangyi Technology Co.,Ltd."
"300691.SZ","300691","联合光电","广东","元器件","lhgd","创业板","20170811","龚俊强","民营企业","SZSE","L","中山联合光电科技股份有限公司","Union Optech Co., Ltd"
"300692.SZ","300692","中环环保","安徽","环境保护","zhhb","创业板","20170821","","","SZSE","L","安徽中环环保科技股份有限公司","Anhui Zhonghuan Environmental Protection Technology Co.,Ltd"
"300693.SZ","300693","盛弘股份","深圳","电气设备","shgf","创业板","20170822","方兴","民营企业","SZSE","L","深圳市盛弘电气股份有限公司","Shenzhen Sinexcel Electric Co., Ltd"
"300694.SZ","300694","蠡湖股份","江苏","汽车配件","lhgf","创业板","20181015","泉州市人民政府国有资产监督管理委员会","地方国企","SZSE","L","无锡蠡湖增压技术股份有限公司","Wuxi Lihu Corporation Limited."
"300695.SZ","300695","兆丰股份","浙江","汽车配件","zfgf","创业板","20170908","","","SZSE","L","浙江兆丰机电股份有限公司","Zhejiang Zhaofeng Mechanical and Electronic Co.,Ltd."
"300696.SZ","300696","爱乐达","四川","航空","ald","创业板","20170822","","","SZSE","L","成都爱乐达航空制造股份有限公司","Chengdu Ald Aviation Manufacturing Corporation"
"300697.SZ","300697","电工合金","江苏","铜","dghj","创业板","20170907","","","SZSE","L","江阴电工合金股份有限公司","Jiangyin Electrical Alloy Co., Ltd"
"300698.SZ","300698","万马科技","浙江","通信设备","wmkj","创业板","20170831","","","SZSE","L","万马科技股份有限公司","Wanma Technology Co., Ltd."
"300699.SZ","300699","光威复材","山东","化纤","gwfc","创业板","20170901","陈亮","民营企业","SZSE","L","威海光威复合材料股份有限公司","Weihai Guangwei Composites Co.Ltd"
"300700.SZ","300700","岱勒新材","湖南","矿物制品","dlxc","创业板","20170912","段志明","民营企业","SZSE","L","长沙岱勒新材料科技股份有限公司","Changsha Dialine New Material Sci.&Tech. Co., Ltd."
"300701.SZ","300701","森霸传感","河南","元器件","sbcg","创业板","20170915","","","SZSE","L","森霸传感科技股份有限公司","Senba Sensing Technology Co.,Ltd."
"300702.SZ","300702","天宇股份","浙江","化学制药","tygf","创业板","20170919","","","SZSE","L","浙江天宇药业股份有限公司","Zhejiang Tianyu Pharmaceutical Co., Ltd."
"300703.SZ","300703","创源股份","浙江","文教休闲","cygf","创业板","20170919","宁波市人民政府国有资产监督管理委员会","地方国企","SZSE","L","宁波创源文化发展股份有限公司","Cre8 Direct (NingBo) Co., Ltd."
"300705.SZ","300705","九典制药","湖南","化学制药","jdzy","创业板","20171010","","","SZSE","L","湖南九典制药股份有限公司","Hunan Jiudian Pharmaceutical Co., Ltd"
"300706.SZ","300706","阿石创","福建","元器件","asc","创业板","20170926","","","SZSE","L","福建阿石创新材料股份有限公司","Fujian Acetron New Materials Co.,Ltd"
"300707.SZ","300707","威唐工业","江苏","汽车配件","wtgy","创业板","20171010","张锡亮","民营企业","SZSE","L","无锡威唐工业技术股份有限公司","VT Industrial Technology Co.,Ltd"
"300708.SZ","300708","聚灿光电","江苏","半导体","jcgd","创业板","20171016","","","SZSE","L","聚灿光电科技股份有限公司","Focus Lightings Tech Co.,Ltd."
"300709.SZ","300709","精研科技","江苏","元器件","jykj","创业板","20171019","","","SZSE","L","江苏精研科技股份有限公司","Jiangsu Gian Technology Co., Ltd."
"300710.SZ","300710","万隆光电","浙江","通信设备","wlgd","创业板","20171019","雷骞国","民营企业","SZSE","L","杭州万隆光电设备股份有限公司","Hangzhou Prevail Optoelectronic Equipment Co., Ltd."
"300711.SZ","300711","广哈通信","广东","通信设备","ghtx","创业板","20171101","","","SZSE","L","广州广哈通信股份有限公司","GHT Co.,Ltd."
"300712.SZ","300712","永福股份","福建","建筑工程","yfgf","创业板","20171031","林一文","民营企业","SZSE","L","福建永福电力设计股份有限公司","Fujian Yongfu Power Engineering Co.,Ltd."
"300713.SZ","300713","英可瑞","深圳","电气设备","ykr","创业板","20171101","","","SZSE","L","深圳市英可瑞科技股份有限公司","Shenzhen Increase Technology Co.,Ltd"
"300715.SZ","300715","凯伦股份","江苏","其他建材","klgf","创业板","20171026","钱林弟","民营企业","SZSE","L","江苏凯伦建材股份有限公司","Jiangsu Canlon Building Materials Co., Ltd."
"300716.SZ","300716","ST泉为","广东","塑料","stqw","创业板","20171109","邵鉴棠","外资企业","SZSE","L","广东泉为科技股份有限公司","Guangdong QW SOLAR Technology Co., Ltd."
"300717.SZ","300717","华信新材","江苏","塑料","hxxc","创业板","20171106","","","SZSE","L","江苏华信新材料股份有限公司","Jiangsu Huaxin New Material Co., Ltd."
"300718.SZ","300718","长盛轴承","浙江","机械基件","cszc","创业板","20171106","","","SZSE","L","浙江长盛滑动轴承股份有限公司","Zhejiang Changsheng Sliding Bearings Co., Ltd."
"300719.SZ","300719","安达维尔","北京","航空","adwe","创业板","20171109","","","SZSE","L","北京安达维尔科技股份有限公司","Beijing Andawell Science&Technology Co., Ltd."
"300720.SZ","300720","海川智能","广东","电器仪表","hczn","创业板","20171106","","","SZSE","L","广东海川智能机器股份有限公司","Guangdong High Dream Intellectualized Machinery Co., Ltd."
"300721.SZ","300721","怡达股份","江苏","化工原料","ydgf","创业板","20171115","","","SZSE","L","江苏怡达化学股份有限公司","Jiangsu Yida Chemical Co.,Ltd."
"300722.SZ","300722","新余国科","江西","航空","xygk","创业板","20171110","江西省国有资产监督管理委员会","地方国企","SZSE","L","江西新余国科科技股份有限公司","Jiangxi Xinyu Guoke Technology Co., Ltd."
"300723.SZ","300723","一品红","广东","化学制药","yph","创业板","20171116","","","SZSE","L","一品红药业集团股份有限公司","Apichope Pharmaceutical Group Co.,Ltd"
"300724.SZ","300724","捷佳伟创","深圳","专用机械","jjwc","创业板","20180810","余仲","民营企业","SZSE","L","深圳市捷佳伟创新能源装备股份有限公司","Shenzhen S.C New Energy Technology Corporation"
"300725.SZ","300725","药石科技","江苏","化学制药","yskj","创业板","20171110","","","SZSE","L","南京药石科技股份有限公司","Pharmablock Sciences (Nanjing), Inc."
"300726.SZ","300726","宏达电子","湖南","元器件","hddz","创业板","20171121","","","SZSE","L","株洲宏达电子股份有限公司","Zhuzhou Hongda Electronics Corp.,Ltd."
"300727.SZ","300727","润禾材料","浙江","化工原料","rhcl","创业板","20171127","","","SZSE","L","宁波润禾高新材料科技股份有限公司","Ningbo Runhe High-Tech Materials Co., Ltd."
"300729.SZ","300729","乐歌股份","浙江","家居用品","lggf","创业板","20171201","","","SZSE","L","乐歌人体工学科技股份有限公司","Loctek Ergonomic Technology Corp."
"300730.SZ","300730","科创信息","湖南","软件服务","kcxx","创业板","20171205","无实际控制人","无","SZSE","L","湖南科创信息技术股份有限公司","Hunan Creator Information Technologies Co., Ltd."
"300731.SZ","300731","科创新源","深圳","橡胶","kcxy","创业板","20171208","周东","民营企业","SZSE","L","深圳科创新源新材料股份有限公司","Shenzhen Cotran New Material Co., Ltd."
"300732.SZ","300732","设研院","河南","建筑工程","syy","创业板","20171212","","","SZSE","L","河南省中工设计研究院集团股份有限公司","Henan ZhongGong Design & Research Group Co., Ltd."
"300733.SZ","300733","西菱动力","四川","汽车配件","xldl","创业板","20180116","","","SZSE","L","成都西菱动力科技股份有限公司","Chengdu Xiling Power Science & Technology Incorporated Company"
"300735.SZ","300735","光弘科技","广东","元器件","ghkj","创业板","20171229","","","SZSE","L","惠州光弘科技股份有限公司","DBG Technology Co., Ltd"
"300736.SZ","300736","百邦科技","北京","通信设备","bbkj","创业板","20180109","","","SZSE","L","北京百华悦邦科技股份有限公司","BYBON Group Company Limited"
"300737.SZ","300737","科顺股份","广东","其他建材","ksgf","创业板","20180125","陈伟忠","民营企业","SZSE","L","科顺防水科技股份有限公司","Keshun Waterproof Technologies Co.,Ltd."
"300738.SZ","300738","奥飞数据","广东","软件服务","afsj","创业板","20180119","","","SZSE","L","广东奥飞数据科技股份有限公司","Guangdong Aofei Data Technology Co.Ltd"
"300739.SZ","300739","明阳电路","深圳","元器件","mydl","创业板","20180201","","","SZSE","L","深圳明阳电路科技股份有限公司","Sunshine Global Circuits Co.,Ltd."
"300740.SZ","300740","水羊股份","湖南","日用化工","sygf","创业板","20180208","戴跃锋","民营企业","SZSE","L","水羊集团股份有限公司","SYoung Group Co., Ltd."
"300741.SZ","300741","华宝股份","西藏","食品","hbgf","创业板","20180301","","","SZSE","L","华宝香精股份有限公司","Huabao Flavours & Fragrances Co., Ltd"
"300743.SZ","300743","天地数码","浙江","IT设备","tdsm","创业板","20180427","韩琼","民营企业","SZSE","L","杭州天地数码科技股份有限公司","Hangzhou Todaytec Digital Co.,Ltd"
"300745.SZ","300745","欣锐科技","深圳","汽车配件","xrkj","创业板","20180523","","","SZSE","L","深圳欣锐科技股份有限公司","Shinry Technologies Co.Ltd."
"300746.SZ","300746","汉嘉设计","浙江","建筑工程","hjsj","创业板","20180525","岑政平","外资企业","SZSE","L","汉嘉设计集团股份有限公司","Hanjia Design Group Co.,Ltd."
"300747.SZ","300747","锐科激光","湖北","专用机械","rkjg","创业板","20180625","","","SZSE","L","武汉锐科光纤激光技术股份有限公司","Wuhan Raycus Fiber Laser Technologies Co.,Ltd."
"300748.SZ","300748","金力永磁","江西","矿物制品","jlyc","创业板","20180921","","","SZSE","L","江西金力永磁科技股份有限公司","Jl Mag Rare-Earth Co., Ltd."
"300749.SZ","300749","顶固集创","广东","家居用品","dgjc","创业板","20180925","","","SZSE","L","广东顶固集创家居股份有限公司","Guangdong Topstrong Living Innovation & Integration Co.,Ltd."
"300750.SZ","300750","宁德时代","福建","电气设备","ndsd","创业板","20180611","","","SZSE","L","宁德时代新能源科技股份有限公司","Contemporary Amperex Technology Co., Ltd."
"300751.SZ","300751","迈为股份","江苏","专用机械","mwgf","创业板","20181109","","","SZSE","L","苏州迈为科技股份有限公司","Suzhou Maxwell Technologies Co., Ltd"
"300752.SZ","300752","隆利科技","深圳","元器件","llkj","创业板","20181130","","","SZSE","L","深圳市隆利科技股份有限公司","Shenzhen Longli Technology Co., Ltd"
"300753.SZ","300753","爱朋医疗","江苏","医疗保健","apyl","创业板","20181213","","","SZSE","L","江苏爱朋医疗科技股份有限公司","Jiangsu Apon Medical Technology Co., Ltd."
"300755.SZ","300755","华致酒行","云南","其他商业","hzjh","创业板","20190129","","","SZSE","L","华致酒行连锁管理股份有限公司","Vats Liquor Chain Store Management Joint Stock Co., Ltd."
"300756.SZ","300756","金马游乐","广东","专用机械","jmyl","创业板","20181228","邓志毅","民营企业","SZSE","L","广东金马游乐股份有限公司","Guangdong Jinma Entertainment Corporation Limited"
"300757.SZ","300757","罗博特科","江苏","专用机械","lbtk","创业板","20190108","戴军","民营企业","SZSE","L","罗博特科智能科技股份有限公司","Robotechnik Intelligent Technology Co., Ltd"
"300758.SZ","300758","七彩化学","辽宁","染料涂料","qchx","创业板","20190222","","","SZSE","L","鞍山七彩化学股份有限公司","Anshan Hifichem Co.,Ltd"
"300759.SZ","300759","康龙化成","北京","化学制药","klhc","创业板","20190128","Boliang Lou","外资企业","SZSE","L","康龙化成(北京)新药技术股份有限公司","Pharmaron Beijing Co., Ltd."
"300760.SZ","300760","迈瑞医疗","深圳","医疗保健","mryl","创业板","20181016","","","SZSE","L","深圳迈瑞生物医疗电子股份有限公司","Shenzhen Mindray Bio-Medical Electronics Co., Ltd."
"300761.SZ","300761","立华股份","江苏","农业综合","lhgf","创业板","20190218","","","SZSE","L","江苏立华食品集团股份有限公司","Jiangsu Lihua Foods Group Co., Ltd."
"300762.SZ","300762","上海瀚讯","上海","通信设备","shhx","创业板","20190314","","","SZSE","L","上海瀚讯信息技术股份有限公司","Jushri Technologies, Inc"
"300763.SZ","300763","锦浪科技","浙江","电气设备","jlkj","创业板","20190319","","","SZSE","L","锦浪科技股份有限公司","Ginlong Technologies Co., Ltd."
"300765.SZ","300765","新诺威","河北","食品","xnw","创业板","20190322","","","SZSE","L","石药创新制药股份有限公司","CSPC Innovation Pharmaceutical Co.,Ltd."
"300766.SZ","300766","每日互动","浙江","互联网","mrhd","创业板","20190325","方毅","民营企业","SZSE","L","每日互动股份有限公司","Merit Interactive Co., Ltd."
"300767.SZ","300767","震安科技","云南","橡胶","zakj","创业板","20190329","","","SZSE","L","震安科技股份有限公司","Quakesafe Technologies Co., Ltd."
"300768.SZ","300768","迪普科技","浙江","软件服务","dpkj","创业板","20190412","","","SZSE","L","杭州迪普科技股份有限公司","Hangzhou Dptech Technologies Co., Ltd."
"300769.SZ","300769","德方纳米","深圳","化工原料","dfnm","创业板","20190415","吉学文","民营企业","SZSE","L","深圳市德方纳米科技股份有限公司","Shenzhen Dynanonic Co., Ltd."
"300770.SZ","300770","新媒股份","广东","影视音像","xmgf","创业板","20190419","","","SZSE","L","广东南方新媒体股份有限公司","Guangdong South New Media Co.,Ltd."
"300771.SZ","300771","智莱科技","深圳","IT设备","zlkj","创业板","20190422","","","SZSE","L","深圳市智莱科技股份有限公司","Shenzhen Zhilai Sci and Tech Co., Ltd."
"300772.SZ","300772","运达股份","浙江","电气设备","ydgf","创业板","20190426","","","SZSE","L","运达能源科技集团股份有限公司","Windey Energy Technology Group Co.,Ltd."
"300773.SZ","300773","拉卡拉","北京","软件服务","lkl","创业板","20190425","","","SZSE","L","拉卡拉支付股份有限公司","Lakala Payment Co., Ltd."
"300774.SZ","300774","倍杰特","北京","环境保护","bjt","创业板","20210804","权秋红","民营企业","SZSE","L","倍杰特集团股份有限公司","BGT Group Co., Ltd."
"300775.SZ","300775","三角防务","陕西","航空","sjfw","创业板","20190521","","","SZSE","L","西安三角防务股份有限公司","Xi'an Triangle Defense Co.,Ltd"
"300776.SZ","300776","帝尔激光","湖北","专用机械","dejg","创业板","20190517","","","SZSE","L","武汉帝尔激光科技股份有限公司","Wuhan Dr Laser Technology Corp.,Ltd."
"300777.SZ","300777","中简科技","江苏","化纤","zjkj","创业板","20190516","","","SZSE","L","中简科技股份有限公司","Sinofibers Technology Co.,Ltd."
"300778.SZ","300778","新城市","深圳","建筑工程","xcs","创业板","20190510","","","SZSE","L","深圳市新城市规划建筑设计股份有限公司","Shenzhen New Land Tool Planning&Architectural Design Co., Ltd."
"300779.SZ","300779","惠城环保","山东","环境保护","hchb","创业板","20190522","","","SZSE","L","青岛惠城环保科技集团股份有限公司","Qingdao Huicheng Environmental Technology Group Co., Ltd."
"300780.SZ","300780","德恩精工","四川","机械基件","dejg","创业板","20190531","","","SZSE","L","四川德恩精工科技股份有限公司","Sichuan Dawn Precision Technology Co.,Ltd."
"300781.SZ","300781","因赛集团","广东","广告包装","ysjt","创业板","20190606","王建朝","民营企业","SZSE","L","广东因赛品牌营销集团股份有限公司","Guangdong Insight Brand Marketing Group Co.,Ltd."
"300782.SZ","300782","卓胜微","江苏","半导体","zsw","创业板","20190618","Chenhui Feng(冯晨晖)","外资企业","SZSE","L","江苏卓胜微电子股份有限公司","Maxscend Microelectronics Company Limited"
"300783.SZ","300783","三只松鼠","安徽","食品","szss","创业板","20190712","","","SZSE","L","三只松鼠股份有限公司","Three Squirrels Inc."
"300784.SZ","300784","利安科技","浙江","塑料","lakj","创业板","20240607","李士峰","民营企业","SZSE","L","宁波利安科技股份有限公司","Ningbo Lian Technology Co., Ltd."
"300785.SZ","300785","值得买","北京","互联网","zdm","创业板","20190715","","","SZSE","L","北京值得买科技股份有限公司","Beijing Zhidemai Technology Co., Ltd."
"300786.SZ","300786","国林科技","山东","环境保护","glkj","创业板","20190723","","","SZSE","L","青岛国林科技集团股份有限公司","Qingdao Guolin Technology Group Co.,Ltd."
"300787.SZ","300787","海能实业","江西","元器件","hnsy","创业板","20190815","周洪亮","民营企业","SZSE","L","安福县海能实业股份有限公司","Anfu Ce Link Limited"
"300788.SZ","300788","中信出版","北京","出版业","zxcb","创业板","20190705","","","SZSE","L","中信出版集团股份有限公司","Citic Press Corporation"
"300789.SZ","300789","唐源电气","四川","运输设备","tydq","创业板","20190828","","","SZSE","L","成都唐源电气股份有限公司","Chengdu Tangyuan Electric Co.,Ltd."
"300790.SZ","300790","宇瞳光学","广东","元器件","ytgx","创业板","20190920","无实际控制人","无","SZSE","L","东莞市宇瞳光学科技股份有限公司","Dongguan Yutong Optical Technology Co.,Ltd."
"300791.SZ","300791","仙乐健康","广东","医疗保健","xljk","创业板","20190925","","","SZSE","L","仙乐健康科技股份有限公司","Sirio Pharma Co., Ltd"
"300792.SZ","300792","壹网壹创","浙江","互联网","ywyc","创业板","20190927","","","SZSE","L","杭州壹网壹创科技股份有限公司","Hangzhou Onechance Tech Corp."
"300793.SZ","300793","佳禾智能","广东","IT设备","jhzn","创业板","20191018","","","SZSE","L","佳禾智能科技股份有限公司","Cosonic Intelligent Technologies Co., Ltd."
"300795.SZ","300795","米奥会展","浙江","文教休闲","mahz","创业板","20191022","无实际控制人","无","SZSE","L","浙江米奥兰特商务会展股份有限公司","Zhejiang Meorient Commerce & Exhibition Inc."
"300796.SZ","300796","贝斯美","浙江","农药化肥","bsm","创业板","20191115","","","SZSE","L","绍兴贝斯美化工股份有限公司","BSM Chemical Co.,Ltd."
"300797.SZ","300797","钢研纳克","北京","电器仪表","gynk","创业板","20191101","","","SZSE","L","钢研纳克检测技术股份有限公司","NCS Testing Technology Co.,Ltd."
"300798.SZ","300798","锦鸡股份","江苏","染料涂料","jjgf","创业板","20191122","无实际控制人","无","SZSE","L","江苏锦鸡实业股份有限公司","Jiangsu Jinji Industrial Co., Ltd."
"300800.SZ","300800","力合科技","湖南","环境保护","lhkj","创业板","20191106","","","SZSE","L","力合科技(湖南)股份有限公司","Lihe Technology (Hunan) Co., Ltd."
"300801.SZ","300801","泰和科技","山东","化工原料","thkj","创业板","20191128","","","SZSE","L","山东泰和科技股份有限公司","Shandong Taihe Technologies Co.,Ltd."
"300802.SZ","300802","矩子科技","上海","专用机械","jzkj","创业板","20191114","","","SZSE","L","上海矩子科技股份有限公司","Jutze Intelligence Technology Co.,Ltd."
"300803.SZ","300803","指南针","北京","软件服务","znz","创业板","20191118","","","SZSE","L","北京指南针科技发展股份有限公司","Beijing Compass Technology Development Co., Ltd."
"300804.SZ","300804","广康生化","广东","农药化肥","gksh","创业板","20230627","蔡丹群","民营企业","SZSE","L","广东广康生化科技股份有限公司","Yingde Greatchem Chemicals Co.,Ltd."
"300805.SZ","300805","电声股份","广东","广告包装","dsgf","创业板","20191121","","","SZSE","L","广东电声市场营销股份有限公司","Guangdong Brandmax Marketing Co.,Ltd."
"300806.SZ","300806","斯迪克","江苏","塑料","sdk","创业板","20191125","","","SZSE","L","江苏斯迪克新材料科技股份有限公司","Jiangsu Sidike New Materials Science & Technology Co., Ltd."
"300807.SZ","300807","天迈科技","河南","软件服务","tmkj","创业板","20191219","郭建国","民营企业","SZSE","L","郑州天迈科技股份有限公司","Zhengzhou Tiamaes Technology Co.,Ltd"
"300808.SZ","300808","久量股份","湖北","家用电器","jlgf","创业板","20191129","","","SZSE","L","湖北久量股份有限公司","Hubei DP Co.,Ltd."
"300809.SZ","300809","华辰装备","江苏","机床制造","hczb","创业板","20191204","","","SZSE","L","华辰精密装备(昆山)股份有限公司","Hiecise Precision Equipment Co.,Ltd"
"300810.SZ","300810","中科海讯","北京","船舶","zkhx","创业板","20191206","","","SZSE","L","北京中科海讯数字科技股份有限公司","Beijing Zhongkehaixun Digital S&T Co.,Ltd"
"300811.SZ","300811","铂科新材","深圳","矿物制品","bkxc","创业板","20191230","","","SZSE","L","深圳市铂科新材料股份有限公司","Poco Holding Co., Ltd."
"300812.SZ","300812","易天股份","深圳","专用机械","ytgf","创业板","20200109","高军鹏","民营企业","SZSE","L","深圳市易天自动化设备股份有限公司","Shenzhen Etmade Automatic Equipment Co., Ltd"
"300813.SZ","300813","泰林生物","浙江","医疗保健","tlsw","创业板","20200114","","","SZSE","L","浙江泰林生物技术股份有限公司","Zhejiang Tailin Bioengineering Co., Ltd."
"300814.SZ","300814","中富电路","深圳","元器件","zfdl","创业板","20210812","王昌民","民营企业","SZSE","L","深圳中富电路股份有限公司","Shenzhen Jove Enterprise Ltd"
"300815.SZ","300815","玉禾田","安徽","环境保护","yht","创业板","20200123","周平","民营企业","SZSE","L","玉禾田环境发展集团股份有限公司","EIT Environmental Development Group Co.,Ltd."
"300816.SZ","300816","艾可蓝","安徽","汽车配件","akl","创业板","20200210","","","SZSE","L","安徽艾可蓝环保股份有限公司","Actblue Co., Ltd."
"300817.SZ","300817","双飞集团","浙江","机械基件","sfjt","创业板","20200218","周引春","民营企业","SZSE","L","双飞无油轴承集团股份有限公司","SF Oilless Bearing Group Co., Ltd."
"300818.SZ","300818","耐普矿机","江西","专用机械","npkj","创业板","20200212","郑昊","民营企业","SZSE","L","江西耐普矿机股份有限公司","Naipu Mining Machinery Co., Ltd."
"300819.SZ","300819","聚杰微纤","江苏","纺织","jjwx","创业板","20200312","","","SZSE","L","江苏聚杰微纤科技集团股份有限公司","Jiangsu Jujie Microfiber Technology Group Co.,Ltd"
"300820.SZ","300820","英杰电气","四川","电气设备","yjdq","创业板","20200213","","","SZSE","L","四川英杰电气股份有限公司","Sichuan Injet Electric Co., Ltd."
"300821.SZ","300821","东岳硅材","山东","化工原料","dygc","创业板","20200312","傅军","民营企业","SZSE","L","山东东岳有机硅材料股份有限公司","Shandong Dongyue Silicone Material Co.,Ltd."
"300822.SZ","300822","贝仕达克","深圳","元器件","bsdk","创业板","20200313","肖萍","民营企业","SZSE","L","深圳贝仕达克技术股份有限公司","Shenzhen Bestek Technology Co., Ltd."
"300823.SZ","300823","建科智能","天津","专用机械","jkzn","创业板","20200319","陈振东","民营企业","SZSE","L","建科智能装备制造(天津)股份有限公司","TJK Intelligent Equipment Manufacturing (tianjin) Co., Ltd."
"300824.SZ","300824","北鼎股份","深圳","家用电器","bdgf","创业板","20200619","GEORGE MOHAN ZHANG","外资企业","SZSE","L","深圳市北鼎晶辉科技股份有限公司","Shenzhen Crastal Technology Co.,Ltd"
"300825.SZ","300825","阿尔特","北京","汽车服务","aet","创业板","20200327","","","SZSE","L","阿尔特汽车技术股份有限公司","IAT Automobile Technology Co., Ltd."
"300826.SZ","300826","测绘股份","江苏","建筑工程","chgf","创业板","20200403","","","SZSE","L","南京市测绘勘察研究院股份有限公司","Nanjing Research Institute of Surveying, Mapping & Geotechnical Investigation,Co.Ltd."
"300827.SZ","300827","上能电气","江苏","电气设备","sndq","创业板","20200410","","","SZSE","L","上能电气股份有限公司","Sineng Electric Co.,Ltd."
"300828.SZ","300828","锐新科技","天津","机械基件","rxkj","创业板","20200421","国占昌","民营企业","SZSE","L","天津锐新昌科技股份有限公司","Tianjin Ruixin Technology Co., Ltd"
"300829.SZ","300829","金丹科技","河南","食品","jdkj","创业板","20200422","张鹏","民营企业","SZSE","L","河南金丹乳酸科技股份有限公司","Henan Jindan Lactic Acid Technology Co.,Ltd."
"300830.SZ","300830","金现代","山东","软件服务","jxd","创业板","20200506","黎峰","民营企业","SZSE","L","金现代信息产业股份有限公司","Jinxiandai Information Industry Co.,Ltd."
"300831.SZ","300831","派瑞股份","陕西","半导体","prgf","创业板","20200507","","","SZSE","L","西安派瑞功率半导体变流技术股份有限公司","Xi'an Peri Power Semiconductor Converting Technology Co.,Ltd."
"300832.SZ","300832","新产业","深圳","医疗保健","xcy","创业板","20200512","","","SZSE","L","深圳市新产业生物医学工程股份有限公司","Shenzhen New Industries Biomedical Engineering Co.,Ltd."
"300833.SZ","300833","浩洋股份","广东","专用机械","hygf","创业板","20200520","蒋伟楷","民营企业","SZSE","L","广州市浩洋电子股份有限公司","Guangzhou Haoyang Electronic Co.,Ltd."
"300834.SZ","300834","星辉环材","广东","化工原料","xhhc","创业板","20220113","陈雁升","民营企业","SZSE","L","星辉环保材料股份有限公司","Rastar Environmental Protection Materials Co., Ltd."
"300835.SZ","300835","龙磁科技","安徽","矿物制品","lckj","创业板","20200525","","","SZSE","L","安徽龙磁科技股份有限公司","Sinomag Technology Co.,Ltd."
"300836.SZ","300836","佰奥智能","江苏","专用机械","bazn","创业板","20200528","肖朝蓬","民营企业","SZSE","L","昆山佰奥智能装备股份有限公司","Kunshan Topa Intelligent Equipment Co.,Ltd"
"300837.SZ","300837","浙矿股份","浙江","专用机械","zkgf","创业板","20200605","陈利华","民营企业","SZSE","L","浙矿重工股份有限公司","Zhe Kuang Heavy Industry Co.,Ltd."
"300838.SZ","300838","浙江力诺","浙江","机械基件","zjln","创业板","20200608","陈晓宇","民营企业","SZSE","L","浙江力诺流体控制科技股份有限公司","Zhejiang Lenor Flow Control Technology Co.,Ltd."
"300839.SZ","300839","博汇股份","浙江","石油加工","bhgf","创业板","20200630","金碧华","民营企业","SZSE","L","宁波博汇化工科技股份有限公司","Ningbo Bohui Chemical Technology Co.,Ltd"
"300840.SZ","300840","酷特智能","山东","服饰","ktzn","创业板","20200708","","","SZSE","L","青岛酷特智能股份有限公司","Qingdao Kutesmart Co., Ltd"
"300841.SZ","300841","康华生物","四川","生物制药","khsw","创业板","20200616","","","SZSE","L","成都康华生物制品股份有限公司","Chengdu Kanghua Biological Products Co., Ltd."
"300842.SZ","300842","帝科股份","江苏","电气设备","dkgf","创业板","20200618","史卫利","民营企业","SZSE","L","无锡帝科电子材料股份有限公司","Wuxi DK Electronic Materials Co., Ltd."
"300843.SZ","300843","胜蓝股份","广东","元器件","slgf","创业板","20200702","","","SZSE","L","胜蓝科技股份有限公司","Shenglan Technology Co., Ltd."
"300844.SZ","300844","山水比德","广东","建筑工程","ssbd","创业板","20210813","孙虎","民营企业","SZSE","L","广州山水比德设计股份有限公司","Guangzhou S.P.I Design Co., Ltd."
"300845.SZ","300845","捷安高科","河南","软件服务","jagk","创业板","20200703","郑乐观","民营企业","SZSE","L","郑州捷安高科股份有限公司","Zhengzhou Jiean Hi-Tech Co.,Ltd."
"300846.SZ","300846","首都在线","北京","软件服务","sdzx","创业板","20200701","曲宁","民营企业","SZSE","L","北京首都在线科技股份有限公司","Capitalonline Data Service Co.,Ltd."
"300847.SZ","300847","中船汉光","河北","化工原料","zchg","创业板","20200709","中国船舶重工集团有限公司","中央国企","SZSE","L","中船汉光科技股份有限公司","Hg Technologies Co., Ltd."
"300848.SZ","300848","美瑞新材","山东","化工原料","mrxc","创业板","20200720","","","SZSE","L","美瑞新材料股份有限公司","Miracll Chemicals Co.,Ltd."
"300849.SZ","300849","锦盛新材","浙江","塑料","jsxc","创业板","20200710","阮荣涛","民营企业","SZSE","L","浙江锦盛新材料股份有限公司","Zhejiang Jinsheng New Materials Co., Ltd."
"300850.SZ","300850","新强联","河南","机械基件","xql","创业板","20200713","","","SZSE","L","洛阳新强联回转支承股份有限公司","Luoyang Xinqianglian Slewing Bearing Co.,Ltd."
"300851.SZ","300851","交大思诺","北京","运输设备","jdsn","创业板","20200717","李伟","民营企业","SZSE","L","北京交大思诺科技股份有限公司","Beijing Jiaoda Signal Technology Co., Ltd."
"300852.SZ","300852","四会富仕","广东","元器件","shfs","创业板","20200713","刘天明","民营企业","SZSE","L","四会富仕电子科技股份有限公司","Sihui Fuji Electronics Technology Co., Ltd."
"300853.SZ","300853","申昊科技","浙江","专用机械","shkj","创业板","20200724","陈如申","民营企业","SZSE","L","杭州申昊科技股份有限公司","Hangzhou Shenhao Technology Co.,Ltd"
"300854.SZ","300854","中兰环保","深圳","环境保护","zlhb","创业板","20210916","葛芳","民营企业","SZSE","L","中兰环保科技股份有限公司","Gad Environmental Technology Co., Ltd."
"300855.SZ","300855","图南股份","江苏","小金属","tngf","创业板","20200723","万柏方","民营企业","SZSE","L","江苏图南合金股份有限公司","Jiangsu Toland Alloy Co.,Ltd."
"300856.SZ","300856","科思股份","江苏","日用化工","ksgf","创业板","20200722","","","SZSE","L","南京科思化学股份有限公司","Nanjing Cosmos Chemical Co., Ltd."
"300857.SZ","300857","协创数据","深圳","IT设备","xcsj","创业板","20200727","","","SZSE","L","协创数据技术股份有限公司","Sharetronic Data Technology Co., Ltd."
"300858.SZ","300858","科拓生物","北京","食品","ktsw","创业板","20200727","孙天松","民营企业","SZSE","L","北京科拓恒通生物技术股份有限公司","Beijing Scitop Bio-Tech Co., Ltd"
"300859.SZ","300859","西域旅游","新疆","旅游服务","xyly","创业板","20200806","阜康市财政局","地方国企","SZSE","L","西域旅游开发股份有限公司","Western Regions Tourism Development Co.,Ltd."
"300860.SZ","300860","锋尚文化","北京","文教休闲","fswh","创业板","20200824","沙晓岚","民营企业","SZSE","L","锋尚文化集团股份有限公司","Funshine Culture Group Co.,Ltd."
"300861.SZ","300861","美畅股份","陕西","矿物制品","mcgf","创业板","20200824","","","SZSE","L","杨凌美畅新材料股份有限公司","Yangling Metron New Material Co.,Ltd."
"300862.SZ","300862","蓝盾光电","安徽","电器仪表","ldgd","创业板","20200824","袁永刚","民营企业","SZSE","L","安徽蓝盾光电子股份有限公司","Anhui Landun Photoelectron Co.,Ltd."
"300863.SZ","300863","卡倍亿","浙江","汽车配件","kby","创业板","20200824","林光耀","民营企业","SZSE","L","宁波卡倍亿电气技术股份有限公司","Ningbo KBE Electrical Technology Co.,Ltd."
"300864.SZ","300864","南大环境","江苏","环境保护","ndhj","创业板","20200824","南京大学","校办企业","SZSE","L","南京大学环境规划设计研究院集团股份公司","Academy of Environmental Planning and Design,Co.,Ltd.Nanjing University"
"300865.SZ","300865","大宏立","四川","专用机械","dhl","创业板","20200824","","","SZSE","L","成都大宏立机器股份有限公司","Chengdu Dahongli Machinery Co.,Ltd"
"300866.SZ","300866","安克创新","湖南","元器件","akcx","创业板","20200824","阳萌","民营企业","SZSE","L","安克创新科技股份有限公司","Anker Innovations Technology Co., Ltd."
"300867.SZ","300867","圣元环保","福建","环境保护","syhb","创业板","20200824","朱煜煊","民营企业","SZSE","L","圣元环保股份有限公司","Shengyuan Environmental Protection Co.,Ltd."
"300868.SZ","300868","杰美特","深圳","元器件","jmt","创业板","20200824","","","SZSE","L","深圳市杰美特科技股份有限公司","Shenzhen Jame Technology Corp., Ltd."
"300869.SZ","300869","康泰医学","河北","医疗保健","ktyx","创业板","20200824","","","SZSE","L","康泰医学系统(秦皇岛)股份有限公司","Contec Medical Systems Co.,Ltd"
"300870.SZ","300870","欧陆通","深圳","电气设备","olt","创业板","20200824","王合球","民营企业","SZSE","L","深圳欧陆通电子股份有限公司","Shenzhen Honor Electronic Co., Ltd"
"300871.SZ","300871","回盛生物","湖北","农业综合","hssw","创业板","20200824","张卫元","民营企业","SZSE","L","武汉回盛生物科技股份有限公司","Wuhan Hvsen Biotechnology Co.,Ltd."
"300872.SZ","300872","天阳科技","西藏","软件服务","tykj","创业板","20200824","欧阳建平","民营企业","SZSE","L","天阳宏业科技股份有限公司","Tansun Technology Co.,Ltd."
"300873.SZ","300873","海晨股份","江苏","仓储物流","hcgf","创业板","20200824","梁晨","民营企业","SZSE","L","江苏海晨物流股份有限公司","Hichain Logistics Co., Ltd."
"300875.SZ","300875","捷强装备","天津","专用机械","jqzb","创业板","20200824","潘峰","民营企业","SZSE","L","天津捷强动力装备股份有限公司","Tianjin Jieqiang Equipments Co.,Ltd."
"300876.SZ","300876","蒙泰高新","广东","化纤","mtgx","创业板","20200824","郭清海","民营企业","SZSE","L","广东蒙泰高新纤维股份有限公司","Guangdong Modern High-Tech Fiber Co., Ltd"
"300877.SZ","300877","金春股份","安徽","纺织","jcgf","创业板","20200824","杨迎春","民营企业","SZSE","L","安徽金春无纺布股份有限公司","AnHui Jinchun Nonwoven Co., Ltd."
"300878.SZ","300878","维康药业","浙江","中成药","wkyy","创业板","20200824","刘忠良","民营企业","SZSE","L","浙江维康药业股份有限公司","Zhejiang Wecome Pharmaceutical Company Limited"
"300879.SZ","300879","大叶股份","浙江","农用机械","dygf","创业板","20200901","叶晓波","民营企业","SZSE","L","宁波大叶园林设备股份有限公司","Ningbo Daye Garden Machinery Co.,Ltd."
"300880.SZ","300880","迦南智能","浙江","电器仪表","jnzn","创业板","20200901","章国耀","民营企业","SZSE","L","宁波迦南智能电气股份有限公司","Ningbo Jianan Electronics Co.,Ltd"
"300881.SZ","300881","盛德鑫泰","江苏","钢加工","sdxt","创业板","20200901","周文庆","民营企业","SZSE","L","盛德鑫泰新材料股份有限公司","Shengtak New Materials Co., Ltd."
"300882.SZ","300882","万胜智能","浙江","电器仪表","wszn","创业板","20200910","邬永强","民营企业","SZSE","L","浙江万胜智能科技股份有限公司","Zhejiang Wellsun Intelligent Technology Co.,Ltd."
"300883.SZ","300883","龙利得","安徽","造纸","lld","创业板","20200910","徐龙平","民营企业","SZSE","L","龙利得智能科技股份有限公司","LD Intelligent Technology Co., Ltd"
"300884.SZ","300884","狄耐克","福建","IT设备","dnk","创业板","20201112","缪国栋","民营企业","SZSE","L","厦门狄耐克智能科技股份有限公司","Dnake (Xiamen) Intelligent Technology Co., Ltd."
"300885.SZ","300885","海昌新材","江苏","机械基件","hcxc","创业板","20200910","周光荣","民营企业","SZSE","L","扬州海昌新材股份有限公司","Yangzhou Seashine New Materials Co.,Ltd."
"300886.SZ","300886","华业香料","安徽","化工原料","hyxl","创业板","20200916","","","SZSE","L","安徽华业香料股份有限公司","Anhui Hyea Aromas Co., Ltd."
"300887.SZ","300887","谱尼测试","北京","电器仪表","pncs","创业板","20200916","宋薇","民营企业","SZSE","L","谱尼测试集团股份有限公司","Pony Testing International Group Co., Ltd."
"300888.SZ","300888","稳健医疗","深圳","医疗保健","wjyl","创业板","20200917","李建全","民营企业","SZSE","L","稳健医疗用品股份有限公司","Winner Medical Co., Ltd."
"300889.SZ","300889","爱克股份","深圳","电气设备","akgf","创业板","20200916","谢明武","民营企业","SZSE","L","深圳爱克莱特科技股份有限公司","Shenzhen EXC-LED Technology Co.Ltd"
"300890.SZ","300890","翔丰华","上海","电气设备","xfh","创业板","20200917","","","SZSE","L","上海市翔丰华科技股份有限公司","Shanghai XFH Technology Co., Ltd"
"300891.SZ","300891","惠云钛业","广东","化工原料","hyty","创业板","20200917","钟镇光","民营企业","SZSE","L","广东惠云钛业股份有限公司","Guangdong Huiyun Titanium Industry Co., Ltd."
"300892.SZ","300892","品渥食品","上海","乳制品","pwsp","创业板","20200924","","","SZSE","L","品渥食品股份有限公司","Pinlive Foods Co.,Ltd."
"300893.SZ","300893","松原安全","浙江","汽车配件","syaq","创业板","20200924","胡铲明","民营企业","SZSE","L","浙江松原汽车安全系统股份有限公司","Zhejiang Songyuan Automotive Safety Systems Co.,Ltd."
"300894.SZ","300894","火星人","浙江","家用电器","hxr","创业板","20201231","黄卫斌","民营企业","SZSE","L","火星人厨具股份有限公司","Marssenger Kitchenware Co., Ltd."
"300895.SZ","300895","铜牛信息","北京","软件服务","tnxx","创业板","20200924","北京市人民政府国有资产监督管理委员会","地方国企","SZSE","L","北京铜牛信息科技股份有限公司","Beijing Topnew Info & Tech Co.,Ltd."
"300896.SZ","300896","爱美客","北京","医疗保健","amk","创业板","20200928","","","SZSE","L","爱美客技术发展股份有限公司","Imeik Technology Development Co.,Ltd."
"300897.SZ","300897","山科智能","浙江","电器仪表","skzn","创业板","20200928","钱炳炯","民营企业","SZSE","L","杭州山科智能科技股份有限公司","Hangzhou Seck Intelligent Technology Co.,Ltd."
"300898.SZ","300898","熊猫乳品","浙江","乳制品","xmrp","创业板","20201016","","","SZSE","L","熊猫乳品集团股份有限公司","Panda Dairy Corporation."
"300899.SZ","300899","*ST凯鑫","上海","环境保护","stkx","创业板","20201016","葛文越","民营企业","SZSE","L","上海凯鑫分离技术股份有限公司","Keysino Separation Technology Inc."
"300900.SZ","300900","广联航空","黑龙江","航空","glhk","创业板","20201029","王增夺","民营企业","SZSE","L","广联航空工业股份有限公司","Guanglian Aviation Industry Co., Ltd."
"300901.SZ","300901","中胤时尚","浙江","服饰","zyss","创业板","20201029","倪秀华","民营企业","SZSE","L","浙江中胤时尚股份有限公司","Zhejiang Zoenn Design Co., Ltd."
"300902.SZ","300902","国安达","福建","专用机械","gad","创业板","20201029","洪伟艺","民营企业","SZSE","L","国安达股份有限公司","Guoanda Co.,Ltd."
"300903.SZ","300903","科翔股份","广东","元器件","kxgf","创业板","20201105","郑晓蓉","民营企业","SZSE","L","广东科翔电子科技股份有限公司","Guangdong Kingshine Electronic Technology Co.,Ltd."
"300904.SZ","300904","威力传动","宁夏","电气设备","wlcd","创业板","20230809","李阿波","民营企业","SZSE","L","银川威力传动技术股份有限公司","Yinchuan Weili Transmission Technology Co., Ltd."
"300905.SZ","300905","宝丽迪","江苏","染料涂料","bld","创业板","20201105","徐毅明","民营企业","SZSE","L","苏州宝丽迪材料科技股份有限公司","Poly Plastic Masterbatch (Suzhou) Co., Ltd."
"300906.SZ","300906","日月明","江西","运输设备","rym","创业板","20201105","陶捷","民营企业","SZSE","L","江西日月明测控科技股份有限公司","Jiangxi Everbright Measurement and Control Technology Co.,Ltd"
"300907.SZ","300907","康平科技","江苏","电气设备","kpkj","创业板","20201118","江建平","民营企业","SZSE","L","康平科技(苏州)股份有限公司","Kangping Technology (Suzhou) Co., Ltd."
"300908.SZ","300908","仲景食品","河南","食品","zjsp","创业板","20201123","孙耀志","民营企业","SZSE","L","仲景食品股份有限公司","Zhongjing Food Co., Ltd."
"300909.SZ","300909","汇创达","深圳","元器件","hcd","创业板","20201118","李明","民营企业","SZSE","L","深圳市汇创达科技股份有限公司","Shenzhen Hui Chuang Da Technology Co., Ltd."
"300910.SZ","300910","瑞丰新材","河南","化工原料","rfxc","创业板","20201127","郭春萱","民营企业","SZSE","L","新乡市瑞丰新材料股份有限公司","Xinxiang Richful Lube Additive Co., Ltd."
"300911.SZ","300911","亿田智能","浙江","家用电器","ytzn","创业板","20201203","孙伟勇","民营企业","SZSE","L","浙江亿田智能厨电股份有限公司","Zhejiang Entive Smart Kitchen Appliance Co., Ltd."
"300912.SZ","300912","凯龙高科","江苏","汽车配件","klgk","创业板","20201207","臧志成","民营企业","SZSE","L","凯龙高科技股份有限公司","Kailong High Technology Co.,Ltd"
"300913.SZ","300913","兆龙互连","浙江","通信设备","zlhl","创业板","20201207","姚金龙","民营企业","SZSE","L","浙江兆龙互连科技股份有限公司","Zhejiang Zhaolong Interconnect Technology Co.,Ltd."
"300915.SZ","300915","海融科技","上海","乳制品","hrkj","创业板","20201202","黄海瑚","民营企业","SZSE","L","上海海融食品科技股份有限公司","Shanghai Hi-Road Food Technology Co., Ltd."
"300916.SZ","300916","朗特智能","深圳","元器件","ltzn","创业板","20201202","欧阳正良","民营企业","SZSE","L","深圳朗特智能控制股份有限公司","Shenzhen Longtech Smart Control Co., Ltd."
"300917.SZ","300917","特发服务","深圳","房产服务","tffw","创业板","20201221","深圳市人民政府国有资产监督管理委员会","地方国企","SZSE","L","深圳市特发服务股份有限公司","Shenzhen Sdg Service Co., Ltd."
"300918.SZ","300918","南山智尚","山东","纺织","nszs","创业板","20201222","龙口市东江街道南山村村民委员会","民营企业","SZSE","L","山东南山智尚科技股份有限公司","Shandong Nanshan Fashion Sci-Tech Co.,Ltd"
"300919.SZ","300919","中伟股份","贵州","电气设备","zwgf","创业板","20201223","邓伟明","民营企业","SZSE","L","中伟新材料股份有限公司","CNGR Advanced Material Co.,Ltd."
"300920.SZ","300920","润阳科技","浙江","塑料","rykj","创业板","20201225","杨庆锋","民营企业","SZSE","L","浙江润阳新材料科技股份有限公司","Zhejiang Runyang New Material Technology Co.,Ltd."
"300921.SZ","300921","南凌科技","深圳","互联网","nlkj","创业板","20201222","陈树林","民营企业","SZSE","L","南凌科技股份有限公司","Nova Technology Corporation Limited"
"300922.SZ","300922","天秦装备","河北","专用机械","tqzb","创业板","20201225","宋金锁","民营企业","SZSE","L","秦皇岛天秦装备制造股份有限公司","Qinhuangdao Tianqin Equipment Manufacturing Co.,Ltd."
"300923.SZ","300923","研奥股份","吉林","运输设备","yagf","创业板","20201224","李彪","民营企业","SZSE","L","研奥电气股份有限公司","Yeal Electric Co., Ltd."
"300925.SZ","300925","法本信息","深圳","软件服务","fbxx","创业板","20201230","严华","民营企业","SZSE","L","深圳市法本信息技术股份有限公司","Shenzhen Farben Information Technology Co.,Ltd."
"300926.SZ","300926","博俊科技","江苏","汽车配件","bjkj","创业板","20210107","伍亚林","民营企业","SZSE","L","江苏博俊工业科技股份有限公司","Jiangsu Bojun Industrial Technology Co., Ltd."
"300927.SZ","300927","江天化学","江苏","化工原料","jthx","创业板","20210107","江苏省南通市人民政府国有资产监督管理委员会","地方国企","SZSE","L","南通江天化学股份有限公司","Nantong Jiangtian Chemical Co.,Ltd."
"300928.SZ","300928","华安鑫创","北京","汽车配件","haxc","创业板","20210106","何攀","民营企业","SZSE","L","华安鑫创控股(北京)股份有限公司","HAXC Holdings(Beijing)Co.,Ltd."
"300929.SZ","300929","华骐环保","安徽","环境保护","hqhb","创业板","20210120","安徽工业大学","校办企业","SZSE","L","安徽华骐环保科技股份有限公司","Anhui Huaqi Environmental Protection & Technology Co.,Ltd."
"300930.SZ","300930","屹通新材","浙江","小金属","ytxc","创业板","20210121","汪志荣","民营企业","SZSE","L","杭州屹通新材料股份有限公司","Hang Zhou Yitong New Materials Co.,Ltd."
"300931.SZ","300931","通用电梯","江苏","运输设备","tydt","创业板","20210121","徐志明","民营企业","SZSE","L","通用电梯股份有限公司","General Elevator Co., Ltd"
"300932.SZ","300932","三友联众","广东","电气设备","sylz","创业板","20210122","宋朝阳","民营企业","SZSE","L","三友联众集团股份有限公司","Sanyou Corporation Limited"
"300933.SZ","300933","中辰股份","江苏","电气设备","zcgf","创业板","20210122","杜南平","民营企业","SZSE","L","中辰电缆股份有限公司","Sinostar Cable Co., Ltd."
"300935.SZ","300935","盈建科","北京","软件服务","yjk","创业板","20210120","陈岱林","民营企业","SZSE","L","北京盈建科软件股份有限公司","Beijing YJK Building Software Co.,Ltd."
"300936.SZ","300936","中英科技","江苏","元器件","zykj","创业板","20210126","俞卫忠","民营企业","SZSE","L","常州中英科技股份有限公司","Changzhou Zhongying Science & Technology Co., Ltd"
"300937.SZ","300937","药易购","四川","医药商业","yyg","创业板","20210127","李燕飞","民营企业","SZSE","L","四川合纵药易购医药股份有限公司","Sichuan Hezong Medicine Easy-To-Buy Pharmaceutical Co., Ltd."
"300938.SZ","300938","信测标准","深圳","电器仪表","xcbz","创业板","20210127","吕杰中","民营企业","SZSE","L","深圳信测标准技术服务股份有限公司","EMTEK (Shenzhen) Co.,Ltd."
"300939.SZ","300939","秋田微","深圳","元器件","qtw","创业板","20210128","黄志毅","民营企业","SZSE","L","深圳秋田微电子股份有限公司","Shenzhen AV-Display Co., Ltd."
"300940.SZ","300940","南极光","深圳","元器件","njg","创业板","20210203","姜发明","民营企业","SZSE","L","深圳市南极光电子科技股份有限公司","Shen Zhen Australis Electronic Technology Co.,Ltd."
"300941.SZ","300941","创识科技","福建","IT设备","cskj","创业板","20210209","张更生","民营企业","SZSE","L","福建创识科技股份有限公司","Chase Science Co., Ltd"
"300942.SZ","300942","易瑞生物","深圳","医疗保健","yrsw","创业板","20210209","朱海","民营企业","SZSE","L","深圳市易瑞生物技术股份有限公司","Shenzhen Bioeasy Biotechnology Co., Ltd."
"300943.SZ","300943","春晖智控","浙江","机械基件","chzk","创业板","20210210","杨广宇","民营企业","SZSE","L","浙江春晖智能控制股份有限公司","Zhejiang Chunhui Intelligent Control Co., Ltd."
"300945.SZ","300945","曼卡龙","浙江","服饰","mkl","创业板","20210210","孙松鹤","民营企业","SZSE","L","曼卡龙珠宝股份有限公司","Mclon Jewellery Company Limited"
"300946.SZ","300946","恒而达","福建","机械基件","hed","创业板","20210208","林正华","民营企业","SZSE","L","福建恒而达新材料股份有限公司","Hengerda New Materials (Fujian) Co., Ltd."
"300947.SZ","300947","德必集团","上海","房产服务","dbjt","创业板","20210210","贾波","民营企业","SZSE","L","上海德必文化创意产业发展(集团)股份有限公司","Shanghai Dobe Cultural&Creative Industry Development (Group) Co. Ltd"
"300948.SZ","300948","冠中生态","山东","环境保护","gzst","创业板","20210225","李春林","民营企业","SZSE","L","青岛冠中生态股份有限公司","Qingdao Greensum Ecology Co.,Ltd."
"300949.SZ","300949","奥雅股份","深圳","建筑工程","aygf","创业板","20210226","李宝章","民营企业","SZSE","L","深圳奥雅设计股份有限公司","Shenzhen L&A Design Holding Limited"
"300950.SZ","300950","德固特","山东","专用机械","dgt","创业板","20210303","魏振文","民营企业","SZSE","L","青岛德固特节能装备股份有限公司","Doright Co.,Ltd."
"300951.SZ","300951","博硕科技","深圳","元器件","bskj","创业板","20210226","徐思通","民营企业","SZSE","L","深圳市博硕科技股份有限公司","Shenzhen BSC Technology Co.,Ltd."
"300952.SZ","300952","恒辉安防","江苏","纺织","hhaf","创业板","20210311","王咸华","民营企业","SZSE","L","江苏恒辉安防集团股份有限公司","Jiangsu Hanvo Safety Product Co., Ltd."
"300953.SZ","300953","震裕科技","浙江","电气设备","zykj","创业板","20210318","蒋震林","民营企业","SZSE","L","宁波震裕科技股份有限公司","Ningbo Zhenyu Technology Co., Ltd."
"300955.SZ","300955","嘉亨家化","福建","日用化工","jhjh","创业板","20210324","曾本生","外资企业","SZSE","L","嘉亨家化股份有限公司","Jahen Household Products Co., Ltd."
"300956.SZ","300956","英力股份","安徽","元器件","ylgf","创业板","20210326","戴明","民营企业","SZSE","L","安徽英力电子科技股份有限公司","Anhui Shiny Electronic Technology Company Limited"
"300957.SZ","300957","贝泰妮","云南","日用化工","btn","创业板","20210325","GUO ZHENYU","外资企业","SZSE","L","云南贝泰妮生物科技集团股份有限公司","Yunnan Botanee Bio-Technology Group Co. Ltd"
"300958.SZ","300958","建工修复","北京","环境保护","jgxf","创业板","20210329","北京市人民政府国有资产监督管理委员会","地方国企","SZSE","L","北京建工环境修复股份有限公司","BCEG Environmental Remediation Co., Ltd."
"300959.SZ","300959","线上线下","江苏","电信运营","xsxx","创业板","20210322","汪坤","民营企业","SZSE","L","无锡线上线下通讯信息技术股份有限公司","Wuxi Online Offline Communication Information Technology Co., Ltd."
"300960.SZ","300960","通业科技","深圳","运输设备","tykj","创业板","20210329","","","SZSE","L","深圳通业科技股份有限公司","Shenzhen Tongye Technology Co.,Ltd."
"300961.SZ","300961","深水海纳","深圳","环境保护","sshn","创业板","20210330","李海波","民营企业","SZSE","L","深水海纳水务集团股份有限公司","Hynar Water Group Co., Ltd."
"300962.SZ","300962","中金辐照","深圳","医疗保健","zjfz","创业板","20210409","","","SZSE","L","中金辐照股份有限公司","Zhongjin Irradiation Incorporated Company"
"300963.SZ","300963","中洲特材","上海","小金属","zztc","创业板","20210409","冯明明","民营企业","SZSE","L","上海中洲特种合金材料股份有限公司","Shanghai Zhongzhou Special Alloy Materials Co.,Ltd."
"300964.SZ","300964","本川智能","江苏","元器件","bczn","创业板","20210805","董晓俊","民营企业","SZSE","L","江苏本川智能电路科技股份有限公司","Jiangsu Allfavor Intelligent Circuits Technology Co., Ltd."
"300965.SZ","300965","恒宇信通","北京","航空","hyxt","创业板","20210402","饶红松","民营企业","SZSE","L","恒宇信通航空装备(北京)股份有限公司","Beijing Hengyu Datacom Aviation Equipment Co., Ltd"
"300966.SZ","300966","共同药业","湖北","化学制药","gtyy","创业板","20210409","系祖斌","民营企业","SZSE","L","湖北共同药业股份有限公司","Hubei Goto Biopharm Co.,Ltd."
"300967.SZ","300967","晓鸣股份","宁夏","农业综合","xmgf","创业板","20210413","","","SZSE","L","宁夏晓鸣农牧股份有限公司","Ningxia Xiaoming Agriculture & Animal Husbandry Co., Ltd"
"300968.SZ","300968","格林精密","广东","元器件","gljm","创业板","20210415","吴宝玉","民营企业","SZSE","L","广东格林精密部件股份有限公司","Guangdong Green Precision Components Co., Ltd"
"300969.SZ","300969","恒帅股份","浙江","汽车配件","hsgf","创业板","20210412","许宁宁","民营企业","SZSE","L","宁波恒帅股份有限公司","Ningbo Hengshuai Co.,Ltd."
"300970.SZ","300970","华绿生物","江苏","种植业","hlsw","创业板","20210412","余养朝","民营企业","SZSE","L","江苏华绿生物科技集团股份有限公司","Jiangsu Chinagreen Biological Technology Group Co.,Ltd."
"300971.SZ","300971","博亚精工","湖北","机械基件","byjg","创业板","20210415","李文喜","民营企业","SZSE","L","襄阳博亚精工装备股份有限公司","Xiangyang BOYA Precision Industrial Equipments Co., Ltd."
"300972.SZ","300972","万辰集团","福建","食品","wcjt","创业板","20210419","王泽宁","民营企业","SZSE","L","福建万辰生物科技集团股份有限公司","Fujian Wanchen Biotechnology Group Co.,Ltd."
"300973.SZ","300973","立高食品","广东","食品","lgsp","创业板","20210415","彭裕辉","民营企业","SZSE","L","立高食品股份有限公司","Ligao Foods Co.,Ltd."
"300975.SZ","300975","商络电子","江苏","元器件","sldz","创业板","20210421","沙宏志","民营企业","SZSE","L","南京商络电子股份有限公司","Nanjing Sunlord Electronics Corporation Ltd."
"300976.SZ","300976","达瑞电子","广东","元器件","drdz","创业板","20210419","李清平","民营企业","SZSE","L","东莞市达瑞电子股份有限公司","Dongguan Tarry Electronics Co.,Ltd."
"300977.SZ","300977","深圳瑞捷","深圳","建筑工程","szrj","创业板","20210420","黄新华","民营企业","SZSE","L","深圳瑞捷技术股份有限公司","Shenzhen Ridge Technology Co., Ltd"
"300978.SZ","300978","东箭科技","广东","汽车配件","djkj","创业板","20210426","","","SZSE","L","广东东箭汽车科技股份有限公司","Winbo-Dongjian Automotive Technology Co., Ltd."
"300979.SZ","300979","华利集团","广东","服饰","hljt","创业板","20210426","张聪渊","外资企业","SZSE","L","中山华利实业集团股份有限公司","Huali Industrial Group Company Limited"
"300980.SZ","300980","祥源新材","湖北","塑料","xyxc","创业板","20210421","魏志祥","民营企业","SZSE","L","湖北祥源新材科技股份有限公司","Hubei Xiangyuan New Material Technology Inc."
"300981.SZ","300981","中红医疗","河北","医疗保健","zhyl","创业板","20210427","厦门市人民政府国有资产监督管理委员会","地方国企","SZSE","L","中红普林医疗用品股份有限公司","Zhonghong Pulin Medical Products Co.,Ltd."
"300982.SZ","300982","苏文电能","江苏","建筑工程","swdn","创业板","20210427","施小波","民营企业","SZSE","L","苏文电能科技股份有限公司","Suwen Electric Energy Technology Co.,Ltd."
"300983.SZ","300983","尤安设计","上海","建筑工程","yasj","创业板","20210420","陈磊","民营企业","SZSE","L","上海尤安建筑设计股份有限公司","Shanghai Urban Architecture Design Co.,Ltd."
"300984.SZ","300984","金沃股份","浙江","机械基件","jwgf","创业板","20210618","郑立成","民营企业","SZSE","L","浙江金沃精工股份有限公司","Zhejiang Jw Precision Machinery Co., Ltd."
"300985.SZ","300985","致远新能","吉林","汽车配件","zyxn","创业板","20210429","张远","民营企业","SZSE","L","长春致远新能源装备股份有限公司","Changchun Zhiyuan New Energy Equipment Co., Ltd."
"300986.SZ","300986","志特新材","江西","建筑工程","ztxc","创业板","20210430","高渭泉","民营企业","SZSE","L","江西志特新材料股份有限公司","Jiangxi Geto New Materials Corporation Limited"
"300987.SZ","300987","川网传媒","四川","互联网","cwcm","创业板","20210511","中国共产党四川省委员会宣传部","地方国企","SZSE","L","四川新闻网传媒(集团)股份有限公司","Sichuan Newsnet Media (Group) Co.,Ltd"
"300988.SZ","300988","津荣天宇","天津","机械基件","jrty","创业板","20210512","孙兴文","民营企业","SZSE","L","天津津荣天宇精密机械股份有限公司","Tianjin Jinrong Tianyu Precision Machinery Inc."
"300989.SZ","300989","蕾奥规划","深圳","建筑工程","lagh","创业板","20210507","王富海","民营企业","SZSE","L","深圳市蕾奥规划设计咨询股份有限公司","LAY-OUT Planning Consultants Co., Ltd."
"300990.SZ","300990","同飞股份","河北","专用机械","tfgf","创业板","20210512","张国山","民营企业","SZSE","L","三河同飞制冷股份有限公司","Sanhe Tongfei Refrigeration Co., Ltd."
"300991.SZ","300991","创益通","深圳","元器件","cyt","创业板","20210520","张建明","民营企业","SZSE","L","深圳市创益通技术股份有限公司","Shenzhen Chuangyitong Technology Co.,Ltd."
"300992.SZ","300992","泰福泵业","浙江","机械基件","tfby","创业板","20210525","陈宜文","民营企业","SZSE","L","浙江泰福泵业股份有限公司","Zhejiang Taifu Pump Co.,Ltd."
"300993.SZ","300993","玉马科技","山东","家居用品","ymkj","创业板","20210524","孙承志","民营企业","SZSE","L","山东玉马遮阳科技股份有限公司","Shandong Yuma Sun-Shading Technology Corp.,Ltd."
"300994.SZ","300994","久祺股份","浙江","文教休闲","jqgf","创业板","20210812","李政","民营企业","SZSE","L","久祺股份有限公司","Joy Kie Corporation Limited"
"300995.SZ","300995","奇德新材","广东","塑料","qdxc","创业板","20210526","饶德生","民营企业","SZSE","L","广东奇德新材料股份有限公司","Guangdong Kitech New Material Holding Co.,Ltd."
"300996.SZ","300996","普联软件","山东","软件服务","plrj","创业板","20210603","蔺国强","民营企业","SZSE","L","普联软件股份有限公司","Pansoft Company Limited"
"300997.SZ","300997","欢乐家","广东","软饮料","hlj","创业板","20210602","李兴","民营企业","SZSE","L","欢乐家食品集团股份有限公司","Huanlejia Food Group Co.,Ltd."
"300998.SZ","300998","宁波方正","浙江","专用机械","nbfz","创业板","20210602","方永杰","民营企业","SZSE","L","宁波方正汽车模具股份有限公司","Ningbo Fangzheng Automobile Mould Co., Ltd."
"300999.SZ","300999","金龙鱼","上海","食品","jly","创业板","20201015","无实际控制人","无","SZSE","L","益海嘉里金龙鱼食品集团股份有限公司","Yihai Kerry Arawana Holdings Co.,Ltd"
"301000.SZ","301000","肇民科技","上海","汽车配件","zmkj","创业板","20210528","邵雄辉","民营企业","SZSE","L","上海肇民新材料科技股份有限公司","Shanghai Hajime Advanced Material Technology Co., Ltd."
"301001.SZ","301001","凯淳股份","上海","互联网","kcgf","创业板","20210528","王莉","民营企业","SZSE","L","上海凯淳实业股份有限公司","Shanghai Kaytune Industrial Co., Ltd."
"301002.SZ","301002","崧盛股份","深圳","电气设备","ssgf","创业板","20210607","田年斌","民营企业","SZSE","L","深圳市崧盛电子股份有限公司","Shenzhen Sosen Electronics Co.,Ltd."
"301003.SZ","301003","江苏博云","江苏","塑料","jsby","创业板","20210601","吕锋","民营企业","SZSE","L","江苏博云塑业股份有限公司","Jiangsu Boiln Plastics Co., Ltd."
"301004.SZ","301004","嘉益股份","浙江","家居用品","jygf","创业板","20210625","戚兴华","民营企业","SZSE","L","浙江嘉益保温科技股份有限公司","Zhejiang Cayi Vacuum Container Co., Ltd."
"301005.SZ","301005","超捷股份","上海","汽车配件","cjgf","创业板","20210601","宋广东","民营企业","SZSE","L","超捷紧固系统(上海)股份有限公司","Essence Fastening Systems (Shanghai) Co., Ltd."
"301006.SZ","301006","迈拓股份","江苏","电器仪表","mtgf","创业板","20210607","孙卫国","民营企业","SZSE","L","迈拓仪表股份有限公司","Meter Instruments Co., Ltd."
"301007.SZ","301007","德迈仕","辽宁","汽车配件","dms","创业板","20210616","何建平","民营企业","SZSE","L","大连德迈仕精密科技股份有限公司","Dalian Demaishi Precision Technology Co.,Ltd."
"301008.SZ","301008","宏昌科技","浙江","家用电器","hckj","创业板","20210611","陆宝宏","民营企业","SZSE","L","浙江宏昌电器科技股份有限公司","Zhejiang Hongchang Electrical Technology Co., Ltd."
"301009.SZ","301009","可靠股份","浙江","造纸","kkgf","创业板","20210617","金利伟","民营企业","SZSE","L","杭州可靠护理用品股份有限公司","Hangzhou Coco Healthcare Products Co., Ltd."
"301010.SZ","301010","晶雪节能","江苏","其他建材","jxjn","创业板","20210618","贾富忠","民营企业","SZSE","L","江苏晶雪节能科技股份有限公司","Jiangsu Jingxue Insulation Technology Co.,Ltd."
"301011.SZ","301011","华立科技","广东","文教休闲","hlkj","创业板","20210617","苏本立","外资企业","SZSE","L","广州华立科技股份有限公司","Guangzhou Wahlap Technology Corporation Limited"
"301012.SZ","301012","扬电科技","江苏","电气设备","ydkj","创业板","20210622","程俊明","民营企业","SZSE","L","江苏扬电科技股份有限公司","Jiangsu Yangdian Science & Technology Co. Ltd."
"301013.SZ","301013","利和兴","深圳","专用机械","lhx","创业板","20210629","林宜潘","民营企业","SZSE","L","深圳市利和兴股份有限公司","Shenzhen Lihexing Co.,Ltd."
"301015.SZ","301015","百洋医药","山东","医药商业","byyy","创业板","20210630","","","SZSE","L","青岛百洋医药股份有限公司","Qingdao Baheal Medical Inc."
"301016.SZ","301016","雷尔伟","江苏","运输设备","lew","创业板","20210630","刘俊","民营企业","SZSE","L","南京雷尔伟新技术股份有限公司","Nanjing Railway New Technology Co., Ltd."
"301017.SZ","301017","漱玉平民","山东","医药商业","sypm","创业板","20210705","","","SZSE","L","漱玉平民大药房连锁股份有限公司","Shu Yu Civilian Pharmacy Corp.,Ltd."
"301018.SZ","301018","申菱环境","广东","专用机械","slhj","创业板","20210707","崔颖琦","民营企业","SZSE","L","广东申菱环境系统股份有限公司","Guangdong Shenling Environmental Systems Co., Ltd."
"301019.SZ","301019","宁波色母","浙江","塑料","nbsm","创业板","20210628","任卫庆","民营企业","SZSE","L","宁波色母粒股份有限公司","Ningbo Color Master Batch Co., Ltd."
"301020.SZ","301020","密封科技","山东","汽车配件","mfkj","创业板","20210706","","","SZSE","L","烟台石川密封科技股份有限公司","Yantai Ishikawa Sealing Technology Co.,Ltd."
"301021.SZ","301021","英诺激光","深圳","专用机械","ynjg","创业板","20210706","赵晓杰","外资企业","SZSE","L","英诺激光科技股份有限公司","Inno Laser Technology Co., Ltd."
"301022.SZ","301022","海泰科","山东","专用机械","htk","创业板","20210702","孙文强","民营企业","SZSE","L","青岛海泰科模塑科技股份有限公司","Qingdao Hi-Tech Moulds&Plastics Technology Co., Ltd."
"301023.SZ","301023","江南奕帆","江苏","电气设备","jnyf","创业板","20210707","刘锦成","民营企业","SZSE","L","无锡江南奕帆电力传动科技股份有限公司","Jiangnan Yifan Motor Co.,Ltd"
"301024.SZ","301024","霍普股份","上海","建筑工程","hpgf","创业板","20210728","龚俊","民营企业","SZSE","L","上海霍普建筑设计事务所股份有限公司","Shanghai Hyp-Arch Architectural Design Consultant Co., Ltd."
"301025.SZ","301025","读客文化","上海","出版业","dkwh","创业板","20210719","华楠","民营企业","SZSE","L","读客文化股份有限公司","Dook Media Group Limited."
"301026.SZ","301026","浩通科技","江苏","小金属","htkj","创业板","20210716","夏军","民营企业","SZSE","L","徐州浩通新材料科技股份有限公司","Hootech Inc."
"301027.SZ","301027","华蓝集团","广西","建筑工程","hljt","创业板","20210715","雷翔","民营企业","SZSE","L","华蓝集团股份公司","Hualan Group Co., Ltd"
"301028.SZ","301028","东亚机械","福建","专用机械","dyjx","创业板","20210720","韩萤焕","民营企业","SZSE","L","厦门东亚机械工业股份有限公司","Xiamen East Asia Machinery Industrial Co., Ltd"
"301029.SZ","301029","怡合达","广东","专用机械","yhd","创业板","20210723","金立国","民营企业","SZSE","L","东莞怡合达自动化股份有限公司","Dongguan Yiheda Automation Co., Ltd."
"301030.SZ","301030","仕净科技","江苏","环境保护","sjkj","创业板","20210722","朱叶","民营企业","SZSE","L","苏州仕净科技股份有限公司","Suzhou Shijing Environmental Technology Co., Ltd."
"301031.SZ","301031","中熔电气","陕西","电气设备","zrdq","创业板","20210715","方广文","民营企业","SZSE","L","西安中熔电气股份有限公司","Xi'an Sinofuse Electric Co., Ltd."
"301032.SZ","301032","新柴股份","浙江","工程机械","xcgf","创业板","20210722","仇建平","民营企业","SZSE","L","浙江新柴股份有限公司","Zhejiang Xinchai Co.,Ltd"
"301033.SZ","301033","迈普医学","广东","医疗保健","mpyx","创业板","20210726","袁玉宇","民营企业","SZSE","L","广州迈普再生医学科技股份有限公司","Medprin Regenerative Medical Technologies Co.,Ltd."
"301035.SZ","301035","润丰股份","山东","农药化肥","rfgf","创业板","20210728","","","SZSE","L","山东潍坊润丰化工股份有限公司","Shandong Weifang Rainbow Chemical Co., Ltd."
"301036.SZ","301036","双乐股份","江苏","染料涂料","slgf","创业板","20210729","杨汉洲","民营企业","SZSE","L","双乐颜料股份有限公司","Sunlour Pigment Co.,Ltd"
"301037.SZ","301037","保立佳","上海","染料涂料","blj","创业板","20210730","杨文瑜","民营企业","SZSE","L","上海保立佳化工股份有限公司","Shanghai Baolijia Chemical Co., Ltd."
"301038.SZ","301038","深水规院","深圳","建筑工程","ssgy","创业板","20210804","深圳市投资控股有限公司","地方国企","SZSE","L","深圳市水务规划设计院股份有限公司","Shenzhen Water Planning & Design Institute Co.,Ltd."
"301039.SZ","301039","中集车辆","深圳","汽车整车","zjcl","创业板","20210708","无实际控制人","无","SZSE","L","中集车辆(集团)股份有限公司","Cimc Vehicles (Group) Co., Ltd."
"301040.SZ","301040","中环海陆","江苏","机械基件","zhhl","创业板","20210803","","","SZSE","L","张家港中环海陆高端装备股份有限公司","Zhangjiagang Zhonghuan Hailu High-End Equipment Co., Ltd."
"301041.SZ","301041","金百泽","深圳","元器件","jbz","创业板","20210811","武守坤","民营企业","SZSE","L","深圳市金百泽电子科技股份有限公司","Shenzhen King Brother Electronics Technology Co.,Ltd."
"301042.SZ","301042","安联锐视","广东","IT设备","alrs","创业板","20210805","徐进","民营企业","SZSE","L","珠海安联锐视科技股份有限公司","Zhuhai Raysharp Technology Co.,Ltd."
"301043.SZ","301043","绿岛风","广东","机械基件","ldf","创业板","20210811","李清泉","民营企业","SZSE","L","广东绿岛风空气系统股份有限公司","Guangdong Nedfon Air System Co., Ltd."
"301045.SZ","301045","天禄科技","江苏","元器件","tlkj","创业板","20210813","陈凌","民营企业","SZSE","L","苏州天禄光科技股份有限公司","Talant Optronics (Suzhou) Co., Ltd."
"301046.SZ","301046","能辉科技","上海","建筑工程","nhkj","创业板","20210817","罗传奎","民营企业","SZSE","L","上海能辉科技股份有限公司","Shanghai Nenghui Technology Co.,Ltd."
"301047.SZ","301047","义翘神州","北京","生物制药","yqsz","创业板","20210816","谢良志","民营企业","SZSE","L","北京义翘神州科技股份有限公司","Sino Biological,Inc."
"301048.SZ","301048","金鹰重工","湖北","运输设备","jyzg","创业板","20210818","中国国家铁路集团有限公司","中央国企","SZSE","L","金鹰重型工程机械股份有限公司","Gemac Engineering Machinery Co., Ltd."
"301049.SZ","301049","超越科技","安徽","环境保护","cykj","创业板","20210824","高志江","民营企业","SZSE","L","安徽超越环保科技股份有限公司","Anhui Chaoyue Environmental Protection Technology Co.,Ltd"
"301050.SZ","301050","雷电微力","四川","航空","ldwl","创业板","20210824","邓洁茹","民营企业","SZSE","L","成都雷电微力科技股份有限公司","Chengdu RML Technology Co., Ltd"
"301051.SZ","301051","信濠光电","深圳","元器件","xhgd","创业板","20210827","无实际控制人","无","SZSE","L","深圳市信濠光电科技股份有限公司","Shenzhen Xinhao Photoelectricity Technology Co., Ltd"
"301052.SZ","301052","果麦文化","浙江","出版业","gmwh","创业板","20210830","路金波","民营企业","SZSE","L","果麦文化传媒股份有限公司","Goldmye Inc."
"301053.SZ","301053","远信工业","浙江","专用机械","yxgy","创业板","20210901","陈少军","民营企业","SZSE","L","远信工业股份有限公司","Yoantion Industrial Inc.,Ltd."
"301055.SZ","301055","张小泉","浙江","家居用品","zxq","创业板","20210906","张国标","民营企业","SZSE","L","张小泉股份有限公司","Zhang Xiaoquan Inc."
"301056.SZ","301056","森赫股份","浙江","运输设备","shgf","创业板","20210907","李东流","民营企业","SZSE","L","森赫电梯股份有限公司","Sicher Elevator Co., Ltd."
"301057.SZ","301057","汇隆新材","浙江","化纤","hlxc","创业板","20210909","沈顺华","民营企业","SZSE","L","浙江汇隆新材料股份有限公司","Zhejiang Huilong New Materials Co.,Ltd."
"301058.SZ","301058","中粮科工","江苏","建筑工程","zlkg","创业板","20210909","中粮集团有限公司","中央国企","SZSE","L","中粮科工股份有限公司","Cofco Technology & Industry Co.,Ltd."
"301059.SZ","301059","金三江","广东","化工原料","jsj","创业板","20210913","赵国法","民营企业","SZSE","L","金三江(肇庆)硅材料股份有限公司","Jinsanjiang (Zhaoqing) Silicon Material Company Limited"
"301060.SZ","301060","兰卫医学","上海","医疗保健","lwyx","创业板","20210913","曾伟雄","民营企业","SZSE","L","上海兰卫医学检验所股份有限公司","Shanghai Labway Clinical Laboratory Co.,Ltd"
"301061.SZ","301061","匠心家居","江苏","家居用品","jxjj","创业板","20210913","李小勤","民营企业","SZSE","L","常州匠心独具智能家居股份有限公司","Motomotion China Corporation"
"301062.SZ","301062","上海艾录","上海","广告包装","shal","创业板","20210914","陈安康","民营企业","SZSE","L","上海艾录包装股份有限公司","Shanghai Ailu Package Co.,Ltd."
"301063.SZ","301063","海锅股份","江苏","电气设备","hggf","创业板","20210924","盛雪华","民营企业","SZSE","L","张家港海锅新能源装备股份有限公司","Zhangjiagang Haiguo New Energy Equipment Manufacturing Co., Ltd"
"301065.SZ","301065","本立科技","浙江","化学制药","blkj","创业板","20210914","吴政杰","民营企业","SZSE","L","浙江本立科技股份有限公司","Zhejiang Benli Technology Co.,Ltd."
"301066.SZ","301066","万事利","浙江","纺织","wsl","创业板","20210922","李建华","民营企业","SZSE","L","杭州万事利丝绸文化股份有限公司","Hangzhou Wensli Silk Culture Co., Ltd."
"301067.SZ","301067","显盈科技","深圳","元器件","xykj","创业板","20210922","林涓","民营企业","SZSE","L","深圳市显盈科技股份有限公司","Fullink Technology Co., Ltd."
"301068.SZ","301068","大地海洋","浙江","环境保护","ddhy","创业板","20210928","唐伟忠","民营企业","SZSE","L","杭州大地海洋环保股份有限公司","Hangzhou Dadi Haiyang Environmental Protection Co., Ltd"
"301069.SZ","301069","凯盛新材","山东","化工原料","ksxc","创业板","20210927","张松山","民营企业","SZSE","L","山东凯盛新材料股份有限公司","Shandong Kaisheng New Materials Co.,Ltd"
"301070.SZ","301070","开勒股份","上海","机械基件","klgf","创业板","20210923","卢小波","民营企业","SZSE","L","开勒环境科技(上海)股份有限公司","Kale Environment Technology (Shanghai) Co., Ltd"
"301071.SZ","301071","力量钻石","河南","矿物制品","llzs","创业板","20210924","邵增明","民营企业","SZSE","L","河南省力量钻石股份有限公司","Henan Province Liliang Diamond Co., Ltd."
"301072.SZ","301072","中捷精工","江苏","汽车配件","zjjg","创业板","20210929","魏忠","民营企业","SZSE","L","江苏中捷精工科技股份有限公司","Zhongjie (Jiangsu) Technology Co.,Ltd"
"301073.SZ","301073","君亭酒店","浙江","酒店餐饮","jtjd","创业板","20210930","","","SZSE","L","君亭酒店集团股份有限公司","SSAW Hotels & Resorts Group Co.,Ltd."
"301075.SZ","301075","多瑞医药","西藏","化学制药","dryy","创业板","20210929","邓勇","民营企业","SZSE","L","西藏多瑞医药股份有限公司","Tibet Duo Rui Pharmaceutical Co., Ltd."
"301076.SZ","301076","新瀚新材","江苏","化工原料","xhxc","创业板","20211011","","","SZSE","L","江苏新瀚新材料股份有限公司","Sino-High (China) Co., Ltd"
"301077.SZ","301077","星华新材","浙江","化工原料","xhxc","创业板","20210930","王世杰","民营企业","SZSE","L","浙江星华新材料集团股份有限公司","Zhejiang Chinastars New Materials Group Co., Ltd."
"301078.SZ","301078","孩子王","江苏","其他商业","hzw","创业板","20211014","汪建国","民营企业","SZSE","L","孩子王儿童用品股份有限公司","Kidswant Children Products Co., Ltd"
"301079.SZ","301079","邵阳液压","湖南","机械基件","syyy","创业板","20211019","粟武洪","民营企业","SZSE","L","邵阳维克液压股份有限公司","Shaoyang Victor Hydraulics Co.,Ltd"
"301080.SZ","301080","百普赛斯","北京","生物制药","bpss","创业板","20211018","陈宜顶","民营企业","SZSE","L","北京百普赛斯生物科技股份有限公司","Acrobiosystems Co., Ltd"
"301081.SZ","301081","严牌股份","浙江","环境保护","ypgf","创业板","20211020","孙尚泽","民营企业","SZSE","L","浙江严牌过滤技术股份有限公司","Yanpai Filtration Technology Co., Ltd."
"301082.SZ","301082","久盛电气","浙江","电气设备","jsdq","创业板","20211027","张建华","民营企业","SZSE","L","久盛电气股份有限公司","Jiusheng Electric Co., Ltd."
"301083.SZ","301083","百胜智能","江西","专用机械","bszn","创业板","20211021","刘润根","民营企业","SZSE","L","江西百胜智能科技股份有限公司","JiangXi BaiSheng Intelligent Technology Co.,Ltd."
"301085.SZ","301085","亚康股份","北京","软件服务","ykgf","创业板","20211018","徐江","民营企业","SZSE","L","北京亚康万玮信息技术股份有限公司","Beijing Asiacom Information Technology Co., Ltd"
"301086.SZ","301086","鸿富瀚","深圳","元器件","hfh","创业板","20211020","张定武","民营企业","SZSE","L","深圳市鸿富瀚科技股份有限公司","Shenzhen Hongfuhan Technology Co.,Ltd."
"301087.SZ","301087","可孚医疗","湖南","医疗保健","kfyl","创业板","20211025","张敏","民营企业","SZSE","L","可孚医疗科技股份有限公司","Cofoe Medical Technology Co.,Ltd."
"301088.SZ","301088","戎美股份","江苏","服饰","rmgf","创业板","20211028","郭健","民营企业","SZSE","L","日禾戎美股份有限公司","Rumere Co.,Ltd."
"301089.SZ","301089","拓新药业","河南","化学制药","txyy","创业板","20211027","杨西宁","民营企业","SZSE","L","拓新药业集团股份有限公司","Tuoxin Pharmaceutical Group Co.,Ltd."
"301090.SZ","301090","华润材料","江苏","化工原料","hrcl","创业板","20211026","中国华润有限公司","中央国企","SZSE","L","华润化学材料科技股份有限公司","China Resources Chemical Innovative Materials Co., Ltd."
"301091.SZ","301091","深城交","深圳","建筑工程","scj","创业板","20211029","深圳市人民政府国有资产监督管理委员会","地方国企","SZSE","L","深圳市城市交通规划设计研究中心股份有限公司","Shenzhen Urban Transport Planning Center Co.,Ltd."
"301092.SZ","301092","争光股份","浙江","化工原料","zggf","创业板","20211102","沈建华","民营企业","SZSE","L","浙江争光实业股份有限公司","Zhejiang Zhengguang Industrial Co., Ltd."
"301093.SZ","301093","华兰股份","江苏","医疗保健","hlgf","创业板","20211101","华国平","民营企业","SZSE","L","江苏华兰药用新材料股份有限公司","Jiangsu Hualan New Pharmaceutical Material Co., Ltd."
"301095.SZ","301095","广立微","浙江","半导体","glw","创业板","20220805","郑勇军","民营企业","SZSE","L","杭州广立微电子股份有限公司","Semitronix Corporation"
"301096.SZ","301096","百诚医药","浙江","医疗保健","bcyy","创业板","20211220","楼金芳","民营企业","SZSE","L","杭州百诚医药科技股份有限公司","Hangzhou Bio-Sincerity Pharma-Tech Co.,Ltd."
"301097.SZ","301097","天益医疗","浙江","医疗保健","tyyl","创业板","20220407","吴志敏","民营企业","SZSE","L","宁波天益医疗器械股份有限公司","Ningbo Tianyi Medical Appliance Co.,Ltd."
"301098.SZ","301098","金埔园林","江苏","建筑工程","jpyl","创业板","20211112","王宜森","民营企业","SZSE","L","金埔园林股份有限公司","Jinpu Landscape Architecture Co.,Ltd."
"301099.SZ","301099","雅创电子","上海","元器件","ycdz","创业板","20211122","谢力书","民营企业","SZSE","L","上海雅创电子集团股份有限公司","Shanghai Yct Electronics Group Co.,Ltd"
"301100.SZ","301100","风光股份","辽宁","化工原料","fggf","创业板","20211217","王磊","民营企业","SZSE","L","营口风光新材料股份有限公司","Yingkou Fengguang Advanced Material Co.,Ltd"
"301101.SZ","301101","明月镜片","江苏","文教休闲","myjp","创业板","20211216","谢公晚","民营企业","SZSE","L","明月镜片股份有限公司","Mingyue Optical Lens Co.,Ltd."
"301102.SZ","301102","兆讯传媒","天津","广告包装","zxcm","创业板","20220328","苏壮强","外资企业","SZSE","L","兆讯传媒广告股份有限公司","Mega-Info Media Co.,Ltd."
"301103.SZ","301103","何氏眼科","辽宁","医疗保健","hsyk","创业板","20220322","何伟","民营企业","SZSE","L","辽宁何氏眼科医院集团股份有限公司","Liaoning He Eye Hospital Group Co., Ltd."
"301105.SZ","301105","鸿铭股份","广东","专用机械","hmgf","创业板","20221230","金健","民营企业","SZSE","L","广东鸿铭智能股份有限公司","Guang Dong Hong Ming Intelligent Joint Stock Co.,Ltd."
"301106.SZ","301106","骏成科技","江苏","元器件","jckj","创业板","20220128","应发祥","民营企业","SZSE","L","江苏骏成电子科技股份有限公司","Jiangsu Smartwin Electronics Technology Co.,Ltd."
"301107.SZ","301107","瑜欣电子","重庆","机械基件","yxdz","创业板","20220524","胡欣睿","民营企业","SZSE","L","重庆瑜欣平瑞电子股份有限公司","Chongqing Yuxin Pingrui Electronic Co.,Ltd"
"301108.SZ","301108","洁雅股份","安徽","日用化工","jygf","创业板","20211203","蔡英传","民营企业","SZSE","L","铜陵洁雅生物科技股份有限公司","Tongling Jieya Biologic Technology Co.,Ltd."
"301109.SZ","301109","军信股份","湖南","环境保护","jxgf","创业板","20220413","戴道国","民营企业","SZSE","L","湖南军信环保股份有限公司","Hunan Junxin Environmental Protection Co., Ltd."
"301110.SZ","301110","青木科技","广东","互联网","qmkj","创业板","20220311","吕斌","民营企业","SZSE","L","青木科技股份有限公司","Qingmu Tec Co., Ltd."
"301111.SZ","301111","粤万年青","广东","中成药","ywnq","创业板","20211207","欧先涛","民营企业","SZSE","L","广东万年青制药股份有限公司","Guangdong Lifestrong Pharmacy Co., Ltd."
"301112.SZ","301112","信邦智能","广东","专用机械","xbzn","创业板","20220629","李罡","民营企业","SZSE","L","广州信邦智能装备股份有限公司","United Faith Auto-Engineering Co., Ltd."
"301113.SZ","301113","雅艺科技","浙江","家居用品","yykj","创业板","20211222","叶跃庭","民营企业","SZSE","L","浙江雅艺金属科技股份有限公司","Zhe Jiang Yayi Metal Technology Co.,Ltd"
"301115.SZ","301115","联检科技","江苏","建筑工程","ljkj","创业板","20220831","杨江金","民营企业","SZSE","L","联检(江苏)科技股份有限公司","United Testing Inspection&Certification Technology Co.,Ltd"
"301116.SZ","301116","益客食品","江苏","食品","yksp","创业板","20220118","田立余","民营企业","SZSE","L","江苏益客食品集团股份有限公司","Jiangsu Yike Food Group Co.,Ltd"
"301117.SZ","301117","佳缘科技","四川","软件服务","jykj","创业板","20220117","王进","民营企业","SZSE","L","佳缘科技股份有限公司","Jiayuan Science and Technology Co.,Ltd."
"301118.SZ","301118","恒光股份","湖南","化工原料","hggf","创业板","20211118","曹立祥","民营企业","SZSE","L","湖南恒光科技股份有限公司","Hunan Hengguang Technology Co.,Ltd."
"301119.SZ","301119","正强股份","浙江","汽车配件","zqgf","创业板","20211122","许正庆","民营企业","SZSE","L","杭州正强传动股份有限公司","Hangzhou Zhengqiang Corporation Limited"
"301120.SZ","301120","新特电气","北京","电气设备","xtdq","创业板","20220419","谭勇","民营企业","SZSE","L","新华都特种电气股份有限公司","Newonder Special Electric Co.,Ltd"
"301121.SZ","301121","紫建电子","重庆","电气设备","zjdz","创业板","20220808","朱传钦","民营企业","SZSE","L","重庆市紫建电子股份有限公司","Chongqing VDL Electronics Co., Ltd."
"301122.SZ","301122","采纳股份","江苏","医疗保健","cngf","创业板","20220126","陆军","民营企业","SZSE","L","采纳科技股份有限公司","Caina Technology Co., Ltd."
"301123.SZ","301123","奕东电子","广东","元器件","yddz","创业板","20220125","邓玉泉","民营企业","SZSE","L","奕东电子科技股份有限公司","Yd Electronic Technology Co.,Ltd."
"301125.SZ","301125","腾亚精工","江苏","机械基件","tyjg","创业板","20220608","乐清勇","民营企业","SZSE","L","南京腾亚精工科技股份有限公司","Nanjing Toua Hardware&Tools Co.,Ltd"
"301126.SZ","301126","达嘉维康","湖南","医药商业","djwk","创业板","20211207","王毅清","民营企业","SZSE","L","湖南达嘉维康医药产业股份有限公司","Hunan Dajiaweikang Pharmaceutical Industry Co.,Ltd"
"301127.SZ","301127","武汉天源","湖北","环境保护","whty","创业板","20211230","黄昭玮","民营企业","SZSE","L","武汉天源集团股份有限公司","Wuhan Tianyuan Group Co., Ltd."
"301128.SZ","301128","强瑞技术","深圳","专用机械","qrjs","创业板","20211110","尹高斌","民营企业","SZSE","L","深圳市强瑞精密技术股份有限公司","Shenzhen Qiangrui Precision Technology Co.,Ltd."
"301129.SZ","301129","瑞纳智能","安徽","电器仪表","rnzn","创业板","20211102","于大永","民营企业","SZSE","L","瑞纳智能设备股份有限公司","Runa Smart Equipment Co.,Ltd."
"301130.SZ","301130","西点药业","吉林","化学制药","xdyy","创业板","20220223","张俊","民营企业","SZSE","L","吉林省西点药业科技发展股份有限公司","Jilin Province Xidian Pharmaceutical Sci-Tech Development Co.,Ltd"
"301131.SZ","301131","聚赛龙","广东","塑料","jsl","创业板","20220314","郝源增","民营企业","SZSE","L","广州市聚赛龙工程塑料股份有限公司","Super-Dragon Engineering Plastics Co., Ltd"
"301132.SZ","301132","满坤科技","江西","元器件","mkkj","创业板","20220810","洪俊城","民营企业","SZSE","L","吉安满坤科技股份有限公司","Ji'an Mankun Technology Co., Ltd."
"301133.SZ","301133","金钟股份","广东","汽车配件","jzgf","创业板","20211126","辛洪萍","民营企业","SZSE","L","广州市金钟汽车零件股份有限公司","Guangzhou Jinzhong Auto Parts Manufacturing Co., Ltd."
"301135.SZ","301135","瑞德智能","广东","元器件","rdzn","创业板","20220412","汪军","民营企业","SZSE","L","广东瑞德智能科技股份有限公司","Guangdong Real-Design Intelligent Technology Co.,Ltd."
"301136.SZ","301136","招标股份","福建","建筑工程","zbgf","创业板","20220111","福建省人民政府国有资产监督管理委员会","地方国企","SZSE","L","福建省招标股份有限公司","Fujian Tendering Co., Ltd."
"301137.SZ","301137","哈焊华通","江苏","机械基件","hhht","创业板","20220322","中国机械科学研究总院集团有限公司","中央国企","SZSE","L","哈焊所华通(常州)焊业股份有限公司","Hit Welding Industry Co.,Ltd."
"301138.SZ","301138","华研精机","广东","专用机械","hyjj","创业板","20211215","包贺林","民营企业","SZSE","L","广州华研精密机械股份有限公司","Guangzhou Huayan Precision Machinery Co.,Ltd."
"301139.SZ","301139","元道通信","新疆","通信设备","ydtx","创业板","20220708","李晋","民营企业","SZSE","L","元道通信股份有限公司","Wintao Communications Co., Ltd."
"301141.SZ","301141","中科磁业","浙江","矿物制品","zkcy","创业板","20230403","吴中平","民营企业","SZSE","L","浙江中科磁业股份有限公司","Zhejiang Zhongke Magnetic Industry Co., Ltd."
"301148.SZ","301148","嘉戎技术","福建","环境保护","jrjs","创业板","20220421","蒋林煜","民营企业","SZSE","L","厦门嘉戎技术股份有限公司","Xiamen Jiarong Technology Corp., Ltd"
"301149.SZ","301149","隆华新材","山东","化工原料","lhxc","创业板","20211110","韩志刚","民营企业","SZSE","L","山东隆华新材料股份有限公司","Shandong Longhua New Material Co.,Ltd."
"301150.SZ","301150","中一科技","湖北","电气设备","zykj","创业板","20220421","汪汉平","民营企业","SZSE","L","湖北中一科技股份有限公司","Hubei Zhongyi Technology Inc."
"301151.SZ","301151","冠龙节能","上海","机械基件","gljn","创业板","20220411","","","SZSE","L","上海冠龙阀门节能设备股份有限公司","Shanghai Karon Eco-Valve Manufacturing Co.,Ltd."
"301152.SZ","301152","天力锂能","河南","小金属","tlln","创业板","20220829","王瑞庆","民营企业","SZSE","L","天力锂能集团股份有限公司","Tianli Lithium Energy Group Co.,Ltd."
"301153.SZ","301153","中科江南","北京","软件服务","zkjn","创业板","20220518","广东省广州市人民政府国有资产监督管理委员会","地方国企","SZSE","L","北京中科江南信息技术股份有限公司","Beijing Ctj Information Technology Co., Ltd."
"301155.SZ","301155","海力风电","江苏","电气设备","hlfd","创业板","20211124","许世俊","民营企业","SZSE","L","江苏海力风电设备科技股份有限公司","Jiangsu Haili Wind Power Equipment Technology Co., Ltd."
"301156.SZ","301156","美农生物","上海","饲料","mnsw","创业板","20220617","洪伟","民营企业","SZSE","L","上海美农生物科技股份有限公司","Shanghai Menon Animal Nutrition Technology Co., Ltd."
"301157.SZ","301157","华塑科技","浙江","电气设备","hskj","创业板","20230309","杨冬强","民营企业","SZSE","L","杭州华塑科技股份有限公司","Hangzhou Huasu Technology Co.,Ltd."
"301158.SZ","301158","德石股份","山东","专用机械","dsgf","创业板","20220117","孙伟杰","民营企业","SZSE","L","德州联合石油科技股份有限公司","Dezhou United Petroleum Technology Corp."
"301159.SZ","301159","三维天地","北京","软件服务","swtd","创业板","20220107","金震","民营企业","SZSE","L","北京三维天地科技股份有限公司","Beijing Sunwayworld Science & Technology Co., Ltd."
"301160.SZ","301160","翔楼新材","江苏","机械基件","xlxc","创业板","20220606","钱和生","民营企业","SZSE","L","苏州翔楼新材料股份有限公司","Suzhou Xianglou New Material Co.,Ltd."
"301161.SZ","301161","唯万密封","上海","工程机械","wwmf","创业板","20220914","董静","民营企业","SZSE","L","上海唯万密封科技股份有限公司","Voneseals Technology (Shanghai) Inc."
"301162.SZ","301162","国能日新","北京","软件服务","gnrx","创业板","20220429","雍正","民营企业","SZSE","L","国能日新科技股份有限公司","State Power Rixin Technology Co., Ltd."
"301163.SZ","301163","宏德股份","江苏","电气设备","hdgf","创业板","20220419","杨金德","民营企业","SZSE","L","江苏宏德特种部件股份有限公司","Jiangsu Hongde Special Parts Co.,Ltd"
"301165.SZ","301165","锐捷网络","福建","通信设备","rjwl","创业板","20221121","福建省人民政府国有资产监督管理委员会","地方国企","SZSE","L","锐捷网络股份有限公司","Ruijie Networks Co., Ltd."
"301166.SZ","301166","优宁维","上海","医药商业","ynw","创业板","20211228","冷兆武","民营企业","SZSE","L","上海优宁维生物科技股份有限公司","Shanghai Universal Biotech Co.,Ltd."
"301167.SZ","301167","建研设计","安徽","建筑工程","jysj","创业板","20211206","安徽省人民政府国有资产监督管理委员会","地方国企","SZSE","L","安徽省建筑设计研究总院股份有限公司","Anhui Provincial Architectural Design and Research Institute Co., Ltd."
"301168.SZ","301168","通灵股份","江苏","电气设备","tlgf","创业板","20211210","严荣飞","民营企业","SZSE","L","江苏通灵电器股份有限公司","Jiangsu Tongling Electric Co., Ltd."
"301169.SZ","301169","零点有数","北京","文教休闲","ldys","创业板","20211103","袁岳","民营企业","SZSE","L","北京零点有数数据科技股份有限公司","Beijing Dataway Horizon Co., Ltd"
"301170.SZ","301170","锡南科技","江苏","汽车配件","xnkj","创业板","20230627","李忠良","民营企业","SZSE","L","无锡锡南科技股份有限公司","Wuxi Xinan Technology Co.,Ltd."
"301171.SZ","301171","易点天下","陕西","互联网","ydtx","创业板","20220819","邹小武","民营企业","SZSE","L","易点天下网络科技股份有限公司","Easy Click Worldwide Network Technology Co., Ltd"
"301172.SZ","301172","君逸数码","四川","软件服务","jysm","创业板","20230726","曾立军","民营企业","SZSE","L","四川君逸数码科技股份有限公司","Sichuan Joyou Digital Technologies Co.,Ltd."
"301173.SZ","301173","毓恬冠佳","上海","汽车配件","ytgj","创业板","20250303","吴军","民营企业","SZSE","L","上海毓恬冠佳科技股份有限公司","Shanghai Mobitech Technology Co.,Ltd."
"301175.SZ","301175","中科环保","北京","环境保护","zkhb","创业板","20220708","中国科学院控股有限公司","中央国企","SZSE","L","北京中科润宇环保科技股份有限公司","Beijing China Sciences Runyu Environmental Technology Co., Ltd."
"301176.SZ","301176","逸豪新材","江西","元器件","yhxc","创业板","20220928","张剑萌","民营企业","SZSE","L","赣州逸豪新材料股份有限公司","Ganzhou Yihao New Materials Co., Ltd."
"301177.SZ","301177","迪阿股份","深圳","服饰","dagf","创业板","20211215","张国涛","民营企业","SZSE","L","迪阿股份有限公司","DR Corporation Limited"
"301178.SZ","301178","天亿马","广东","软件服务","tym","创业板","20211112","林明玲","民营企业","SZSE","L","广东天亿马信息产业股份有限公司","Guangdong Tianyima Information Industry Co.,Ltd."
"301179.SZ","301179","泽宇智能","江苏","软件服务","zyzn","创业板","20211208","张剑","民营企业","SZSE","L","江苏泽宇智能电力股份有限公司","Jiangsu Zeyu Intelligent Electric Power Co.,Ltd."
"301180.SZ","301180","万祥科技","江苏","元器件","wxkj","创业板","20211116","黄军","民营企业","SZSE","L","苏州万祥科技股份有限公司","Suzhou Wanxiang Technology Co.,Ltd"
"301181.SZ","301181","标榜股份","江苏","汽车配件","bbgf","创业板","20220221","赵奇","民营企业","SZSE","L","江阴标榜汽车部件股份有限公司","Jiangyin Pivot Automotive Products Co.,Ltd."
"301182.SZ","301182","凯旺科技","河南","元器件","kwkj","创业板","20211223","陈海刚","民营企业","SZSE","L","河南凯旺电子科技股份有限公司","Henan Carve Electronics Technology Co., Ltd."
"301183.SZ","301183","东田微","湖北","元器件","dtw","创业板","20220524","高登华","民营企业","SZSE","L","湖北东田微科技股份有限公司","Hubei Doti Micro Technology Co.,Ltd."
"301185.SZ","301185","鸥玛软件","山东","软件服务","omrj","创业板","20211119","山东大学","校办企业","SZSE","L","山东山大鸥玛软件股份有限公司","Shandong Shanda Oumasoft Co., Ltd."
"301186.SZ","301186","超达装备","江苏","专用机械","cdzb","创业板","20211223","","","SZSE","L","南通超达装备股份有限公司","Nantong Chaoda Equipment Co., Ltd."
"301187.SZ","301187","欧圣电气","江苏","家用电器","osdq","创业板","20220422","WEIDONG LU","外资企业","SZSE","L","苏州欧圣电气股份有限公司","Suzhou Alton Electrical & Mechanical Industry Co.,Ltd."
"301188.SZ","301188","力诺药包","山东","玻璃","lnyb","创业板","20211111","","","SZSE","L","山东力诺医药包装股份有限公司","Shandong Linuo Pharmaceutical Packaging Co.,Ltd."
"301189.SZ","301189","奥尼电子","深圳","IT设备","andz","创业板","20211228","吴世杰","民营企业","SZSE","L","深圳奥尼电子股份有限公司","Shenzhen Aoni Electronic Co., Ltd."
"301190.SZ","301190","善水科技","江西","染料涂料","sskj","创业板","20211224","黄国荣","民营企业","SZSE","L","九江善水科技股份有限公司","Jiujiang Shanshui Technology Co., Ltd."
"301191.SZ","301191","菲菱科思","深圳","通信设备","flks","创业板","20220526","","","SZSE","L","深圳市菲菱科思通信技术股份有限公司","Shenzhen Phoenix Telecom Technology Co.,Ltd."
"301192.SZ","301192","泰祥股份","湖北","汽车配件","txgf","创业板","20220811","王世斌","民营企业","SZSE","L","十堰市泰祥实业股份有限公司","Shiyan Taixiang Industry Co., Ltd."
"301193.SZ","301193","家联科技","浙江","家居用品","jlkj","创业板","20211209","王熊","民营企业","SZSE","L","宁波家联科技股份有限公司","Ningbo Homelink Eco-Itech Co.,Ltd."
"301195.SZ","301195","北路智控","江苏","软件服务","blzk","创业板","20220801","于胜利","民营企业","SZSE","L","南京北路智控科技股份有限公司","Nanjing Bestway Intelligent Control Technology Co., Ltd."
"301196.SZ","301196","唯科科技","福建","专用机械","wkkj","创业板","20220111","庄辉阳","民营企业","SZSE","L","厦门唯科模塑科技股份有限公司","Xiamen Voke Mold&Plastic Engineering Co., Ltd."
"301197.SZ","301197","工大科雅","河北","软件服务","gdky","创业板","20220808","齐承英","民营企业","SZSE","L","河北工大科雅科技集团股份有限公司","Hebei Gongda Keya Technology Group Co.,Ltd."
"301198.SZ","301198","喜悦智行","浙江","塑料","xyzx","创业板","20211202","罗志强","民营企业","SZSE","L","宁波喜悦智行科技股份有限公司","Ningbo Joy Intelligent Logistics Technology Co.,Ltd."
"301199.SZ","301199","迈赫股份","山东","专用机械","mhgf","创业板","20211207","王金平","民营企业","SZSE","L","迈赫机器人自动化股份有限公司","Mh Robot & Automation Co., Ltd."
"301200.SZ","301200","大族数控","深圳","专用机械","dzsk","创业板","20220228","高云峰","外资企业","SZSE","L","深圳市大族数控科技股份有限公司","Shenzhen Han's Cnc Technology Co., Ltd"
"301201.SZ","301201","诚达药业","浙江","生物制药","cdyy","创业板","20220120","葛建利","民营企业","SZSE","L","诚达药业股份有限公司","Chengda Pharmaceuticals Co.,Ltd."
"301202.SZ","301202","朗威股份","江苏","机械基件","lwgf","创业板","20230705","高利擎","民营企业","SZSE","L","苏州朗威电子机械股份有限公司","Suzhou Longway Electronic Machinery Co., Ltd."
"301203.SZ","301203","国泰环保","浙江","环境保护","gthb","创业板","20230404","陈柏校","民营企业","SZSE","L","杭州国泰环保科技股份有限公司","Hangzhou Guotai Environmental Protection Technology Co.,Ltd."
"301205.SZ","301205","联特科技","湖北","通信设备","ltkj","创业板","20220913","张健","民营企业","SZSE","L","武汉联特科技股份有限公司","Linktel Technologies Co.,Ltd."
"301206.SZ","301206","三元生物","山东","食品","sysw","创业板","20220210","聂在建","民营企业","SZSE","L","山东三元生物科技股份有限公司","Shandong Sanyuan Biotechnology Co.,Ltd."
"301207.SZ","301207","华兰疫苗","河南","生物制药","hlym","创业板","20220218","安康","民营企业","SZSE","L","华兰生物疫苗股份有限公司","Hualan Biological Vaccine Inc."
"301208.SZ","301208","中亦科技","北京","软件服务","zykj","创业板","20220707","徐晓飞","民营企业","SZSE","L","北京中亦安图科技股份有限公司","Chinaetek Service&Technology Co., Ltd."
"301209.SZ","301209","联合化学","山东","染料涂料","lhhx","创业板","20220825","李秀梅","民营企业","SZSE","L","龙口联合化学股份有限公司","Longkou Union Chemical Co., Ltd."
"301210.SZ","301210","金杨股份","江苏","电气设备","jygf","创业板","20230630","杨建林","民营企业","SZSE","L","无锡市金杨新材料股份有限公司","Wuxi Jinyang New Materials Co.,Ltd."
"301211.SZ","301211","亨迪药业","湖北","化学制药","hdyy","创业板","20211222","刘益谦","民营企业","SZSE","L","湖北亨迪药业股份有限公司","Hubei Biocause Heilen Pharmaceutical Co., Ltd"
"301212.SZ","301212","联盛化学","浙江","化工原料","lshx","创业板","20220419","牟建宇","民营企业","SZSE","L","浙江联盛化学股份有限公司","Zhejiang Realsun Chemical Co.,Ltd."
"301213.SZ","301213","观想科技","四川","软件服务","gxkj","创业板","20211206","魏强","民营企业","SZSE","L","四川观想科技股份有限公司","Sichuan Discovery Dream Science&Technology Co.,Ltd."
"301215.SZ","301215","中汽股份","江苏","汽车服务","zqgf","创业板","20220308","国务院国有资产监督管理委员会","中央国企","SZSE","L","中汽研汽车试验场股份有限公司","CATARC Automotive Proving Ground Co.,Ltd."
"301216.SZ","301216","万凯新材","浙江","化工原料","wkxc","创业板","20220329","沈志刚","民营企业","SZSE","L","万凯新材料股份有限公司","Wankai New Materials Co.,Ltd."
"301217.SZ","301217","铜冠铜箔","安徽","元器件","tgtb","创业板","20220127","安徽省人民政府国有资产监督管理委员会","地方国企","SZSE","L","安徽铜冠铜箔集团股份有限公司","Anhui Tongguan Copper Foil Group Co., Ltd"
"301218.SZ","301218","华是科技","浙江","软件服务","hskj","创业板","20220307","俞永方","民营企业","SZSE","L","浙江华是科技股份有限公司","Zhejiang Whyis Technology Co.,Ltd."
"301219.SZ","301219","腾远钴业","江西","小金属","tygy","创业板","20220317","罗洁","民营企业","SZSE","L","赣州腾远钴业新材料股份有限公司","Ganzhou Tengyuan Cobalt New Material Co.,Ltd."
"301220.SZ","301220","亚香股份","江苏","化工原料","yxgf","创业板","20220622","周军学","民营企业","SZSE","L","昆山亚香香料股份有限公司","Kunshan Asia Aroma Corp., Ltd."
"301221.SZ","301221","光庭信息","湖北","软件服务","gtxx","创业板","20211222","朱敦尧","民营企业","SZSE","L","武汉光庭信息技术股份有限公司","Wuhan Kotei Informatics Co.,Ltd."
"301222.SZ","301222","浙江恒威","浙江","电气设备","zjhw","创业板","20220309","汪剑平","民营企业","SZSE","L","浙江恒威电池股份有限公司","Zhejiang Hengwei Battery Co.,Ltd."
"301223.SZ","301223","中荣股份","广东","广告包装","zrgf","创业板","20221026","黄焕然","民营企业","SZSE","L","中荣印刷集团股份有限公司","ZRP Printing Group Co.,Ltd."
"301225.SZ","301225","恒勃股份","浙江","汽车配件","hbgf","创业板","20230616","周书忠","民营企业","SZSE","L","恒勃控股股份有限公司","Hengbo Holdings Co., Ltd."
"301226.SZ","301226","祥明智能","江苏","电气设备","xmzn","创业板","20220325","张敏","民营企业","SZSE","L","常州祥明智能动力股份有限公司","Changzhou Xiangming Intelligent Drive System Corporation"
"301227.SZ","301227","森鹰窗业","黑龙江","家居用品","sycy","创业板","20220926","边书平","民营企业","SZSE","L","哈尔滨森鹰窗业股份有限公司","Harbin Sayyas Windows Co., Ltd."
"301228.SZ","301228","实朴检测","上海","电器仪表","spjc","创业板","20220128","杨进","民营企业","SZSE","L","实朴检测技术(上海)股份有限公司","SEP Analytical (Shanghai) Co.,Ltd"
"301229.SZ","301229","纽泰格","江苏","汽车配件","ntg","创业板","20220222","张义","民营企业","SZSE","L","江苏纽泰格科技集团股份有限公司","Jiangsu New Technology Group Co.,Ltd."
"301230.SZ","301230","泓博医药","上海","生物制药","hbyy","创业板","20221101","PING CHEN","外资企业","SZSE","L","上海泓博智源医药股份有限公司","Pharmaresources (Shanghai) Co., Ltd."
"301231.SZ","301231","荣信文化","陕西","出版业","rxwh","创业板","20220908","王艺桦","民营企业","SZSE","L","荣信教育文化产业发展股份有限公司","Ronshin Group"
"301232.SZ","301232","飞沃科技","湖南","机械基件","fwkj","创业板","20230615","张友君","民营企业","SZSE","L","湖南飞沃新能源科技股份有限公司","Finework(Hunan)New Energy Technology Co.,Ltd."
"301233.SZ","301233","盛帮股份","四川","汽车配件","sbgf","创业板","20220706","赖喜隆","民营企业","SZSE","L","成都盛帮密封件股份有限公司","Chengdu Shengbang Seals Co., Ltd."
"301234.SZ","301234","五洲医疗","安徽","医疗保健","wzyl","创业板","20220705","黄凡","民营企业","SZSE","L","安徽宏宇五洲医疗器械股份有限公司","Anhui Hongyu Wuzhou Medical Manufacturer Co.,Ltd."
"301235.SZ","301235","华康洁净","湖北","医疗保健","hkjj","创业板","20220128","谭平涛","民营企业","SZSE","L","武汉华康世纪洁净科技股份有限公司","Wuhan Huakang Century Clean Technology Co., Ltd."
"301236.SZ","301236","软通动力","北京","软件服务","rtdl","创业板","20220315","刘天文","民营企业","SZSE","L","软通动力信息技术(集团)股份有限公司","Isoftstone Information Technology (Group) Co.,Ltd."
"301237.SZ","301237","和顺科技","浙江","塑料","hskj","创业板","20220323","范和强","民营企业","SZSE","L","杭州和顺科技股份有限公司","Hangzhou Heshun Technology Co.,Ltd."
"301238.SZ","301238","瑞泰新材","江苏","化工原料","rtxc","创业板","20220617","江苏国泰国际贸易有限公司","地方国企","SZSE","L","江苏瑞泰新能源材料股份有限公司","Jiangsu Ruitai New Energy Materials Co., Ltd."
"301239.SZ","301239","普瑞眼科","四川","医疗保健","pryk","创业板","20220705","徐旭阳","民营企业","SZSE","L","普瑞眼科医院集团股份有限公司","Bright Eye Hospital Group Co.,Ltd"
"301246.SZ","301246","宏源药业","湖北","化学制药","hyyy","创业板","20230320","尹国平","民营企业","SZSE","L","湖北省宏源药业科技股份有限公司","Hubei Hongyuan Pharmaceutical Technology Co.,Ltd."
"301248.SZ","301248","杰创智能","广东","软件服务","jczn","创业板","20220420","孙超","民营企业","SZSE","L","杰创智能科技股份有限公司","Nexwise Intelligence China Limited"
"301251.SZ","301251","威尔高","江西","元器件","weg","创业板","20230906","邓艳群","民营企业","SZSE","L","江西威尔高电子股份有限公司","Jiangxi Welgao Electronics Co., Ltd."
"301252.SZ","301252","同星科技","浙江","机械基件","txkj","创业板","20230525","张良灿","民营企业","SZSE","L","浙江同星科技股份有限公司","Zhejiang Tongxing Technology Co., Ltd."
"301255.SZ","301255","通力科技","浙江","机械基件","tlkj","创业板","20221227","项献忠","民营企业","SZSE","L","浙江通力传动科技股份有限公司","Zhejiang Tongli Transmission Technology Co., Ltd."
"301256.SZ","301256","华融化学","四川","化工原料","hrhx","创业板","20220322","刘永好","民营企业","SZSE","L","华融化学股份有限公司","Huarong Chemical Co., Ltd."
"301257.SZ","301257","普蕊斯","上海","医疗保健","prs","创业板","20220517","赖春宝","民营企业","SZSE","L","普蕊斯(上海)医药科技开发股份有限公司","Smo Clinplus Co.,Ltd."
"301258.SZ","301258","富士莱","江苏","化学制药","fsl","创业板","20220329","钱祥云","民营企业","SZSE","L","苏州富士莱医药股份有限公司","Suzhou Fushilai Pharmaceutical Co.,Ltd."
"301259.SZ","301259","艾布鲁","湖南","环境保护","abl","创业板","20220426","钟儒波","民营企业","SZSE","L","湖南艾布鲁环保科技股份有限公司","Hunan Airbluer Environmental Protection Technology Co.,Ltd."
"301260.SZ","301260","格力博","江苏","专用机械","glb","创业板","20230208","陈寅","民营企业","SZSE","L","格力博(江苏)股份有限公司","Greenworks (Jiangsu) Co., Ltd."
"301261.SZ","301261","恒工精密","河北","机械基件","hgjm","创业板","20230710","魏志勇","民营企业","SZSE","L","河北恒工精密装备股份有限公司","Hengong Precision Equipment Co.,Ltd."
"301262.SZ","301262","海看股份","山东","影视音像","hkgf","创业板","20230620","山东广播电视台","地方国企","SZSE","L","海看网络科技(山东)股份有限公司","Hicon Network Technology (Shandong) Co.,Ltd."
"301263.SZ","301263","泰恩康","广东","医药商业","tek","创业板","20220329","郑汉杰","民营企业","SZSE","L","广东泰恩康医药股份有限公司","Guangdong Taienkang Pharmaceutical Co., Ltd."
"301265.SZ","301265","华新环保","北京","环境保护","hxhb","创业板","20221216","张军","民营企业","SZSE","L","华新绿源环保股份有限公司","Hwaxin Lvyuan Environmental Protection Co.,Ltd."
"301266.SZ","301266","宇邦新材","江苏","电气设备","ybxc","创业板","20220608","肖锋","民营企业","SZSE","L","苏州宇邦新型材料股份有限公司","Suzhou Yourbest New-Type Materials Co.,Ltd."
"301267.SZ","301267","华厦眼科","福建","医疗保健","hxyk","创业板","20221107","苏庆灿","民营企业","SZSE","L","华厦眼科医院集团股份有限公司","Huaxia Eye Hospital Group Co.,Ltd."
"301268.SZ","301268","铭利达","深圳","机械基件","mld","创业板","20220407","陶诚","民营企业","SZSE","L","深圳市铭利达精密技术股份有限公司","Shenzhen Minglida Precision Technology Co.,Ltd."
"301269.SZ","301269","华大九天","北京","半导体","hdjt","创业板","20220729","无实际控制人","无","SZSE","L","北京华大九天科技股份有限公司","Empyrean Technology Co., Ltd."
"301270.SZ","301270","汉仪股份","北京","软件服务","hygf","创业板","20220831","谢立群","民营企业","SZSE","L","北京汉仪创新科技股份有限公司","Beijing Hanyi Innovation Technology Co., Ltd."
"301272.SZ","301272","英华特","江苏","专用机械","yht","创业板","20230713","陈毅敏","民营企业","SZSE","L","苏州英华特涡旋技术股份有限公司","Suzhou Invotech Scroll Technologies Co., Ltd."
"301273.SZ","301273","瑞晨环保","上海","机械基件","rchb","创业板","20221025","陈万东","民营企业","SZSE","L","上海瑞晨环保科技股份有限公司","Shanghai Rychen Technologies Co., Ltd."
"301275.SZ","301275","汉朔科技","浙江","元器件","hskj","创业板","20250311","侯世国","民营企业","SZSE","L","汉朔科技股份有限公司","Hanshow Technology Co., Ltd."
"301276.SZ","301276","嘉曼服饰","北京","服饰","jmfs","创业板","20220909","曹胜奎","民营企业","SZSE","L","北京嘉曼服饰股份有限公司","Beijing Jiaman Dress Co.,Ltd"
"301277.SZ","301277","新天地","河南","化学制药","xtd","创业板","20221116","谢建中","民营企业","SZSE","L","新天地药业股份有限公司","Newland Pharmaceutical Co.,Ltd."
"301278.SZ","301278","快可电子","江苏","电气设备","kkdz","创业板","20220804","段正刚","民营企业","SZSE","L","苏州快可光伏电子股份有限公司","Qc Solar Corporation"
"301279.SZ","301279","金道科技","浙江","工程机械","jdkj","创业板","20220413","金言荣","民营企业","SZSE","L","浙江金道科技股份有限公司","Zhejiang Jindao Technology Co.,Ltd."
"301280.SZ","301280","珠城科技","浙江","元器件","zckj","创业板","20221226","张建春","民营企业","SZSE","L","浙江珠城科技股份有限公司","Zhejiang Zuch Technology Co.,Ltd."
"301281.SZ","301281","科源制药","山东","化学制药","kyzy","创业板","20230404","高元坤","民营企业","SZSE","L","山东科源制药股份有限公司","Shandong Keyuan Pharmaceutical Co.,Ltd."
"301282.SZ","301282","金禄电子","广东","元器件","jldz","创业板","20220826","李继林","民营企业","SZSE","L","金禄电子科技股份有限公司","Camelot Electronics Technology Co.,Ltd."
"301283.SZ","301283","聚胶股份","广东","日用化工","jjgf","创业板","20220902","陈曙光","民营企业","SZSE","L","聚胶新材料股份有限公司","Focus Hotmelt Company Ltd."
"301285.SZ","301285","鸿日达","江苏","元器件","hrd","创业板","20220928","王玉田","民营企业","SZSE","L","鸿日达科技股份有限公司","Hong Ri Da Technology Company Limited"
"301286.SZ","301286","侨源股份","四川","化工原料","qygf","创业板","20220614","乔志涌","民营企业","SZSE","L","四川侨源气体股份有限公司","Sichuan Qiaoyuan Gas Co.,Ltd."
"301287.SZ","301287","康力源","江苏","文教休闲","kly","创业板","20230614","衡墩建","民营企业","SZSE","L","江苏康力源体育科技股份有限公司","Jiangsu Kangliyuan Sports Tech. Co., Ltd."
"301288.SZ","301288","*ST清研","深圳","环境保护","stqy","创业板","20220422","刘淑杰","民营企业","SZSE","L","清研环境科技股份有限公司","Qingyan Environmental Technology Co., Ltd."
"301289.SZ","301289","国缆检测","上海","电器仪表","gljc","创业板","20220622","上海市国有资产监督管理委员会","地方国企","SZSE","L","上海国缆检测股份有限公司","Shanghai National Center of Testing and Inspection For Electric Cable and Wire Co., Ltd."
"301290.SZ","301290","东星医疗","江苏","医疗保健","dxyl","创业板","20221130","万世平","民营企业","SZSE","L","江苏东星智慧医疗科技股份有限公司","Jiangsu Canopus Wisdom Medical Technology Co.,Ltd."
"301291.SZ","301291","明阳电气","广东","电气设备","mydq","创业板","20230630","张传卫","民营企业","SZSE","L","广东明阳电气股份有限公司","Guangdong Mingyang Electric Co.,Ltd."
"301292.SZ","301292","海科新源","山东","化工原料","hkxy","创业板","20230707","杨晓宏","民营企业","SZSE","L","山东海科新源材料科技股份有限公司","Shandong Hi-Tech Spring Material Technology Co., Ltd."
"301293.SZ","301293","三博脑科","北京","医疗保健","sbnk","创业板","20230505","张阳","民营企业","SZSE","L","三博脑科医院管理集团股份有限公司","Sanbo Hospital Management Group Limited"
"301295.SZ","301295","美硕科技","浙江","电气设备","mskj","创业板","20230628","黄晓湖","民营企业","SZSE","L","浙江美硕电气科技股份有限公司","Zhejiang Meishuo Electric Technology Co.,Ltd"
"301296.SZ","301296","新巨丰","山东","广告包装","xjf","创业板","20220902","","","SZSE","L","山东新巨丰科技包装股份有限公司","Shandong Newjf Technology Packaging Co., Ltd."
"301297.SZ","301297","富乐德","安徽","半导体","fld","创业板","20221230","无实际控制人","无","SZSE","L","安徽富乐德科技发展股份有限公司","Ferrotec (An Hui) Technology Development Co., Ltd."
"301298.SZ","301298","东利机械","河北","汽车配件","dljx","创业板","20220606","王征","民营企业","SZSE","L","保定市东利机械制造股份有限公司","Baoding Dongli Machinery Co.,Ltd."
"301299.SZ","301299","卓创资讯","山东","互联网","zczx","创业板","20221019","姜虎林","民营企业","SZSE","L","山东卓创资讯股份有限公司","Sublime China Information Co., Ltd."
"301300.SZ","301300","远翔新材","福建","化工原料","yxxc","创业板","20220819","王承辉","民营企业","SZSE","L","福建远翔新材料股份有限公司","Fujian Yuanxiang New Materials Co., Ltd."
"301301.SZ","301301","川宁生物","新疆","化学制药","cnsw","创业板","20221227","刘革新","民营企业","SZSE","L","伊犁川宁生物技术股份有限公司","Yili Chuanning Biotechnology Co.,Ltd."
"301302.SZ","301302","华如科技","北京","软件服务","hrkj","创业板","20220623","李杰","民营企业","SZSE","L","北京华如科技股份有限公司","Beijing Huaru Technology Co.,Ltd."
"301303.SZ","301303","真兰仪表","上海","电器仪表","zlyb","创业板","20230220","无实际控制人","无","SZSE","L","上海真兰仪表科技股份有限公司","Zenner Metering Technology(Shanghai)Ltd."
"301305.SZ","301305","朗坤科技","深圳","环境保护","lkkj","创业板","20230523","陈建湘","民营企业","SZSE","L","深圳市朗坤科技股份有限公司","Shenzhen Lions King Hi-Tech Co., Ltd"
"301306.SZ","301306","西测测试","陕西","航空","xccs","创业板","20220726","李泽新","民营企业","SZSE","L","西安西测测试技术股份有限公司","Xi'an Xice Testing Technology Co.,Ltd."
"301307.SZ","301307","美利信","重庆","通信设备","mlx","创业板","20230424","余克飞","民营企业","SZSE","L","重庆美利信科技股份有限公司","Chongqing Millison Technologies Inc."
"301308.SZ","301308","江波龙","深圳","半导体","jbl","创业板","20220805","蔡华波","民营企业","SZSE","L","深圳市江波龙电子股份有限公司","Shenzhen Longsys Electronics Co., Ltd."
"301309.SZ","301309","万得凯","浙江","机械基件","wdk","创业板","20220919","钟兴富","民营企业","SZSE","L","浙江万得凯流体设备科技股份有限公司","Zhejiang Wandekai Fluid Equipment Technology Co.,Ltd."
"301310.SZ","301310","鑫宏业","江苏","汽车配件","xhy","创业板","20230602","卜晓华","民营企业","SZSE","L","无锡鑫宏业线缆科技股份有限公司","Wuxi Xinhongye Wire & Cable Co., Ltd."
"301311.SZ","301311","昆船智能","云南","机械基件","kczn","创业板","20221130","中国船舶重工集团有限公司","中央国企","SZSE","L","昆船智能技术股份有限公司","KSEC Intelligent Technology Co.,Ltd."
"301312.SZ","301312","智立方","深圳","专用机械","zlf","创业板","20220711","邱鹏","民营企业","SZSE","L","深圳市智立方自动化设备股份有限公司","Shenzhen In-Cube Automation Co., Ltd."
"301313.SZ","301313","凡拓数创","广东","文教休闲","ftsc","创业板","20220930","伍穗颖","民营企业","SZSE","L","广州凡拓数字创意科技股份有限公司","Guangzhou Frontop Digital Creative Technology Corporation"
"301314.SZ","301314","科瑞思","广东","元器件","krs","创业板","20230328","于志江","民营企业","SZSE","L","珠海科瑞思科技股份有限公司","Zhuhai Kles Technology Co., Ltd"
"301315.SZ","301315","威士顿","上海","软件服务","wsd","创业板","20230621","茆宇忠","民营企业","SZSE","L","上海威士顿信息技术股份有限公司","Shanghai Wisdom Information Technology Co.,Ltd."
"301316.SZ","301316","慧博云通","浙江","软件服务","hbyt","创业板","20221013","余浩","民营企业","SZSE","L","慧博云通科技股份有限公司","Hydsoft Technology Co.,Ltd."
"301317.SZ","301317","鑫磊股份","浙江","机械基件","xlgf","创业板","20230119","钟仁志","民营企业","SZSE","L","鑫磊压缩机股份有限公司","Xinlei Compressor Co., Ltd."
"301318.SZ","301318","维海德","深圳","IT设备","whd","创业板","20220810","陈涛","民营企业","SZSE","L","深圳市维海德技术股份有限公司","Valuehd Corporation"
"301319.SZ","301319","唯特偶","深圳","元器件","wto","创业板","20220929","廖高兵","民营企业","SZSE","L","深圳市唯特偶新材料股份有限公司","Shenzhen Vital New Material Co.,Ltd."
"301320.SZ","301320","豪江智能","山东","电气设备","hjzn","创业板","20230609","宫志强","民营企业","SZSE","L","青岛豪江智能科技股份有限公司","Qingdao Richmat Intelligence Technology Inc."
"301321.SZ","301321","翰博高新","安徽","元器件","hbgx","创业板","20220818","王照忠","民营企业","SZSE","L","翰博高新材料(合肥)股份有限公司","Highbroad Advanced Material (Hefei) Co., Ltd."
"301322.SZ","301322","绿通科技","广东","摩托车","ltkj","创业板","20230306","张志江","民营企业","SZSE","L","广东绿通新能源电动车科技股份有限公司","Guangdong Lvtong New Energy Electric Vehicle Technology Co., Ltd."
"301323.SZ","301323","新莱福","广东","橡胶","xlf","创业板","20230606","汪小明","民营企业","SZSE","L","广州新莱福新材料股份有限公司","Guangzhou Newlife New Material Co., Ltd"
"301325.SZ","301325","曼恩斯特","深圳","专用机械","mest","创业板","20230512","唐雪姣","民营企业","SZSE","L","深圳市曼恩斯特科技股份有限公司","Shenzhen Manst Technology Co.,Ltd."
"301326.SZ","301326","捷邦科技","广东","元器件","jbkj","创业板","20220921","辛云峰","民营企业","SZSE","L","捷邦精密科技股份有限公司","J.Pond Precision Technology Co., Ltd."
"301327.SZ","301327","华宝新能","深圳","电气设备","hbxn","创业板","20220919","孙中伟","民营企业","SZSE","L","深圳市华宝新能源股份有限公司","Shenzhen Hello Tech Energy Co.,Ltd."
"301328.SZ","301328","维峰电子","广东","元器件","wfdz","创业板","20220908","李文化","民营企业","SZSE","L","维峰电子(广东)股份有限公司","Wcon Electronics Guangdong Co.,Ltd."
"301329.SZ","301329","信音电子","江苏","元器件","xydz","创业板","20230717","无实际控制人","无","SZSE","L","信音电子(中国)股份有限公司","Singatron Electronic(China)Co.,Ltd."
"301330.SZ","301330","熵基科技","广东","IT设备","sjkj","创业板","20220817","车全宏","民营企业","SZSE","L","熵基科技股份有限公司","Zkteco Co., Ltd."
"301331.SZ","301331","恩威医药","西藏","中成药","ewyy","创业板","20220921","薛永新","民营企业","SZSE","L","恩威医药股份有限公司","Enwei Pharmaceutical Co., Ltd."
"301332.SZ","301332","德尔玛","广东","家用电器","dem","创业板","20230518","蔡铁强","民营企业","SZSE","L","广东德尔玛科技股份有限公司","Guangdong Deerma Technology Co., Ltd."
"301333.SZ","301333","诺思格","北京","医疗保健","nsg","创业板","20220802","WU JIE","外资企业","SZSE","L","诺思格(北京)医药科技股份有限公司","R&G Pharmastudies Co., Ltd."
"301335.SZ","301335","天元宠物","浙江","文教休闲","tycw","创业板","20221118","","","SZSE","L","杭州天元宠物用品股份有限公司","Hangzhou Tianyuan Pet Products Co.,Ltd"
"301336.SZ","301336","趣睡科技","四川","家居用品","qskj","创业板","20220812","李勇","民营企业","SZSE","L","成都趣睡科技股份有限公司","Chengdu Qushui Science and Technology Co.,Ltd."
"301337.SZ","301337","亚华电子","山东","软件服务","yhdz","创业板","20230526","耿玉泉","民营企业","SZSE","L","山东亚华电子股份有限公司","Yarward Electronics (Shandong) Co., Ltd."
"301338.SZ","301338","凯格精机","广东","专用机械","kgjj","创业板","20220816","邱国良","民营企业","SZSE","L","东莞市凯格精机股份有限公司","GKG Precision Machine Co., Ltd."
"301339.SZ","301339","通行宝","江苏","IT设备","txb","创业板","20220909","江苏省政府国有资产监督管理委员会","地方国企","SZSE","L","江苏通行宝智慧交通科技股份有限公司","Jiangsu Tongxingbao Intelligent Transportation Technology Co., Ltd."
"301345.SZ","301345","涛涛车业","浙江","摩托车","ttcy","创业板","20230321","曹马涛","民营企业","SZSE","L","浙江涛涛车业股份有限公司","Zhejiang Taotao Vehicles Co.,Ltd."
"301348.SZ","301348","蓝箭电子","广东","半导体","ljdz","创业板","20230810","王成名","民营企业","SZSE","L","佛山市蓝箭电子股份有限公司","Foshan Blue Rocket Electronics Co., Ltd."
"301349.SZ","301349","信德新材","辽宁","化工原料","xdxc","创业板","20220909","尹洪涛","民营企业","SZSE","L","辽宁信德新材料科技(集团)股份有限公司","Liaoning Xinde New Material Technology Group Co., Ltd."
"301353.SZ","301353","普莱得","浙江","专用机械","pld","创业板","20230530","杨伟明","民营企业","SZSE","L","浙江普莱得电器股份有限公司","Zhejiang Prulde Electric Appliance Co., Ltd."
"301355.SZ","301355","南王科技","福建","广告包装","nwkj","创业板","20230612","陈凯声","民营企业","SZSE","L","福建南王环保科技股份有限公司","Fujian Nanwang Environment Protection Scien-Tech Co.,Ltd"
"301356.SZ","301356","天振股份","浙江","家居用品","tzgf","创业板","20221114","方庆华","民营企业","SZSE","L","浙江天振科技股份有限公司","Zhejiang Tianzhen Technology Co., Ltd."
"301357.SZ","301357","北方长龙","陕西","专用机械","bfcl","创业板","20230418","陈跃","民营企业","SZSE","L","北方长龙新材料技术股份有限公司","North Long Dragon New Materials Tech Co., Ltd."
"301358.SZ","301358","湖南裕能","湖南","电气设备","hnyn","创业板","20230209","无实际控制人","无","SZSE","L","湖南裕能新能源电池材料股份有限公司","Hunan Yuneng New Energy Battery Material Co.,Ltd."
"301359.SZ","301359","东南电子","浙江","元器件","dndz","创业板","20221109","仇文奎","民营企业","SZSE","L","东南电子股份有限公司","Dongnan Electronics Co.,Ltd."
"301360.SZ","301360","荣旗科技","江苏","专用机械","rqkj","创业板","20230425","钱曙光","民营企业","SZSE","L","荣旗工业科技(苏州)股份有限公司","Rongcheer Industrial Technology (Suzhou) Co., Ltd"
"301361.SZ","301361","众智科技","河南","电气设备","zzkj","创业板","20221116","杨新征","民营企业","SZSE","L","郑州众智科技股份有限公司","Smartgen(Zhengzhou)Technology Co.,Ltd"
"301362.SZ","301362","民爆光电","深圳","电气设备","mbgd","创业板","20230804","谢祖华","民营企业","SZSE","L","深圳民爆光电股份有限公司","Up-Shine Lighting Co.,Limited"
"301363.SZ","301363","美好医疗","深圳","医疗保健","mhyl","创业板","20221012","熊小川","民营企业","SZSE","L","深圳市美好创亿医疗科技股份有限公司","Mehow Innovative Ltd."
"301365.SZ","301365","矩阵股份","深圳","建筑工程","jzgf","创业板","20221122","王冠","民营企业","SZSE","L","矩阵纵横设计股份有限公司","Matrix Design Co., Ltd."
"301366.SZ","301366","一博科技","深圳","元器件","ybkj","创业板","20220926","汤昌茂","民营企业","SZSE","L","深圳市一博科技股份有限公司","Shenzhen Edadoc Technology Co.,Ltd."
"301367.SZ","301367","瑞迈特","北京","医疗保健","rmt","创业板","20221101","庄志","民营企业","SZSE","L","北京瑞迈特医疗科技股份有限公司","BMC Medical Co., Ltd."
"301368.SZ","301368","丰立智能","浙江","机械基件","flzn","创业板","20221215","王友利","民营企业","SZSE","L","浙江丰立智能科技股份有限公司","Zhejiang Fore Intelligent Technology Co.,Ltd"
"301369.SZ","301369","联动科技","广东","半导体","ldkj","创业板","20220922","张赤梅","民营企业","SZSE","L","佛山市联动科技股份有限公司","PowerTECH Co., Ltd."
"301370.SZ","301370","国科恒泰","北京","医药商业","gkht","创业板","20230712","中国科学院控股有限公司","中央国企","SZSE","L","国科恒泰(北京)医疗科技股份有限公司","Gkht Medical Technology Co., Ltd."
"301371.SZ","301371","敷尔佳","黑龙江","日用化工","fej","创业板","20230801","张立国","民营企业","SZSE","L","哈尔滨敷尔佳科技股份有限公司","Harbin Fuerjia Technology Co., Ltd."
"301372.SZ","301372","科净源","北京","环境保护","kjy","创业板","20230811","葛敬","民营企业","SZSE","L","北京科净源科技股份有限公司","Beijing Sys Science & Technology Co.,Ltd."
"301373.SZ","301373","凌玮科技","广东","化工原料","lwkj","创业板","20230208","胡颖妮","民营企业","SZSE","L","广州凌玮科技股份有限公司","Guangzhou Lingwe Technology Co.,Ltd."
"301376.SZ","301376","致欧科技","河南","家居用品","zokj","创业板","20230621","宋川","民营企业","SZSE","L","致欧家居科技股份有限公司","Ziel Home Furnishing Technology Co., Ltd."
"301377.SZ","301377","鼎泰高科","广东","机械基件","dtgk","创业板","20221122","王馨","民营企业","SZSE","L","广东鼎泰高科技术股份有限公司","Guangdong Dtech Technology Co.,Ltd."
"301378.SZ","301378","通达海","江苏","软件服务","tdh","创业板","20230320","郑建国","民营企业","SZSE","L","南京通达海科技股份有限公司","Nanjing TDH Technology Co., Ltd."
"301379.SZ","301379","天山电子","广西","元器件","tsdz","创业板","20221101","王嗣纬","民营企业","SZSE","L","广西天山电子股份有限公司","Techshine Electronics Co.,Ltd."
"301380.SZ","301380","挖金客","北京","软件服务","wjk","创业板","20221025","李征","民营企业","SZSE","L","北京挖金客信息科技股份有限公司","Beijing Waluer Information Technology Co., Ltd."
"301381.SZ","301381","赛维时代","深圳","互联网","swsd","创业板","20230712","陈文平","民营企业","SZSE","L","赛维时代科技股份有限公司","Sailvan Times Co., Ltd."
"301382.SZ","301382","蜂助手","广东","互联网","fzs","创业板","20230517","罗洪鹏","民营企业","SZSE","L","蜂助手股份有限公司","Fengzhushou Co.,Ltd."
"301383.SZ","301383","天键股份","江西","元器件","tjgf","创业板","20230609","冯砚儒","民营企业","SZSE","L","天键电声股份有限公司","Minami Acoustics Limited"
"301386.SZ","301386","未来电器","江苏","电气设备","wldq","创业板","20230329","莫文艺","民营企业","SZSE","L","苏州未来电器股份有限公司","Suzhou Future Electrical Co., Ltd."
"301387.SZ","301387","光大同创","深圳","元器件","gdtc","创业板","20230418","马增龙","民营企业","SZSE","L","深圳光大同创新材料股份有限公司","Shenzhen Bromake New Material Co.,Ltd."
"301388.SZ","301388","欣灵电气","浙江","电气设备","xldq","创业板","20221109","胡志兴","民营企业","SZSE","L","欣灵电气股份有限公司","Xinling Electrical Co., Ltd."
"301389.SZ","301389","隆扬电子","江苏","元器件","lydz","创业板","20221031","张东琴","外资企业","SZSE","L","隆扬电子(昆山)股份有限公司","Long Young Electronic (Kunshan) Co., Ltd."
"301390.SZ","301390","经纬股份","浙江","建筑工程","jwgf","创业板","20230508","叶肖华","民营企业","SZSE","L","杭州经纬信息技术股份有限公司","Hangzhou Gisway Information Technology Co., Ltd."
"301391.SZ","301391","卡莱特","深圳","IT设备","klt","创业板","20221201","周锦志","民营企业","SZSE","L","卡莱特云科技股份有限公司","Colorlight Cloud Tech Ltd"
"301392.SZ","301392","汇成真空","广东","专用机械","hczk","创业板","20240605","李志荣","民营企业","SZSE","L","广东汇成真空科技股份有限公司","Guangdong Huicheng Vacuum Technology Co., Ltd."
"301393.SZ","301393","昊帆生物","江苏","化工原料","hfsw","创业板","20230712","朱勇","民营企业","SZSE","L","苏州昊帆生物股份有限公司","Suzhou Highfine Biotech Co., Ltd."
"301395.SZ","301395","仁信新材","广东","化工原料","rxxc","创业板","20230703","邱汉周","民营企业","SZSE","L","惠州仁信新材料股份有限公司","Renxin New Material Co.,Ltd."
"301396.SZ","301396","宏景科技","广东","软件服务","hjkj","创业板","20221111","欧阳华","民营企业","SZSE","L","宏景科技股份有限公司","Glory View Technology Co.,Ltd."
"301397.SZ","301397","溯联股份","重庆","汽车配件","slgf","创业板","20230628","韩宗俊","民营企业","SZSE","L","重庆溯联塑胶股份有限公司","Chongqing Sulian Plastic Co.,Ltd."
"301398.SZ","301398","星源卓镁","浙江","汽车配件","xyzm","创业板","20221215","邱卓雄","民营企业","SZSE","L","宁波星源卓镁技术股份有限公司","Ningbo Sinyuan Zm Technology Co., Ltd."
"301399.SZ","301399","英特科技","浙江","机械基件","ytkj","创业板","20230523","方真健","民营企业","SZSE","L","浙江英特科技股份有限公司","Zhejiang Extek Technology Co., Ltd."
"301408.SZ","301408","华人健康","安徽","医药商业","hrjk","创业板","20230301","何家乐","民营企业","SZSE","L","安徽华人健康医药股份有限公司","Anhui Huaren Health Pharmaceutical Co.,Ltd."
"301413.SZ","301413","安培龙","深圳","电器仪表","apl","创业板","20231218","邬若军","民营企业","SZSE","L","深圳安培龙科技股份有限公司","Shenzhen Ampron Technology Co.,Ltd."
"301418.SZ","301418","协昌科技","江苏","电气设备","xckj","创业板","20230821","顾挺","民营企业","SZSE","L","江苏协昌电子科技集团股份有限公司","Jiangsu Xiechang Electronictechnology Group Co., Ltd."
"301419.SZ","301419","阿莱德","上海","通信设备","ald","创业板","20230209","张耀华","民营企业","SZSE","L","上海阿莱德实业集团股份有限公司","Shanghai Allied Industrial Group Co., Ltd."
"301421.SZ","301421","波长光电","江苏","元器件","bcgd","创业板","20230823","朱敏","民营企业","SZSE","L","南京波长光电科技股份有限公司","Nanjing Wavelength Opto-Electronic Science & Technology Co.,Ltd."
"301428.SZ","301428","世纪恒通","贵州","互联网","sjht","创业板","20230519","杨兴海","民营企业","SZSE","L","世纪恒通科技股份有限公司","Shijihengtong Technology Co., Ltd."
"301429.SZ","301429","森泰股份","安徽","其他建材","stgf","创业板","20230417","唐圣卫","民营企业","SZSE","L","安徽森泰木塑集团股份有限公司","Anhui Sentai Wpc Group Share Co.,Ltd."
"301439.SZ","301439","泓淋电力","山东","电气设备","hldl","创业板","20230317","迟少林","民营企业","SZSE","L","威海市泓淋电力技术股份有限公司","Weihai Honglin Electronic Co., Ltd."
"301446.SZ","301446","福事特","江西","机械基件","fst","创业板","20230725","彭香安","民营企业","SZSE","L","江西福事特液压股份有限公司","Jiangxi First Hydraulic Co., Ltd."
"301448.SZ","301448","开创电气","浙江","机械基件","kcdq","创业板","20230619","吴宁","民营企业","SZSE","L","浙江开创电气股份有限公司","Keystone Electrical(Zhejiang)Co.,Ltd"
"301456.SZ","301456","盘古智能","山东","电气设备","pgzn","创业板","20230714","邵安仓","民营企业","SZSE","L","青岛盘古智能制造股份有限公司","Qingdao Paguld Intelligent Manufacturing Co.,Ltd."
"301458.SZ","301458","钧崴电子","广东","元器件","jwdz","创业板","20250110","颜睿志","外资企业","SZSE","L","钧崴电子科技股份有限公司","Juneway Electronic Technology Co., Ltd."
"301459.SZ","301459","丰茂股份","浙江","汽车配件","zjfm","创业板","20231213","蒋春雷","民营企业","SZSE","L","浙江丰茂科技股份有限公司","Zhejiang Fengmao Technology Co.,Ltd"
"301468.SZ","301468","博盈特焊","广东","专用机械","byth","创业板","20230724","李海生","民营企业","SZSE","L","广东博盈特焊技术股份有限公司","Pourin Special Welding Technology Co., Ltd."
"301469.SZ","301469","恒达新材","浙江","造纸","hdxc","创业板","20230822","潘昌","民营企业","SZSE","L","浙江恒达新材料股份有限公司","Zhejiang Hengda New Material Co.,Ltd."
"301479.SZ","301479","弘景光电","广东","元器件","hjgd","创业板","20250318","赵治平","民营企业","SZSE","L","广东弘景光电科技股份有限公司","Guangdong Hongjing Optoelectronic Technology Inc."
"301486.SZ","301486","致尚科技","深圳","元器件","zskj","创业板","20230707","陈潮先","民营企业","SZSE","L","深圳市致尚科技股份有限公司","Shenzhen Zesum Technology Co., Ltd."
"301487.SZ","301487","盟固利","天津","化工原料","mgl","创业板","20230809","崔根良","民营企业","SZSE","L","天津国安盟固利新材料科技股份有限公司","Tianjin Guoan Mengguli New Materials Science&Technology Co., Ltd."
"301488.SZ","301488","豪恩汽电","深圳","汽车配件","heqd","创业板","20230704","陈金法","民营企业","SZSE","L","深圳市豪恩汽车电子装备股份有限公司","Longhorn Auto Co., Ltd"
"301489.SZ","301489","思泉新材","广东","元器件","sqxc","创业板","20231024","任泽明","民营企业","SZSE","L","广东思泉新材料股份有限公司","Guangdong Suqun New Material Co., Ltd."
"301491.SZ","301491","汉桑科技","江苏","IT设备","hskj","创业板","20250806","王斌","民营企业","SZSE","L","汉桑(南京)科技股份有限公司","Hansong (Nanjing) Technology Limited"
"301498.SZ","301498","乖宝宠物","山东","饲料","gbcw","创业板","20230816","秦华","民营企业","SZSE","L","乖宝宠物食品集团股份有限公司","Gambol Pet Group Co., Ltd."
"301499.SZ","301499","维科精密","上海","汽车配件","wkjm","创业板","20230721","TAN YAN LAI","外资企业","SZSE","L","上海维科精密模塑股份有限公司","Shanghai Vico Precision Mold & Plastics Co.,Ltd."
"301500.SZ","301500","飞南资源","广东","环境保护","fnzy","创业板","20230921","孙雁军","民营企业","SZSE","L","广东飞南资源利用股份有限公司","Guangdong Feinan Resources Recycling Co., Ltd."
"301501.SZ","301501","恒鑫生活","安徽","造纸","hxsh","创业板","20250319","樊砚茹","民营企业","SZSE","L","合肥恒鑫生活科技股份有限公司","Hefei Hengxin Life Science and Technology Co., Ltd."
"301502.SZ","301502","华阳智能","江苏","电气设备","hyzn","创业板","20240202","许云初","民营企业","SZSE","L","江苏华阳智能装备股份有限公司","Jiangsu Huayang Intelligent Equipment Co.,Ltd."
"301503.SZ","301503","智迪科技","广东","IT设备","zdkj","创业板","20230717","谢伟明","民营企业","SZSE","L","珠海市智迪科技股份有限公司","G.Tech Technology Ltd."
"301505.SZ","301505","苏州规划","江苏","建筑工程","szgh","创业板","20230719","","","SZSE","L","苏州规划设计研究院股份有限公司","Suzhou Planning and Design Research Institute Co., Ltd"
"301507.SZ","301507","民生健康","浙江","化学制药","msjk","创业板","20230905","竺福江","民营企业","SZSE","L","杭州民生健康药业股份有限公司","Hangzhou Minsheng Healthcare Co.,Ltd."
"301508.SZ","301508","中机认检","北京","电器仪表","zjrj","创业板","20231201","国务院国有资产监督管理委员会","中央国企","SZSE","L","中机寰宇认证检验股份有限公司","China Machinery Huanyu Certification and Inspection Co., Ltd."
"301509.SZ","301509","金凯生科","辽宁","化学制药","jksk","创业板","20230803","Fumin Wang","外资企业","SZSE","L","金凯(辽宁)生命科技股份有限公司","Kingchem (Liaoning) Life Science Co., Ltd."
"301510.SZ","301510","固高科技","深圳","电器仪表","ggkj","创业板","20230815","李泽湘","民营企业","SZSE","L","固高科技股份有限公司","Googol Technology Co.,Ltd."
"301511.SZ","301511","德福科技","江西","电气设备","dfkj","创业板","20230817","马科","民营企业","SZSE","L","九江德福科技股份有限公司","Jiujiang Defu Technology Co., Ltd."
"301512.SZ","301512","智信精密","深圳","专用机械","zxjm","创业板","20230720","李晓华","民营企业","SZSE","L","深圳市智信精密仪器股份有限公司","Shenzhen Intelligent Precision Instrument Co.,Ltd."
"301515.SZ","301515","港通医疗","四川","医疗保健","gtyl","创业板","20230725","陈永","民营企业","SZSE","L","四川港通医疗设备集团股份有限公司","Sichuan Gangtong Medical Equipment Group Co., Ltd"
"301516.SZ","301516","中远通","深圳","电气设备","zyt","创业板","20231208","吉学龙","民营企业","SZSE","L","深圳市核达中远通电源技术股份有限公司","Shenzhen VAPEL Power Supply Technology Co.,Ltd."
"301517.SZ","301517","陕西华达","陕西","元器件","sxhd","创业板","20231017","陕西省人民政府国有资产监督管理委员会","地方国企","SZSE","L","陕西华达科技股份有限公司","Shaanxi Huada Science Technology Co.,Ltd."
"301518.SZ","301518","长华化学","江苏","化工原料","chhx","创业板","20230803","顾仁发","民营企业","SZSE","L","长华化学科技股份有限公司","Changhua Chemical Technology Co.,Ltd."
"301519.SZ","301519","舜禹股份","安徽","专用机械","sygf","创业板","20230727","邓帮武","民营企业","SZSE","L","安徽舜禹水务股份有限公司","An Hui Shun Yu Water Co.,Ltd."
"301520.SZ","301520","万邦医药","安徽","生物制药","wbyy","创业板","20230925","陶春蕾","民营企业","SZSE","L","安徽万邦医药科技股份有限公司","Anhui Wanbang Pharmaceutical Technology Co.,Ltd."
"301522.SZ","301522","上大股份","河北","小金属","sdgf","创业板","20241016","栾东海","民营企业","SZSE","L","中航上大高温合金材料股份有限公司","Zhonghang Shangda Superalloys Co.,Ltd."
"301525.SZ","301525","儒竞科技","上海","家用电器","rjkj","创业板","20230830","雷淮刚","民营企业","SZSE","L","上海儒竞科技股份有限公司","Shanghai Ruking Technologies Co., Ltd."
"301526.SZ","301526","国际复材","重庆","玻璃","gjfc","创业板","20231226","云南省人民政府国有资产监督管理委员会","地方国企","SZSE","L","重庆国际复合材料股份有限公司","Chongqing Polycomp International Corporation"
"301528.SZ","301528","多浦乐","广东","电器仪表","dpl","创业板","20230828","蔡庆生","民营企业","SZSE","L","广州多浦乐电子科技股份有限公司","Guangzhou Doppler Electronic Technologies Co.,Ltd."
"301529.SZ","301529","福赛科技","安徽","汽车配件","fskj","创业板","20230911","陆文波","民营企业","SZSE","L","芜湖福赛科技股份有限公司","Wuhu Foresight Technology Co., Ltd."
"301533.SZ","301533","威马农机","重庆","农用机械","wmnj","创业板","20230818","严华","民营企业","SZSE","L","威马农机股份有限公司","Weima Agricultural Machinery Co.,Ltd."
"301535.SZ","301535","浙江华远","浙江","汽车配件","zjhy","创业板","20250327","姜肖斐","民营企业","SZSE","L","浙江华远汽车科技股份有限公司","Zhejiang Huayuan Auto Technology Co.,Ltd."
"301536.SZ","301536","星宸科技","福建","半导体","xckj","创业板","20240328","无实际控制人","无","SZSE","L","星宸科技股份有限公司","SigmaStar Technology Ltd."
"301538.SZ","301538","骏鼎达","深圳","塑料","jdd","创业板","20240320","杨凤凯","民营企业","SZSE","L","深圳市骏鼎达新材料股份有限公司","Shenzhen Jdd Tech New Material Co., Ltd"
"301539.SZ","301539","宏鑫科技","浙江","汽车配件","hxkj","创业板","20240415","王文志","民营企业","SZSE","L","浙江宏鑫科技股份有限公司","ZheJiang HongXin Technology Co., Ltd."
"301548.SZ","301548","崇德科技","湖南","机械基件","cdkj","创业板","20230920","周少华","民营企业","SZSE","L","湖南崇德科技股份有限公司","Hunan Sund Technological Corporation"
"301550.SZ","301550","斯菱股份","浙江","汽车配件","slgf","创业板","20230915","姜岭","民营企业","SZSE","L","浙江斯菱汽车轴承股份有限公司","Zhejiang Sling Automobile Bearing Co.,Ltd"
"301551.SZ","301551","无线传媒","河北","影视音像","wxcm","创业板","20240926","河北广播电视台","地方国企","SZSE","L","河北广电无线传媒股份有限公司","Hebei Broadcasting Wireless Media Co., Ltd."
"301552.SZ","301552","科力装备","河北","汽车配件","klzb","创业板","20240722","张万武","民营企业","SZSE","L","河北科力汽车装备股份有限公司","Hebei Keli Automobile Equipment Co., Ltd."
"301555.SZ","301555","惠柏新材","上海","化工原料","hbxc","创业板","20231031","杨裕镜","外资企业","SZSE","L","惠柏新材料科技(上海)股份有限公司","Wells Advanced Materials (Shanghai) Co.,Ltd."
"301556.SZ","301556","托普云农","浙江","软件服务","tpyn","创业板","20241017","陈丽婷","民营企业","SZSE","L","浙江托普云农科技股份有限公司","Zhejiang Top Cloud-Agri Technology Co., Ltd."
"301557.SZ","301557","常友科技","江苏","电气设备","cykj","创业板","20250304","刘文叶","民营企业","SZSE","L","江苏常友环保科技股份有限公司","Jiangsu Changyou Environmental Protection Technology Co., Ltd."
"301558.SZ","301558","三态股份","深圳","互联网","stgf","创业板","20230928","ZHONGBIN SUN","外资企业","SZSE","L","深圳市三态电子商务股份有限公司","SFC Holdings Co., Ltd."
"301559.SZ","301559","中集环科","江苏","专用机械","zjhk","创业板","20231011","无实际控制人","无","SZSE","L","中集安瑞环科技股份有限公司","CIMC Safeway Technologies Co., Ltd."
"301560.SZ","301560","众捷汽车","江苏","汽车配件","zjqc","创业板","20250425","孙文伟","民营企业","SZSE","L","苏州众捷汽车零部件股份有限公司","PXI Auto Components (Suzhou) Co., Ltd."
"301563.SZ","301563","C云汉","上海","元器件","yhxc","创业板","20250930","","","SZSE","L","云汉芯城(上海)互联网科技股份有限公司","ICkey (Shanghai)Internet and Technology Co.,Ltd."
"301565.SZ","301565","中仑新材","福建","塑料","zlxc","创业板","20240620","杨清金","民营企业","SZSE","L","中仑新材料股份有限公司","Sinolong New Materials Co., Ltd."
"301566.SZ","301566","达利凯普","辽宁","元器件","dlkp","创业板","20231229","赵丰","民营企业","SZSE","L","大连达利凯普科技股份公司","Dalian Dalicap Technology Co.,Ltd."
"301567.SZ","301567","贝隆精密","浙江","元器件","bljm","创业板","20240116","杨炯","民营企业","SZSE","L","贝隆精密科技股份有限公司","Beilong Precision Technology Co., Ltd."
"301568.SZ","301568","思泰克","福建","专用机械","stk","创业板","20231128","陈志忠","民营企业","SZSE","L","厦门思泰克智能科技股份有限公司","Xiamen Sinic-Tek Intelligent Technology Co., Ltd."
"301571.SZ","301571","国科天成","北京","元器件","gktc","创业板","20240821","罗珏典","民营企业","SZSE","L","国科天成科技股份有限公司","Teemsun Technology Co.,Ltd"
"301575.SZ","301575","艾芬达","江西","家居用品","afd","创业板","20250910","吴剑斌","民营企业","SZSE","L","江西艾芬达暖通科技股份有限公司","Jiangxi Avonflow Hvac Tech Co.,Ltd."
"301577.SZ","301577","美信科技","广东","元器件","mxkj","创业板","20240124","张定珍","民营企业","SZSE","L","广东美信科技股份有限公司","Guangdong Misun Technology Co., Ltd."
"301578.SZ","301578","辰奕智能","广东","IT设备","cyzn","创业板","20231228","胡卫清","民营企业","SZSE","L","广东辰奕智能科技股份有限公司","Guangdong Seneasy Intelligent Technology Co.,Ltd."
"301580.SZ","301580","爱迪特","河北","医疗保健","adt","创业板","20240626","李洪文","民营企业","SZSE","L","爱迪特(秦皇岛)科技股份有限公司","Aidite (Qinhuangdao) Technology Co., Ltd."
"301581.SZ","301581","黄山谷捷","安徽","半导体","hsgj","创业板","20250103","黄山市供销合作社联合社","地方国企","SZSE","L","黄山谷捷股份有限公司","HuangShan Googe Co.,Ltd."
"301584.SZ","301584","建发致新","上海","医药商业","jfzx","创业板","20250925","厦门市人民政府国有资产监督管理委员会","地方国企","SZSE","L","上海建发致新医疗科技集团股份有限公司","Shanghai C&D INNOSTIC Medical Technology Group Co., Ltd."
"301585.SZ","301585","蓝宇股份","浙江","染料涂料","lygf","创业板","20241220","郭振荣","民营企业","SZSE","L","浙江蓝宇数码科技股份有限公司","Zhejiang Lanyu Digital Technology Co.,Ltd"
"301586.SZ","301586","佳力奇","安徽","航空","jlq","创业板","20240828","路强","民营企业","SZSE","L","安徽佳力奇先进复合材料科技股份公司","Anhui Jialiqi Advanced Composites Technology Co., Ltd."
"301587.SZ","301587","中瑞股份","江苏","电气设备","zrgf","创业板","20240408","杨学新","民营企业","SZSE","L","常州武进中瑞电子科技股份有限公司","Changzhou Wujin Zhongrui Electronic Technology Co., Ltd."
"301588.SZ","301588","美新科技","广东","家居用品","mxkj","创业板","20240313","林东亮","外资企业","SZSE","L","美新科技股份有限公司","Newtechwood Corporation"
"301589.SZ","301589","诺瓦星云","陕西","IT设备","nwxy","创业板","20240208","袁胜春","民营企业","SZSE","L","西安诺瓦星云科技股份有限公司","Xi'an Novastar Tech Co., Ltd."
"301590.SZ","301590","优优绿能","深圳","电气设备","yyln","创业板","20250605","柏建国","民营企业","SZSE","L","深圳市优优绿能股份有限公司","Shenzhen UUGreenPower Co., Ltd."
"301591.SZ","301591","肯特股份","江苏","塑料","ktgf","创业板","20240228","杨文光","民营企业","SZSE","L","南京肯特复合材料股份有限公司","Nanjing Comptech Composites Corporation"
"301592.SZ","301592","六九一二","四川","软件服务","ljye","创业板","20241024","蒋家德","民营企业","SZSE","L","四川六九一二通信技术股份有限公司","Sichuan 6912 Communication Technology Co.,Ltd."
"301595.SZ","301595","太力科技","广东","橡胶","tlkj","创业板","20250519","石正兵","民营企业","SZSE","L","广东太力科技集团股份有限公司","Guangdong Taili Technology Group Co.,Ltd."
"301596.SZ","301596","瑞迪智驱","四川","机械基件","rdzq","创业板","20240513","卢晓蓉","民营企业","SZSE","L","成都瑞迪智驱科技股份有限公司","Reach Machinery Co.,Ltd."
"301598.SZ","301598","博科测试","北京","专用机械","bkcs","创业板","20241220","李景列","民营企业","SZSE","L","北京博科测试系统股份有限公司","BBK Test Systems Co., Ltd."
"301600.SZ","301600","慧翰股份","福建","通信设备","hhgf","创业板","20240911","陈国鹰","民营企业","SZSE","L","慧翰微电子股份有限公司","Flaircomm Microelectronics,Inc."
"301601.SZ","301601","惠通科技","江苏","专用机械","htkj","创业板","20250115","严旭明","民营企业","SZSE","L","扬州惠通科技股份有限公司","Yangzhou Huitong Technology Corp., Ltd."
"301602.SZ","301602","超研股份","广东","医疗保健","cygf","创业板","20250122","李德来","民营企业","SZSE","L","汕头市超声仪器研究所股份有限公司","Shantou Institute of Ultrasonic Instrument Co., Ltd."
"301603.SZ","301603","乔锋智能","广东","机床制造","qfzn","创业板","20240710","蒋修华","民营企业","SZSE","L","乔锋智能装备股份有限公司","Jirfine Intelligent Equipment Co., Ltd."
"301606.SZ","301606","绿联科技","深圳","元器件","llkj","创业板","20240726","张清森","民营企业","SZSE","L","深圳市绿联科技股份有限公司","Ugreen Group Limited"
"301607.SZ","301607","富特科技","浙江","汽车配件","ftkj","创业板","20240904","李宁川","民营企业","SZSE","L","浙江富特科技股份有限公司","Zhejiang EV-Tech Co.,Ltd."
"301608.SZ","301608","博实结","深圳","通信设备","bsj","创业板","20240801","周小强","民营企业","SZSE","L","深圳市博实结科技股份有限公司","Shenzhen Boshijie Technology Co.,Ltd."
"301609.SZ","301609","山大电力","山东","电气设备","sddl","创业板","20250723","山东大学","校办企业","SZSE","L","山东山大电力技术股份有限公司","Shandong University Electric Power Technology Co., Ltd."
"301611.SZ","301611","珂玛科技","江苏","半导体","kmkj","创业板","20240816","刘先兵","民营企业","SZSE","L","苏州珂玛材料科技股份有限公司","Suzhou Kematek, Inc."
"301613.SZ","301613","新铝时代","重庆","汽车配件","xlsd","创业板","20241025","何峰","民营企业","SZSE","L","重庆新铝时代科技股份有限公司","Alnera Aluminium Co., Ltd."
"301616.SZ","301616","浙江华业","浙江","机械基件","zjhy","创业板","20250327","夏瑜键","民营企业","SZSE","L","浙江华业塑料机械股份有限公司","Zhejiang Huaye Plastics Machinery Co., Ltd."
"301617.SZ","301617","博苑股份","山东","化工原料","bygf","创业板","20241211","李成林","民营企业","SZSE","L","山东博苑医药化学股份有限公司","Shandong Boyuan Pharmaceutical &Chemical Co.,Ltd"
"301618.SZ","301618","长联科技","广东","染料涂料","clkj","创业板","20240930","卢开平","民营企业","SZSE","L","东莞长联新材料科技股份有限公司","Dongguan Changlian New Materials Technology Co., Ltd."
"301622.SZ","301622","英思特","内蒙","矿物制品","yst","创业板","20241204","周保平","民营企业","SZSE","L","包头市英思特稀磁新材料股份有限公司","Baotou INST Magnetic New Materials Co.,Ltd"
"301626.SZ","301626","苏州天脉","江苏","元器件","sztm","创业板","20241024","谢毅","民营企业","SZSE","L","苏州天脉导热科技股份有限公司","Suzhou Tianmai Thermal Technology Co., Ltd."
"301628.SZ","301628","强达电路","深圳","元器件","qddl","创业板","20241031","祝小华","民营企业","SZSE","L","深圳市强达电路股份有限公司","Shenzhen Q&D Circuits Co., Ltd."
"301629.SZ","301629","矽电股份","深圳","半导体","xdgf","创业板","20250324","何沁修","民营企业","SZSE","L","矽电半导体设备(深圳)股份有限公司","Sidea Semiconductor Equipment (Shenzhen) Co., Ltd."
"301630.SZ","301630","同宇新材","广东","化工原料","tyxc","创业板","20250710","张驰","民营企业","SZSE","L","同宇新材料(广东)股份有限公司","Tongyu Advanced Materials (Guangdong) Co., Ltd"
"301631.SZ","301631","壹连科技","深圳","元器件","ylkj","创业板","20241122","田王星","民营企业","SZSE","L","深圳壹连科技股份有限公司","Shenzhen Uniconn Technology Co.,Ltd."
"301632.SZ","301632","广东建科","广东","建筑工程","gdjk","创业板","20250812","广东省人民政府国有资产监督管理委员会","地方国企","SZSE","L","广东省建筑科学研究院集团股份有限公司","Guangdong Provincial Academy of Building Research Group Co., Ltd."
"301633.SZ","301633","港迪技术","湖北","专用机械","gdjs","创业板","20241107","向爱国","民营企业","SZSE","L","武汉港迪技术股份有限公司","Wuhan Guide Technology Co., Ltd."
"301636.SZ","301636","泽润新能","江苏","电气设备","zrxn","创业板","20250516","陈泽鹏","民营企业","SZSE","L","江苏泽润新能科技股份有限公司","Zerun Co., Ltd"
"301656.SZ","301656","联合动力","江苏","汽车配件","lhdl","创业板","20250925","","","SZSE","L","苏州汇川联合动力系统股份有限公司","Suzhou Inovance Automotive Co., Ltd."
"301658.SZ","301658","首航新能","深圳","电气设备","shxn","创业板","20250402","许韬","民营企业","SZSE","L","深圳市首航新能源股份有限公司","Shenzhen Sofarsolar Co., Ltd."
"301662.SZ","301662","宏工科技","广东","专用机械","hgkj","创业板","20250417","罗才华","民营企业","SZSE","L","宏工科技股份有限公司","Ongoal Technology Co.,Ltd."
"301665.SZ","301665","泰禾股份","江苏","农药化肥","thgf","创业板","20250411","田晓宏","民营企业","SZSE","L","南通泰禾化工股份有限公司","CAC Nantong Chemical Co., Ltd."
"301668.SZ","301668","C昊创","北京","电气设备","hcrt","创业板","20250926","段友涛","民营企业","SZSE","L","北京昊创瑞通电气设备股份有限公司","Beijing HCRT Electrical Equipments Co.,Ltd."
"301678.SZ","301678","新恒汇","山东","半导体","xhh","创业板","20250620","虞仁荣","民营企业","SZSE","L","新恒汇电子股份有限公司","HENGHUI Technology Corporation Limited"
"302132.SZ","302132","中航成飞","陕西","电器仪表","zhcf","创业板","20100827","","","SZSE","L","中航成飞股份有限公司","Avic Chengdu Aircraft Company Limited"
"600000.SH","600000","浦发银行","上海","银行","pfyh","主板","19991110","上海市国有资产监督管理委员会","地方国企","SSE","L","上海浦东发展银行股份有限公司","Shanghai Pudong Development Bank Co.,Ltd."
"600004.SH","600004","白云机场","广东","机场","byjc","主板","20030428","","","SSE","L","广州白云国际机场股份有限公司","Guangzhou Baiyun International Airport Company Limited"
"600006.SH","600006","东风股份","湖北","汽车整车","dfgf","主板","19990727","东风汽车有限公司","中央国企","SSE","L","东风汽车股份有限公司","Dongfeng Automobile Co.,Ltd."
"600007.SH","600007","中国国贸","北京","园区开发","zggm","主板","19990312","香格里拉(亚洲)有限公司","外资企业","SSE","L","中国国际贸易中心股份有限公司","China World Trade Center Co.,Ltd."
"600008.SH","600008","首创环保","北京","水务","schb","主板","20000427","","","SSE","L","北京首创生态环保集团股份有限公司","Beijing Capital Eco-Environment Protection Group Co.,Ltd."
"600009.SH","600009","上海机场","上海","机场","shjc","主板","19980218","上海市国有资产监督管理委员会","地方国企","SSE","L","上海国际机场股份有限公司","Shanghai International Airport Co.,Ltd."
"600010.SH","600010","包钢股份","内蒙","普钢","bggf","主板","20010309","","","SSE","L","内蒙古包钢钢联股份有限公司","Inner Mongolia Baotou Steel Union Co.,Ltd"
"600011.SH","600011","华能国际","北京","火力发电","hngj","主板","20011206","","","SSE","L","华能国际电力股份有限公司","Huaneng Power International,Inc."
"600012.SH","600012","皖通高速","安徽","路桥","wtgs","主板","20030107","","","SSE","L","安徽皖通高速公路股份有限公司","Anhui Expressway Company Limited"
"600015.SH","600015","华夏银行","北京","银行","hxyh","主板","20030912","无实际控制人","无","SSE","L","华夏银行股份有限公司","Hua Xia Bank Co.,Limited"
"600016.SH","600016","民生银行","北京","银行","msyh","主板","20001219","","","SSE","L","中国民生银行股份有限公司","China Minsheng Banking Corp., Ltd."
"600017.SH","600017","日照港","山东","港口","rzg","主板","20061017","日照市人民政府","地方国企","SSE","L","日照港股份有限公司","Rizhao Port Co.,Ltd"
"600018.SH","600018","上港集团","上海","港口","sgjt","主板","20061026","上海市国有资产监督管理委员会","地方国企","SSE","L","上海国际港务(集团)股份有限公司","Shanghai International Port (Group) Co., Ltd."
"600019.SH","600019","宝钢股份","上海","普钢","bggf","主板","20001212","","","SSE","L","宝山钢铁股份有限公司","Baoshan Iron & Steel Co.,Ltd."
"600020.SH","600020","中原高速","河南","路桥","zygs","主板","20030808","","","SSE","L","河南中原高速公路股份有限公司","Henan Zhongyuan Expressway Co.,Ltd."
"600021.SH","600021","上海电力","上海","火力发电","shdl","主板","20031029","国务院国有资产监督管理委员会","中央国企","SSE","L","上海电力股份有限公司","Shanghai Electric Power Co.,Ltd"
"600022.SH","600022","山东钢铁","山东","普钢","sdgt","主板","20040629","","","SSE","L","山东钢铁股份有限公司","Shandong Iron and Steel Company Ltd"
"600023.SH","600023","浙能电力","浙江","火力发电","zndl","主板","20131219","","","SSE","L","浙江浙能电力股份有限公司","Zhejiang Zheneng Electric Power Co.,Ltd"
"600025.SH","600025","华能水电","云南","水力发电","hnsd","主板","20171215","","","SSE","L","华能澜沧江水电股份有限公司","Huaneng Lancang River Hydropower Inc."
"600026.SH","600026","中远海能","上海","水运","zyhn","主板","20020523","","","SSE","L","中远海运能源运输股份有限公司","COSCO SHIPPING Energy Transportation Co., Ltd."
"600027.SH","600027","华电国际","山东","火力发电","hdgj","主板","20050203","","","SSE","L","华电国际电力股份有限公司","Huadian Power International Corporation Limited"
"600028.SH","600028","中国石化","北京","石油加工","zgsh","主板","20010808","","","SSE","L","中国石油化工股份有限公司","China Petroleum & Chemical Corporation"
"600029.SH","600029","南方航空","广东","空运","nfhk","主板","20030725","","","SSE","L","中国南方航空股份有限公司","China Southern Airlines Company Limited"
"600030.SH","600030","中信证券","深圳","证券","zxzq","主板","20030106","中华人民共和国财政部","中央国企","SSE","L","中信证券股份有限公司","CITIC Securities Company Limited"
"600031.SH","600031","三一重工","北京","工程机械","syzg","主板","20030703","","","SSE","L","三一重工股份有限公司","Sany Heavy Industry Co.,Ltd"
"600032.SH","600032","浙江新能","浙江","新型电力","zjxn","主板","20210525","浙江省人民政府国有资产监督管理委员会","地方国企","SSE","L","浙江省新能源投资集团股份有限公司","Zhejiang Provincial New Energy Investment Group Co., Ltd."
"600033.SH","600033","福建高速","福建","路桥","fjgs","主板","20010209","","","SSE","L","福建发展高速公路股份有限公司","Fujian Expressway Development Co.,Ltd"
"600035.SH","600035","楚天高速","湖北","路桥","ctgs","主板","20040310","","","SSE","L","湖北楚天智能交通股份有限公司","Hubei Chutian Smart Communication Co.,Ltd."
"600036.SH","600036","招商银行","深圳","银行","zsyh","主板","20020409","","","SSE","L","招商银行股份有限公司","China Merchants Bank Co., Ltd."
"600037.SH","600037","歌华有线","北京","影视音像","ghyx","主板","20010208","中华人民共和国中央人民政府","中央国企","SSE","L","北京歌华有线电视网络股份有限公司","Beijing Gehua Catv Network Co.,Ltd."
"600038.SH","600038","中直股份","黑龙江","航空","zzgf","主板","20001218","","","SSE","L","中航直升机股份有限公司","Avicopter Plc."
"600039.SH","600039","四川路桥","四川","建筑工程","sclq","主板","20030325","四川省政府国有资产监督管理委员会","地方国企","SSE","L","四川路桥建设集团股份有限公司","Sichuan Road & Bridge Group Co.,Ltd."
"600048.SH","600048","保利发展","广东","全国地产","blfz","主板","20060731","","","SSE","L","保利发展控股集团股份有限公司","Poly Developments and Holdings Group Co., Ltd"
"600050.SH","600050","中国联通","北京","电信运营","zglt","主板","20021009","","","SSE","L","中国联合网络通信股份有限公司","China United Network Communications Limited"
"600051.SH","600051","宁波联合","浙江","综合类","nblh","主板","19970410","","","SSE","L","宁波联合集团股份有限公司","Ningbo United Group Co.,Ltd."
"600052.SH","600052","东望时代","浙江","供气供热","dwsd","主板","19970415","东阳市人民政府国有资产监督管理办公室","地方国企","SSE","L","浙江东望时代科技股份有限公司","Zhejiang Dongwang Times Technology Co., Ltd."
"600053.SH","600053","九鼎投资","江西","多元金融","jdtz","主板","19970418","江西省国有资产监督管理委员会","地方国企","SSE","L","昆吾九鼎投资控股股份有限公司","Kunwu Jiuding Investment Holdings Co., Ltd"
"600054.SH","600054","黄山旅游","安徽","旅游景点","hsly","主板","19970506","","","SSE","L","黄山旅游发展股份有限公司","Huangshan Tourism Development Co.,Ltd."
"600055.SH","600055","万东医疗","北京","医疗保健","wdyl","主板","19970519","何享健","民营企业","SSE","L","北京万东医疗科技股份有限公司","Beijing Wandong Medical Technology Co., Ltd."
"600056.SH","600056","中国医药","北京","医药商业","zgyy","主板","19970515","","","SSE","L","中国医药健康产业股份有限公司","China Meheco Group Co., Ltd."
"600057.SH","600057","厦门象屿","福建","仓储物流","xmxy","主板","19970604","厦门市人民政府国有资产监督管理委员会","地方国企","SSE","L","厦门象屿股份有限公司","Xiamen Xiangyu Co., Ltd."
"600058.SH","600058","五矿发展","北京","商贸代理","wkfz","主板","19970528","","","SSE","L","五矿发展股份有限公司","Minmetals Development Co.,Ltd"
"600059.SH","600059","古越龙山","浙江","红黄酒","gyls","主板","19970516","绍兴市人民政府国有资产监督管理委员会","地方国企","SSE","L","浙江古越龙山绍兴酒股份有限公司","Zhejiang Guyuelongshan Shaoxing Wine Co.,Ltd"
"600060.SH","600060","海信视像","山东","家用电器","hxsx","主板","19970422","青岛市人民政府国有资产监督管理委员会","地方国企","SSE","L","海信视像科技股份有限公司","Hisense Visual Technology Co.,Ltd."
"600061.SH","600061","国投资本","上海","证券","gtzb","主板","19970519","","","SSE","L","国投资本股份有限公司","SDIC Capital Co., Ltd"
"600062.SH","600062","华润双鹤","北京","化学制药","hrsh","主板","19970522","","","SSE","L","华润双鹤药业股份有限公司","China Resources Double-Crane Pharmaceutical Co.,Ltd."
"600063.SH","600063","皖维高新","安徽","化纤","wwgx","主板","19970528","","","SSE","L","安徽皖维高新材料股份有限公司","Anhui Wanwei Updated High-Tech Material Industry Co.,Ltd"
"600064.SH","600064","南京高科","江苏","园区开发","njgk","主板","19970506","","","SSE","L","南京高科股份有限公司","Nanjing Gaoke Company Limited"
"600066.SH","600066","宇通客车","河南","汽车整车","ytkc","主板","19970508","汤玉祥","民营企业","SSE","L","宇通客车股份有限公司","Yutong Bus Co.,Ltd."
"600067.SH","600067","冠城新材","福建","电气设备","gcxc","主板","19970508","韩国龙","外资企业","SSE","L","冠城大通新材料股份有限公司","Citychamp Dartong Advanced Materials Co.,Ltd."
"600071.SH","600071","凤凰光学","江西","元器件","fhgx","主板","19970528","江西省国有资产监督管理委员会","地方国企","SSE","L","凤凰光学股份有限公司","Phenix Optics Company Limited"
"600072.SH","600072","中船科技","上海","电气设备","zckj","主板","19970603","","","SSE","L","中船科技股份有限公司","CSSC Science & Technology Co., Ltd"
"600073.SH","600073","光明肉业","上海","食品","gmry","主板","19970704","上海市国有资产监督管理委员会","地方国企","SSE","L","上海光明肉业集团股份有限公司","Shanghai Bright Meat Group Co.,Ltd."
"600075.SH","600075","新疆天业","新疆","化工原料","xjty","主板","19970617","新疆生产建设兵团第八师国有资产监督管理委员会(石河子市国有资产监督管理委员会)","地方国企","SSE","L","新疆天业股份有限公司","Xinjiang Tianye Co.,Ltd."
"600076.SH","600076","康欣新材","山东","广告包装","kxxc","主板","19970526","无锡市人民政府国有资产监督管理委员会","地方国企","SSE","L","康欣新材料股份有限公司","Kangxin New Materials Co.,Ltd"
"600078.SH","600078","澄星股份","江苏","化工原料","cxgf","主板","19970627","李星星","民营企业","SSE","L","江苏澄星磷化工股份有限公司","Jiangsu Chengxing Phosph-Chemicals Co.,Ltd."
"600079.SH","600079","人福医药","湖北","化学制药","rfyy","主板","19970606","","","SSE","L","人福医药集团股份公司","Humanwell Healthcare (Group) Co.,Ltd."
"600080.SH","600080","金花股份","陕西","中成药","jhgf","主板","19970612","邢博越","民营企业","SSE","L","金花企业(集团)股份有限公司","Ginwa Enterprise (Group) Inc."
"600081.SH","600081","东风科技","上海","汽车配件","dfkj","主板","19970703","国务院国有资产监督管理委员会","中央国企","SSE","L","东风电子科技股份有限公司","Dong Feng Electronic Technology Co.,Ltd."
"600082.SH","600082","海泰发展","天津","园区开发","htfz","主板","19970620","","","SSE","L","天津海泰科技发展股份有限公司","Tianjin Hi-Tech Development Co.,Ltd."
"600084.SH","600084","中信尼雅","新疆","红黄酒","zxny","主板","19970711","","","SSE","L","中信尼雅葡萄酒股份有限公司","Citic Niya Wine Co., Ltd."
"600085.SH","600085","同仁堂","北京","中成药","trt","主板","19970625","","","SSE","L","北京同仁堂股份有限公司","Beijing Tong Ren Tang Co., Ltd"
"600088.SH","600088","中视传媒","上海","影视音像","zscm","主板","19970616","中央广播电视总台","中央国企","SSE","L","中视传媒股份有限公司","China Television Media,Ltd."
"600089.SH","600089","特变电工","新疆","电气设备","tbdg","主板","19970618","","","SSE","L","特变电工股份有限公司","TBEA Co.,Ltd."
"600094.SH","600094","大名城","上海","区域地产","dmc","主板","19970703","俞培俤","外资企业","SSE","L","上海大名城企业股份有限公司","Greattown Holdings Ltd."
"600095.SH","600095","湘财股份","黑龙江","证券","xcgf","主板","19970708","黄伟","民营企业","SSE","L","湘财股份有限公司","Xiangcai Co.,Ltd"
"600096.SH","600096","云天化","云南","农药化肥","yth","主板","19970709","","","SSE","L","云南云天化股份有限公司","Yunnan Yuntianhua Co.,Ltd"
"600097.SH","600097","开创国际","上海","渔业","kcgj","主板","19970619","上海市国有资产监督管理委员会","地方国企","SSE","L","上海开创国际海洋资源股份有限公司","Shanghai Kaichuang Marine International Co.,Ltd."
"600098.SH","600098","广州发展","广东","火力发电","gzfz","主板","19970718","","","SSE","L","广州发展集团股份有限公司","Guangzhou Development Group Incorporated"
"600099.SH","600099","林海股份","江苏","汽车整车","lhgf","主板","19970704","","","SSE","L","林海股份有限公司","Linhai Co.,Ltd."
"600100.SH","600100","同方股份","北京","IT设备","tfgf","主板","19970627","国务院国有资产监督管理委员会","中央国企","SSE","L","同方股份有限公司","Tsinghua Tongfang Co.,Ltd."
"600101.SH","600101","明星电力","四川","水力发电","mxdl","主板","19970627","","","SSE","L","四川明星电力股份有限公司","Sichuan Mingxing Electric Power Co.,Ltd."
"600103.SH","600103","青山纸业","福建","造纸","qszy","主板","19970703","","","SSE","L","福建省青山纸业股份有限公司","Fujian Qingshan Paper Industry Co.,Ltd."
"600104.SH","600104","上汽集团","上海","汽车整车","sqjt","主板","19971125","上海市国有资产监督管理委员会","地方国企","SSE","L","上海汽车集团股份有限公司","SAIC Motor Corporation Limited"
"600105.SH","600105","永鼎股份","江苏","通信设备","ydgf","主板","19970929","","","SSE","L","江苏永鼎股份有限公司","Jiangsu Etern Company Limited"
"600106.SH","600106","重庆路桥","重庆","路桥","cqlq","主板","19970618","","","SSE","L","重庆路桥股份有限公司","Chongqing Road&Bridge Co.,Ltd"
"600107.SH","600107","ST尔雅","湖北","服饰","stey","主板","19971106","郑继平","民营企业","SSE","L","湖北美尔雅股份有限公司","Hubei Mailyard Share Co.,Ltd"
"600108.SH","600108","亚盛集团","甘肃","种植业","ysjt","主板","19970818","","","SSE","L","甘肃亚盛实业(集团)股份有限公司","Gansu Yasheng Industrial (Group) Co.,Ltd"
"600109.SH","600109","国金证券","四川","证券","gjzq","主板","19970807","","","SSE","L","国金证券股份有限公司","Sinolink Securities Co., Ltd."
"600110.SH","600110","诺德股份","吉林","电气设备","ndgf","主板","19971007","","","SSE","L","诺德新材料股份有限公司","Nuode New Materials Co.,Ltd."
"600111.SH","600111","北方稀土","内蒙","小金属","bfxt","主板","19970924","","","SSE","L","中国北方稀土(集团)高科技股份有限公司","China Northern Rare Earth (Group) High-Tech Co.,Ltd"
"600113.SH","600113","浙江东日","浙江","区域地产","zjdr","主板","19971021","温州东方集团有限公司","地方国企","SSE","L","浙江东日股份有限公司","Zhejiang Dong Ri Limited Company"
"600114.SH","600114","东睦股份","浙江","机械基件","dmgf","主板","20040511","","","SSE","L","东睦新材料集团股份有限公司","NBTM New Materials Group Co., Ltd."
"600115.SH","600115","中国东航","上海","空运","zgdh","主板","19971105","","","SSE","L","中国东方航空股份有限公司","China Eastern Airlines Corporation Limited"
"600116.SH","600116","三峡水利","重庆","水力发电","sxsl","主板","19970804","","","SSE","L","重庆三峡水利电力(集团)股份有限公司","Chongqing Three Gorges Water Conservancy and Electric Power Co.,Ltd."
"600117.SH","600117","西宁特钢","青海","特种钢","xntg","主板","19971015","","","SSE","L","西宁特殊钢股份有限公司","Xining Special Steel Co.,Ltd"
"600118.SH","600118","中国卫星","北京","航空","zgwx","主板","19970908","","","SSE","L","中国东方红卫星股份有限公司","China Spacesat Co.,Ltd."
"600119.SH","600119","长江投资","上海","仓储物流","cjtz","主板","19980115","上海市国有资产监督管理委员会","地方国企","SSE","L","长发集团长江投资实业股份有限公司","Y.U.D.Yangtze River Investment Industry Co.,Ltd."
"600120.SH","600120","浙江东方","浙江","多元金融","zjdf","主板","19971201","","","SSE","L","浙江东方金融控股集团股份有限公司","Zhejiang Orient Financial Holdings Group Co.,Ltd."
"600121.SH","600121","郑州煤电","河南","煤炭开采","zzmd","主板","19980107","","","SSE","L","郑州煤电股份有限公司","Zhengzhou Coal Industry & Electric Power Co.,Ltd"
"600123.SH","600123","兰花科创","山西","煤炭开采","lhkc","主板","19981217","","","SSE","L","山西兰花科技创业股份有限公司","Shanxi Lanhua Sci-Tech Venture Co.,Ltd"
"600125.SH","600125","铁龙物流","辽宁","铁路","tlwl","主板","19980511","中国国家铁路集团有限公司","中央国企","SSE","L","中铁铁龙集装箱物流股份有限公司","China Railway Tielong Container Logistics Co.,Ltd"
"600126.SH","600126","杭钢股份","浙江","普钢","hggf","主板","19980311","","","SSE","L","杭州钢铁股份有限公司","Hang Zhou Iron & Steel Co.,Ltd."
"600127.SH","600127","金健米业","湖南","农业综合","jjmy","主板","19980506","长沙市人民政府国有资产监督管理委员会","地方国企","SSE","L","金健米业股份有限公司","Jinjian Cereals Industry Co.,Ltd."
"600128.SH","600128","苏豪弘业","江苏","商贸代理","shhy","主板","19970901","江苏省政府国有资产监督管理委员会","地方国企","SSE","L","苏豪弘业股份有限公司","Soho Holly Corporation"
"600129.SH","600129","太极集团","重庆","中成药","tjjt","主板","19971118","重庆市涪陵区国有资产监督管理委员会","地方国企","SSE","L","重庆太极实业(集团)股份有限公司","Chongqing Taiji Industry (Group) Co.,Ltd"
"600130.SH","600130","*ST波导","浙江","元器件","stbd","主板","20000706","徐立华","民营企业","SSE","L","宁波波导股份有限公司","Ningbo Bird Co.,Ltd."
"600131.SH","600131","国网信通","四川","通信设备","gwxt","主板","19980402","","","SSE","L","国网信息通信股份有限公司","State Grid Information&Telecommunication Co.,Ltd"
"600132.SH","600132","重庆啤酒","重庆","啤酒","cqpj","主板","19971030","重庆市国有资产监督管理委员会","地方国企","SSE","L","重庆啤酒股份有限公司","Chongqing Brewery Co.,Ltd."
"600133.SH","600133","东湖高新","湖北","环境保护","dhgx","主板","19980212","","","SSE","L","武汉东湖高新集团股份有限公司","Wuhan East Lake High Technology Group Co.,Ltd."
"600135.SH","600135","乐凯胶片","河北","塑料","lkjp","主板","19980122","中国航天科技集团有限公司","中央国企","SSE","L","乐凯胶片股份有限公司","Lucky Film Company Limited"
"600136.SH","600136","ST明诚","湖北","房产服务","stmc","主板","19980303","武汉市人民政府国有资产监督管理委员会","地方国企","SSE","L","武汉明诚文化体育集团股份有限公司","Wuhan Mc Culture & Sports Co.,Ltd."
"600137.SH","600137","浪莎股份","四川","服饰","lsgf","主板","19980416","","","SSE","L","四川浪莎控股股份有限公司","Sichuan Langsha Holding Ltd."
"600138.SH","600138","中青旅","北京","旅游景点","zql","主板","19971203","","","SSE","L","中青旅控股股份有限公司","China CYTS Tours Holding Co.,Ltd."
"600141.SH","600141","兴发集团","湖北","农药化肥","xfjt","主板","19990616","","","SSE","L","湖北兴发化工集团股份有限公司","Hubei Xingfa Chemicals Group Co.,Ltd"
"600143.SH","600143","金发科技","广东","塑料","jfkj","主板","20040623","","","SSE","L","金发科技股份有限公司","Kingfa Sci.&Tech. Co.,Ltd."
"600148.SH","600148","长春一东","吉林","汽车配件","ccyd","主板","19980520","","","SSE","L","长春一东离合器股份有限公司","Changchun Yidong Clutch Co.,Ltd"
"600149.SH","600149","廊坊发展","河北","综合类","lffz","主板","19991014","廊坊市自然资源和规划局(廊坊市林业局)","地方国企","SSE","L","廊坊发展股份有限公司","Langfang Development Co.,Ltd."
"600150.SH","600150","中国船舶","上海","船舶","zgcb","主板","19980520","","","SSE","L","中国船舶工业股份有限公司","China CSSC Holdings Limited"
"600151.SH","600151","航天机电","上海","汽车配件","htjd","主板","19980605","","","SSE","L","上海航天汽车机电股份有限公司","Shanghai Aerospace Automobile Electromechanical Co.,Ltd."
"600152.SH","600152","维科技术","浙江","电气设备","wkjs","主板","19980609","","","SSE","L","维科技术股份有限公司","Veken Technology.,Ltd."
"600153.SH","600153","建发股份","福建","仓储物流","jfgf","主板","19980616","厦门市人民政府国有资产监督管理委员会","地方国企","SSE","L","厦门建发股份有限公司","Xiamen C&D Inc."
"600155.SH","600155","华创云信","北京","证券","hcyx","主板","19980918","无实际控制人","无","SSE","L","华创云信数字技术股份有限公司","Polaris Bay Group Co.,Ltd."
"600156.SH","600156","华升股份","湖南","纺织","hsgf","主板","19980527","","","SSE","L","湖南华升股份有限公司","Hunan Huasheng CO.,Ltd"
"600157.SH","600157","永泰能源","山西","火力发电","ytny","主板","19980513","","","SSE","L","永泰能源集团股份有限公司","Wintime Energy Group Co.,Ltd."
"600158.SH","600158","中体产业","天津","文教休闲","ztcy","主板","19980327","","","SSE","L","中体产业集团股份有限公司","China Sports Industry Group Co.,Ltd"
"600159.SH","600159","大龙地产","北京","区域地产","dldc","主板","19980526","","","SSE","L","北京市大龙伟业房地产开发股份有限公司","Beijing Dalong Weiye Real Estate Development Co.,Ltd"
"600160.SH","600160","巨化股份","浙江","化工原料","jhgf","主板","19980626","","","SSE","L","浙江巨化股份有限公司","Zhejiang Juhua Co.,Ltd"
"600161.SH","600161","天坛生物","北京","生物制药","ttsw","主板","19980616","中国医药集团有限公司","中央国企","SSE","L","北京天坛生物制品股份有限公司","Beijing Tiantan Biological Products Corporation Limited"
"600162.SH","600162","香江控股","深圳","全国地产","xjkg","主板","19980609","","","SSE","L","深圳香江控股股份有限公司","Shenzhen Heungkong Holding Co.,Ltd"
"600163.SH","600163","中闽能源","福建","新型电力","zmny","主板","19980602","","","SSE","L","中闽能源股份有限公司","Zhongmin Energy Co., Ltd."
"600165.SH","600165","*ST宁科","宁夏","化工原料","stnk","主板","19980529","","","SSE","L","宁夏中科生物科技股份有限公司","Ningxia Zhongke Biotechnology Co., Ltd"
"600166.SH","600166","福田汽车","北京","汽车整车","ftqc","主板","19980602","","","SSE","L","北汽福田汽车股份有限公司","Beiqi Foton Motor Co.,Ltd."
"600167.SH","600167","联美控股","辽宁","供气供热","lmkg","主板","19990128","苏壮强","外资企业","SSE","L","联美量子股份有限公司","Luenmei Quantum Co.,Ltd"
"600168.SH","600168","武汉控股","湖北","水务","whkg","主板","19980427","武汉市人民政府国有资产监督管理委员会","地方国企","SSE","L","武汉三镇实业控股股份有限公司","Wuhan Sanzhen Industry Holding Co.,Ltd"
"600169.SH","600169","太原重工","山西","工程机械","tyzg","主板","19980904","山西省人民政府国有资产监督管理委员会","地方国企","SSE","L","太原重工股份有限公司","Taiyuan Heavy Industry Co.,Ltd."
"600170.SH","600170","上海建工","上海","建筑工程","shjg","主板","19980623","上海市国有资产监督管理委员会","地方国企","SSE","L","上海建工集团股份有限公司","Shanghai Construction Group Co., Ltd."
"600171.SH","600171","上海贝岭","上海","半导体","shbl","主板","19980924","","","SSE","L","上海贝岭股份有限公司","Shanghai Belling Corp.,Ltd."
"600172.SH","600172","黄河旋风","河南","矿物制品","hhxf","主板","19981126","","","SSE","L","河南黄河旋风股份有限公司","Henan Huanghe Whirlwind Co., Ltd"
"600173.SH","600173","卧龙新能","浙江","全国地产","wlxn","主板","19990415","","","SSE","L","卧龙新能源集团股份有限公司","Wolong New Energy Group Co., Ltd."
"600176.SH","600176","中国巨石","浙江","玻璃","zgjs","主板","19990422","","","SSE","L","中国巨石股份有限公司","China Jushi Co.,Ltd"
"600177.SH","600177","雅戈尔","浙江","服饰","yge","主板","19981119","","","SSE","L","雅戈尔时尚股份有限公司","Youngor Fashion Co., Ltd."
"600178.SH","600178","东安动力","黑龙江","汽车配件","dadl","主板","19981014","","","SSE","L","哈尔滨东安汽车动力股份有限公司","Harbin Dongan Auto Engine Co.,Ltd"
"600179.SH","600179","安通控股","黑龙江","水运","atkg","主板","19981104","无实际控制人","无","SSE","L","安通控股股份有限公司","Antong Holdings Co., Ltd."
"600180.SH","600180","瑞茂通","山东","仓储物流","rmt","主板","19980703","","","SSE","L","瑞茂通供应链管理股份有限公司","CCS Supply Chain Management Co., Ltd."
"600182.SH","600182","S佳通","黑龙江","汽车配件","sjt","主板","19990507","","","SSE","L","佳通轮胎股份有限公司","Giti Tire Corporation"
"600183.SH","600183","生益科技","广东","元器件","sykj","主板","19981028","","","SSE","L","广东生益科技股份有限公司","Shengyi Technology Co.,Ltd."
"600184.SH","600184","光电股份","湖北","专用机械","gdgf","主板","20031106","","","SSE","L","北方光电股份有限公司","North Electro-Optic Co.,Ltd."
"600185.SH","600185","珠免集团","广东","区域地产","zmjt","主板","19990611","珠海市人民政府国有资产监督管理委员会","地方国企","SSE","L","珠海珠免集团股份有限公司","Zhuhai Zhumian Group Co., Ltd"
"600186.SH","600186","莲花控股","河南","食品","lhkg","主板","19980825","顾华梅","民营企业","SSE","L","莲花控股股份有限公司","Lotus Holdings Co.,Ltd."
"600187.SH","600187","国中水务","黑龙江","水务","gzsw","主板","19981111","李月华","外资企业","SSE","L","黑龙江国中水务股份有限公司","Heilongjiang Interchina Water Treatment Co.,Ltd"
"600188.SH","600188","兖矿能源","山东","煤炭开采","ykny","主板","19980701","","","SSE","L","兖矿能源集团股份有限公司","Yankuang Energy Group Company Limited"
"600189.SH","600189","泉阳泉","吉林","软饮料","qyq","主板","19981007","","","SSE","L","吉林泉阳泉股份有限公司","Jilin Quanyangquan Co.,Ltd"
"600191.SH","600191","华资实业","内蒙","食品","hzsy","主板","19981210","包头市人民政府国有资产监督管理委员会","地方国企","SSE","L","包头华资实业股份有限公司","Baotou Huazi Industry Co.,Ltd"
"600192.SH","600192","长城电工","甘肃","电气设备","ccdg","主板","19981224","","","SSE","L","兰州长城电工股份有限公司","Lanzhou Greatwall Electrical Co.,Ltd"
"600193.SH","600193","*ST创兴","上海","装修装饰","stcx","主板","19990527","余增云","外资企业","SSE","L","上海创兴资源开发股份有限公司","Shanghai Prosolar Resources Development Co.,Ltd"
"600195.SH","600195","中牧股份","北京","农业综合","zmgf","主板","19990107","","","SSE","L","中牧实业股份有限公司","China Animal Husbandry Industry Co.,Ltd."
"600196.SH","600196","复星医药","上海","化学制药","fxyy","主板","19980807","","","SSE","L","上海复星医药(集团)股份有限公司","Shanghai Fosun Pharmaceutical (Group) Co., Ltd."
"600197.SH","600197","伊力特","新疆","白酒","ylt","主板","19990916","","","SSE","L","新疆伊力特实业股份有限公司","Xinjiang Yilite Industry Co.,Ltd"
"600198.SH","600198","大唐电信","北京","通信设备","dtdx","主板","19981021","","","SSE","L","大唐电信科技股份有限公司","Datang Telecom Technology Co., Ltd"
"600199.SH","600199","金种子酒","安徽","白酒","jzzj","主板","19980812","阜阳市人民政府国有资产监督管理委员会","地方国企","SSE","L","安徽金种子酒业股份有限公司","Anhui Golden Seed Winery Co.,Ltd."
"600200.SH","600200","*ST苏吴","江苏","化学制药","stsw","主板","19990401","","","SSE","L","江苏吴中医药发展股份有限公司","Jiangsu Wuzhong Pharmaceutical Development Co., Ltd."
"600201.SH","600201","生物股份","内蒙","农业综合","swgf","主板","19990115","","","SSE","L","金宇生物技术股份有限公司","Jinyu Bio-Technology Co.,Ltd."
"600202.SH","600202","哈空调","黑龙江","专用机械","hkt","主板","19990603","","","SSE","L","哈尔滨空调股份有限公司","Harbin Air Conditioning Co.,Ltd."
"600203.SH","600203","福日电子","福建","元器件","frdz","主板","19990514","福建省人民政府国有资产监督管理委员会","地方国企","SSE","L","福建福日电子股份有限公司","Fujian Furi Electronics Co., Ltd"
"600206.SH","600206","有研新材","北京","半导体","yyxc","主板","19990319","","","SSE","L","有研新材料股份有限公司","Grinm Advanced Materials Co.,Ltd."
"600207.SH","600207","安彩高科","河南","电气设备","acgk","主板","19990714","河南省财政厅","地方国企","SSE","L","河南安彩高科股份有限公司","Henan Ancai Hi-Tech Co.,Ltd."
"600208.SH","600208","衢州发展","浙江","全国地产","qzfz","主板","19990623","","","SSE","L","衢州信安发展股份有限公司","Quzhou Xin'an Development Co.,Ltd."
"600210.SH","600210","紫江企业","上海","广告包装","zjqy","主板","19990824","","","SSE","L","上海紫江企业集团股份有限公司","Shanghai Zijiang Enterprise Group Co.,Ltd"
"600211.SH","600211","西藏药业","西藏","生物制药","xzyy","主板","19990721","林刚","外资企业","SSE","L","西藏诺迪康药业股份有限公司","Tibet Rhodiola Pharmaceutical Holding Co."
"600212.SH","600212","绿能慧充","山东","电气设备","lnhc","主板","19990817","徐益明","外资企业","SSE","L","绿能慧充数字能源技术股份有限公司","Gresgying Digital Energy Technology Co.,Ltd"
"600215.SH","600215","派斯林","吉林","专用机械","psl","主板","19990909","长春市人民政府国有资产监督管理委员会","地方国企","SSE","L","派斯林数字科技股份有限公司","Paslin Digital Technology Co., Ltd."
"600216.SH","600216","浙江医药","浙江","化学制药","zjyy","主板","19991021","","","SSE","L","浙江医药股份有限公司","Zhejiang Medicine Co.,Ltd."
"600217.SH","600217","中再资环","陕西","环境保护","zzzh","主板","19991216","唐山市人民政府国有资产监督管理委员会","地方国企","SSE","L","中再资源环境股份有限公司","China Resources and Environment Co.,Ltd."
"600218.SH","600218","全柴动力","安徽","汽车配件","qcdl","主板","19981203","全椒县人民政府","地方国企","SSE","L","安徽全柴动力股份有限公司","Anhui Quanchai Engine Co.,Ltd"
"600219.SH","600219","南山铝业","山东","铝","nsly","主板","19991223","龙口市东江街道南山村村民委员会","民营企业","SSE","L","山东南山铝业股份有限公司","Shandong Nanshan Aluminium Co., Ltd."
"600221.SH","600221","海航控股","海南","空运","hhkg","主板","19991125","海南省国有资产监督管理委员会","地方国企","SSE","L","海南航空控股股份有限公司","Hainan Airlines Holding Co., Ltd."
"600222.SH","600222","太龙药业","河南","中成药","tlyy","主板","19991105","巩义市竹林镇人民政府","地方国企","SSE","L","河南太龙药业股份有限公司","Henan Taloph Pharmaceutical Stock Co.,Ltd"
"600223.SH","600223","福瑞达","山东","日用化工","frd","主板","20000113","","","SSE","L","鲁商福瑞达医药股份有限公司","Lushang Freda Pharmaceutical Co.,Ltd."
"600226.SH","600226","亨通股份","浙江","供气供热","htgf","主板","19991116","崔根良","民营企业","SSE","L","浙江亨通控股股份有限公司","Zhejiang Hengtong Holding Co.,Ltd."
"600227.SH","600227","赤天化","贵州","农药化肥","cth","主板","20000221","丁林洪","外资企业","SSE","L","贵州赤天化股份有限公司","Guizhou Chitianhua Co.,Ltd."
"600228.SH","600228","*ST返利","江西","互联网","stfl","主板","19990119","江西省国有资产监督管理委员会","地方国企","SSE","L","返利网数字科技股份有限公司","Fanli Digital Technology Co., Ltd"
"600229.SH","600229","城市传媒","山东","出版业","cscm","主板","20000309","青岛市人民政府国有资产监督管理委员会","地方国企","SSE","L","青岛城市传媒股份有限公司","Qingdao Citymedia Co., Ltd."
"600230.SH","600230","沧州大化","河北","化工原料","czdh","主板","20000406","国务院国有资产监督管理委员会","中央国企","SSE","L","沧州大化股份有限公司","Cangzhou Dahua Co.,Ltd"
"600231.SH","600231","凌钢股份","辽宁","普钢","lggf","主板","20000511","","","SSE","L","凌源钢铁股份有限公司","Lingyuan Iron & Steel Co.,Ltd."
"600232.SH","600232","金鹰股份","浙江","纺织机械","jygf","主板","20000602","","","SSE","L","浙江金鹰股份有限公司","Zhejiang Golden Eagle Co.,Ltd."
"600233.SH","600233","圆通速递","辽宁","仓储物流","ytsd","主板","20000608","","","SSE","L","圆通速递股份有限公司","YTO Express Group Co.,Ltd."
"600234.SH","600234","科新发展","山西","装修装饰","kxfz","主板","20000615","黄绍嘉","民营企业","SSE","L","山西科新发展股份有限公司","Kexin Development Co.,Ltd,Shanxi"
"600235.SH","600235","民丰特纸","浙江","造纸","mftz","主板","20000615","","","SSE","L","民丰特种纸股份有限公司","Minfeng Special Paper Co.,Ltd."
"600236.SH","600236","桂冠电力","广西","水力发电","ggdl","主板","20000323","","","SSE","L","广西桂冠电力股份有限公司","Guangxi Guiguan Electric Power Co.,Ltd."
"600237.SH","600237","铜峰电子","安徽","元器件","tfdz","主板","20000609","铜陵经济技术开发区管理委员会","地方国企","SSE","L","安徽铜峰电子股份有限公司","Anhui Tongfeng Electronics Company Limited"
"600238.SH","600238","*ST椰岛","海南","红黄酒","styd","主板","20000120","海口市人民政府","地方国企","SSE","L","海南椰岛(集团)股份有限公司","Hainan Yedao (Group)Co.,Ltd"
"600239.SH","600239","云南城投","云南","区域地产","ynct","主板","19991202","","","SSE","L","云南城投置业股份有限公司","Yunnan Metropolitan Real Estate Development Co.,Ltd"
"600241.SH","600241","时代万恒","辽宁","电气设备","sdwh","主板","20001128","","","SSE","L","辽宁时代万恒股份有限公司","Liaoning Shidai Wanheng Co.,Ltd."
"600243.SH","600243","*ST海华","青海","运输设备","sthh","主板","20001120","王封","民营企业","SSE","L","青海华鼎实业股份有限公司","Qinghaihuading Industrial Co.,Ltd."
"600246.SH","600246","万通发展","北京","区域地产","wtfz","主板","20000922","","","SSE","L","北京万通新发展集团股份有限公司","Vantone Neo Development Group Co., Ltd."
"600248.SH","600248","陕建股份","陕西","建筑工程","sjgf","主板","20000622","","","SSE","L","陕西建工集团股份有限公司","Shaanxi Construction Engineering Group Corporation Limited"
"600249.SH","600249","两面针","广西","日用化工","lmz","主板","20040130","柳州市人民政府国有资产监督管理委员会","地方国企","SSE","L","柳州两面针股份有限公司","Liuzhou Liangmianzhen Co.,Ltd."
"600250.SH","600250","南京商旅","江苏","商贸代理","njsl","主板","20010306","","","SSE","L","南京商贸旅游股份有限公司","Nanjing Business & Tourism Corp.,Ltd."
"600251.SH","600251","冠农股份","新疆","农业综合","gngf","主板","20030609","","","SSE","L","新疆冠农股份有限公司","Xinjiang Guannong Co.,Ltd."
"600252.SH","600252","中恒集团","广西","中成药","zhjt","主板","20001130","","","SSE","L","广西梧州中恒集团股份有限公司","Guangxi Wuzhou Zhongheng Group Co.,Ltd"
"600255.SH","600255","鑫科材料","安徽","小金属","xkcl","主板","20001122","三台县财政局","地方国企","SSE","L","安徽鑫科新材料股份有限公司","Anhui Xinke New Materials Co.,Ltd"
"600256.SH","600256","广汇能源","新疆","石油开采","ghny","主板","20000526","","","SSE","L","广汇能源股份有限公司","Guanghui Energy Co.,Ltd."
"600257.SH","600257","大湖股份","湖南","渔业","dhgf","主板","20000612","","","SSE","L","大湖水殖股份有限公司","Dahu Aquaculture Co.,Ltd"
"600258.SH","600258","首旅酒店","北京","酒店餐饮","sljd","主板","20000601","","","SSE","L","北京首旅酒店(集团)股份有限公司","BTG Hotels (Group) Co., Ltd."
"600259.SH","600259","广晟有色","海南","小金属","gsys","主板","20000525","","","SSE","L","广晟有色金属股份有限公司","Rising Nonferrous Metals Share Co.,Ltd."
"600261.SH","600261","阳光照明","浙江","家用电器","ygzm","主板","20000720","陈森洁","民营企业","SSE","L","浙江阳光照明电器集团股份有限公司","Zhejiang Yankon Group Co.,Ltd"
"600262.SH","600262","北方股份","内蒙","专用机械","bfgf","主板","20000630","","","SSE","L","内蒙古北方重型汽车股份有限公司","Inner Mongolia North Hauler Joint Stock Co., Ltd"
"600265.SH","600265","ST景谷","云南","林业","stjg","主板","20000825","","","SSE","L","云南景谷林业股份有限公司","Yunnan Jinggu Forestry Co.,Ltd"
"600266.SH","600266","城建发展","北京","区域地产","cjfz","主板","19990203","","","SSE","L","北京城建投资发展股份有限公司","Beijing Urban Construction Investment & Development Co.,Ltd."
"600267.SH","600267","海正药业","浙江","化学制药","hzyy","主板","20000725","台州市椒江区人民政府","地方国企","SSE","L","浙江海正药业股份有限公司","Zhejiang Hisun Pharmaceutical Co.,Ltd."
"600268.SH","600268","国电南自","江苏","电气设备","gdnz","主板","19991118","","","SSE","L","国电南京自动化股份有限公司","Guodian Nanjing Automation Co.,Ltd"
"600269.SH","600269","赣粤高速","江西","路桥","gygs","主板","20000518","","","SSE","L","江西赣粤高速公路股份有限公司","Jiangxi Ganyue Expressway Co., Ltd."
"600271.SH","600271","航天信息","北京","软件服务","htxx","主板","20030711","","","SSE","L","航天信息股份有限公司","Aisino Co.Ltd"
"600272.SH","600272","开开实业","上海","医药商业","kksy","主板","20010228","上海市静安区国有资产监督管理委员会(上海市静安区集体资产监督管理委员会)","地方国企","SSE","L","上海开开实业股份有限公司","Shanghai Kai Kai Industrial Company Limited"
"600273.SH","600273","嘉化能源","浙江","化工原料","jhny","主板","20030627","","","SSE","L","浙江嘉化能源化工股份有限公司","Zhejiang Jiahua Energy Chemical Industry Co.,Ltd."
"600276.SH","600276","恒瑞医药","江苏","化学制药","hryy","主板","20001018","","","SSE","L","江苏恒瑞医药股份有限公司","Jiangsu Hengrui Pharmaceuticals Co.,Ltd"
"600278.SH","600278","东方创业","上海","商贸代理","dfcy","主板","20000712","上海市国有资产监督管理委员会","地方国企","SSE","L","东方国际创业股份有限公司","Orient International Enterprise, Ltd."
"600279.SH","600279","重庆港","重庆","港口","cqg","主板","20000731","重庆市国有资产监督管理委员会","地方国企","SSE","L","重庆港股份有限公司","Chongqing Port Co.,Ltd."
"600280.SH","600280","中央商场","江苏","百货","zysc","主板","20000926","","","SSE","L","南京中央商场(集团)股份有限公司","Nanjing Central Emporium (Group) Stocks Co.,Ltd."
"600281.SH","600281","华阳新材","山西","小金属","hyxc","主板","20001109","","","SSE","L","山西华阳新材料股份有限公司","Shanxi Huayang New Material Co.,Ltd."
"600282.SH","600282","南钢股份","江苏","普钢","nggf","主板","20000919","","","SSE","L","南京钢铁股份有限公司","Nanjing Iron & Steel Co.,Ltd."
"600283.SH","600283","钱江水利","浙江","水务","qjsl","主板","20001018","无实际控制人","无","SSE","L","钱江水利开发股份有限公司","Qianjiang Water Resources Development Co.,Ltd"
"600284.SH","600284","浦东建设","上海","建筑工程","pdjs","主板","20040316","上海市浦东新区国有资产监督管理委员会","地方国企","SSE","L","上海浦东建设股份有限公司","Shanghai Pudong Construction Co.,Ltd"
"600285.SH","600285","羚锐制药","河南","中成药","lrzy","主板","20001018","熊伟","民营企业","SSE","L","河南羚锐制药股份有限公司","Henan Lingrui Pharmaceutical Co., Ltd"
"600287.SH","600287","苏豪时尚","江苏","商贸代理","shss","主板","20000901","江苏省政府国有资产监督管理委员会","地方国企","SSE","L","江苏苏豪时尚集团股份有限公司","Soho Fashion Group Co.,Ltd."
"600288.SH","600288","大恒科技","北京","元器件","dhkj","主板","20001129","","","SSE","L","大恒新纪元科技股份有限公司","Daheng New Epoch Technology, Inc."
"600289.SH","600289","ST信通","黑龙江","软件服务","stxt","主板","20000720","王文锋","民营企业","SSE","L","亿阳信通股份有限公司","Bright Oceans Inter-Telecom Corporation"
"600292.SH","600292","远达环保","重庆","环境保护","ydhb","主板","20001101","","","SSE","L","国家电投集团远达环保股份有限公司","Spic Yuanda Environmental—Protection Co. ,Ltd."
"600293.SH","600293","三峡新材","湖北","玻璃","sxxc","主板","20000919","","","SSE","L","湖北三峡新型建材股份有限公司","Hubei Sanxia New Building Materials Co.,Ltd"
"600295.SH","600295","鄂尔多斯","内蒙","特种钢","eeds","主板","20010426","","","SSE","L","内蒙古鄂尔多斯资源股份有限公司","Inner Mongolia ERDOS Resources Co.,Ltd."
"600298.SH","600298","安琪酵母","湖北","食品","aqjm","主板","20000818","宜昌市人民政府国有资产监督管理委员会","地方国企","SSE","L","安琪酵母股份有限公司","Angel Yeast Co.,Ltd"
"600299.SH","600299","安迪苏","北京","饲料","ads","主板","20000420","","","SSE","L","蓝星安迪苏股份有限公司","Bluestar Adisseo Company"
"600300.SH","600300","维维股份","江苏","软饮料","wwgf","主板","20000630","无实际控制人","无","SSE","L","维维食品饮料股份有限公司","V V Food & Beverage Co.,Ltd."
"600301.SH","600301","华锡有色","广西","小金属","hxys","主板","20000712","广西壮族自治区人民政府国有资产监督管理委员会","地方国企","SSE","L","广西华锡有色金属股份有限公司","Guangxi Huaxi Nonferrous Metal Co.,Ltd"
"600302.SH","600302","标准股份","陕西","纺织机械","bzgf","主板","20001213","陕西省西安市人民政府国有资产监督管理委员会","地方国企","SSE","L","西安标准工业股份有限公司","Xi'An Typical Industries Co.,Ltd"
"600303.SH","600303","曙光股份","辽宁","汽车整车","sggf","主板","20001226","","","SSE","L","辽宁曙光汽车集团股份有限公司","Liaoning Sg Automotive Group Co.,Ltd."
"600305.SH","600305","恒顺醋业","江苏","食品","hscy","主板","20010206","","","SSE","L","江苏恒顺醋业股份有限公司","Jiangsu Hengshun Vinegar-Industry Co.,Ltd"
"600307.SH","600307","酒钢宏兴","甘肃","普钢","jghx","主板","20001220","","","SSE","L","甘肃酒钢集团宏兴钢铁股份有限公司","Gansu Jiu Steel Group Hongxing Iron & Steel Co.,Ltd."
"600308.SH","600308","华泰股份","山东","造纸","htgf","主板","20000928","","","SSE","L","山东华泰纸业股份有限公司","Shandong Huatai Paper Industry Shareholding Co.,Ltd"
"600309.SH","600309","万华化学","山东","化工原料","whhx","主板","20010105","","","SSE","L","万华化学集团股份有限公司","Wanhua Chemical Group Co.,Ltd."
"600310.SH","600310","广西能源","广西","水力发电","gxny","主板","20010228","广西壮族自治区人民政府国有资产监督管理委员会","地方国企","SSE","L","广西能源股份有限公司","Guangxi Energy Co.,Ltd."
"600312.SH","600312","平高电气","河南","电气设备","pgdq","主板","20010221","","","SSE","L","河南平高电气股份有限公司","Henan Pinggao Electric Co.,Ltd"
"600313.SH","600313","农发种业","北京","种植业","nfzy","主板","20010119","","","SSE","L","中农发种业集团股份有限公司","China Agriculture Development Seed Group Co.,Ltd"
"600315.SH","600315","上海家化","上海","日用化工","shjh","主板","20010315","上海市国有资产监督管理委员会","地方国企","SSE","L","上海家化联合股份有限公司","Shanghai Jahwa United Co.,Ltd."
"600316.SH","600316","洪都航空","江西","航空","hdhk","主板","20001215","","","SSE","L","江西洪都航空工业股份有限公司","Jiangxi Hongdu Aviation Industry Co.,Ltd."
"600318.SH","600318","新力金融","安徽","多元金融","xljr","主板","20001208","黄炳均","外资企业","SSE","L","安徽新力金融股份有限公司","Anhui Xinli Finance Co.,Ltd."
"600319.SH","600319","亚星化学","山东","化工原料","yxhx","主板","20010326","无实际控制人","无","SSE","L","潍坊亚星化学股份有限公司","Weifang Yaxing Chemical Co.,Ltd."
"600320.SH","600320","振华重工","上海","专用机械","zhzg","主板","20001221","","","SSE","L","上海振华重工(集团)股份有限公司","Shanghai Zhenhua Heavy Industries Co.,Ltd."
"600322.SH","600322","津投城开","天津","区域地产","jtck","主板","20010910","","","SSE","L","天津津投城市开发股份有限公司","Tianjin Jintou State-Owned Urban Development Co., Ltd."
"600323.SH","600323","瀚蓝环境","广东","环境保护","hlhj","主板","20001225","","","SSE","L","瀚蓝环境股份有限公司","Grandblue Environment Co.,Ltd."
"600325.SH","600325","华发股份","广东","区域地产","hfgf","主板","20040225","珠海市人民政府国有资产监督管理委员会","地方国企","SSE","L","珠海华发实业股份有限公司","Zhuhai Huafa Properties Co.,Ltd"
"600326.SH","600326","西藏天路","西藏","水泥","xztl","主板","20010116","","","SSE","L","西藏天路股份有限公司","Tibet Tianlu Co., Ltd."
"600327.SH","600327","大东方","江苏","医疗保健","ddf","主板","20020625","","","SSE","L","无锡商业大厦大东方股份有限公司","Wuxi Commercial Mansion Grand Orient Co.,Ltd"
"600328.SH","600328","中盐化工","内蒙","化工原料","zyhg","主板","20001222","","","SSE","L","中盐内蒙古化工股份有限公司","CNSIG Inner Mongolia Chemical Industry Co., Ltd."
"600329.SH","600329","达仁堂","天津","中成药","drt","主板","20010606","无实际控制人","无","SSE","L","津药达仁堂集团股份有限公司","Tianjin Pharmaceutical Da Ren Tang Group Corporation Limited"
"600330.SH","600330","天通股份","浙江","专用机械","ttgf","主板","20010118","","","SSE","L","天通控股股份有限公司","TDG Holding Co.,Ltd"
"600331.SH","600331","宏达股份","四川","农药化肥","hdgf","主板","20011220","","","SSE","L","四川宏达股份有限公司","Sichuan Hongda Co.,Ltd"
"600332.SH","600332","白云山","广东","中成药","bys","主板","20010206","","","SSE","L","广州白云山医药集团股份有限公司","Guangzhou Baiyunshan Pharmaceutical Holdings Company Limited"
"600333.SH","600333","长春燃气","吉林","供气供热","ccrq","主板","20001211","长春市人民政府国有资产监督管理委员会","地方国企","SSE","L","长春燃气股份有限公司","Changchun Gas Co.,Ltd."
"600335.SH","600335","国机汽车","天津","汽车服务","gjqc","主板","20010305","","","SSE","L","国机汽车股份有限公司","Sinomach Automobile Co., Ltd."
"600336.SH","600336","澳柯玛","山东","家用电器","akm","主板","20001229","青岛市人民政府国有资产监督管理委员会","地方国企","SSE","L","澳柯玛股份有限公司","Aucma Co.,Ltd."
"600337.SH","600337","美克家居","江西","家居用品","mkjj","主板","20001127","","","SSE","L","美克国际家居用品股份有限公司","Markor International Home Furnishings Co., Ltd."
"600338.SH","600338","西藏珠峰","西藏","铅锌","xzzf","主板","20001227","黄瑛","民营企业","SSE","L","西藏珠峰资源股份有限公司","Xizang Zhufeng Resources Co.,Ltd."
"600339.SH","600339","中油工程","新疆","石油开采","zygc","主板","20001225","","","SSE","L","中国石油集团工程股份有限公司","China Petroleum Engineering Co., Ltd."
"600340.SH","600340","华夏幸福","河北","园区开发","hxxf","主板","20031230","陈和贵","外资企业","SSE","L","华夏幸福基业股份有限公司","China Fortune Land Development Co.,Ltd."
"600343.SH","600343","航天动力","陕西","机械基件","htdl","主板","20030408","","","SSE","L","陕西航天动力高科技股份有限公司","Shaanxi Aerospace Power Hi-Tech Co.,Ltd"
"600345.SH","600345","长江通信","湖北","通信设备","cjtx","主板","20001222","武汉市人民政府国有资产监督管理委员会","地方国企","SSE","L","武汉长江通信产业集团股份有限公司","Wuhan Yangtze Communication Industry Group Co.,Ltd"
"600346.SH","600346","恒力石化","辽宁","石油加工","hlsh","主板","20010820","大连市人民政府国有资产监督管理委员会","地方国企","SSE","L","恒力石化股份有限公司","Hengli Petrochemical Co.,Ltd."
"600348.SH","600348","华阳股份","山西","煤炭开采","hygf","主板","20030821","","","SSE","L","山西华阳集团新能股份有限公司","Shan Xi Hua Yang Group New Energy Co.,Ltd."
"600350.SH","600350","山东高速","山东","路桥","sdgs","主板","20020318","","","SSE","L","山东高速股份有限公司","Shandong Hi-Speed Company Limited"
"600351.SH","600351","亚宝药业","山西","中成药","ybyy","主板","20020926","","","SSE","L","亚宝药业集团股份有限公司","Yabao Pharmaceutical Group Co.,Ltd"
"600352.SH","600352","浙江龙盛","浙江","染料涂料","zjls","主板","20030801","阮伟祥","民营企业","SSE","L","浙江龙盛集团股份有限公司","Zhejiang Longsheng Group Co., Ltd."
"600353.SH","600353","旭光电子","四川","元器件","xgdz","主板","20021120","","","SSE","L","成都旭光电子股份有限公司","Chengdu Xuguang Electronics Co.,Ltd."
"600354.SH","600354","敦煌种业","甘肃","种植业","dhzy","主板","20040115","","","SSE","L","甘肃省敦煌种业集团股份有限公司","Gansu Dunhuang Seed Group Co.,Ltd."
"600355.SH","600355","*ST精伦","湖北","专用机械","stjl","主板","20020613","","","SSE","L","精伦电子股份有限公司","Routon Electronic Co.,Ltd."
"600356.SH","600356","恒丰纸业","黑龙江","造纸","hfzy","主板","20010419","黑龙江省人民政府国有资产监督管理委员会","地方国企","SSE","L","牡丹江恒丰纸业股份有限公司","Mudanjiang Hengfeng Paper Co.,Ltd"
"600358.SH","600358","ST联合","江西","广告包装","stlh","主板","20000922","王春芳","民营企业","SSE","L","国旅文化投资集团股份有限公司","China Tourism and Culture Investment Group Co.,Ltd"
"600359.SH","600359","新农开发","新疆","种植业","xnkf","主板","19990429","","","SSE","L","新疆塔里木农业综合开发股份有限公司","Xinjiang Talimu Agriculture Development Co.,Ltd."
"600360.SH","600360","*ST华微","吉林","半导体","sthw","主板","20010316","","","SSE","L","吉林华微电子股份有限公司","Jilin Sino-Microelectronics Co.,Ltd."
"600361.SH","600361","创新新材","北京","铝","cxxc","主板","20011129","崔立新","民营企业","SSE","L","创新新材料科技股份有限公司","Innovation New Material Technology Co.,Ltd."
"600362.SH","600362","江西铜业","江西","铜","jxty","主板","20020111","江西省国有资产监督管理委员会","地方国企","SSE","L","江西铜业股份有限公司","Jiangxi Copper Company Limited"
"600363.SH","600363","联创光电","江西","元器件","lcgd","主板","20010329","江西省国有资产监督管理委员会","地方国企","SSE","L","江西联创光电科技股份有限公司","Jiangxi Lian Chuang Optoelectronic Science and Technology Co.,Ltd."
"600365.SH","600365","ST通葡","吉林","互联网","sttp","主板","20010115","尹兵","外资企业","SSE","L","通化葡萄酒股份有限公司","Tonghua Grape Wine Co.,Ltd"
"600366.SH","600366","宁波韵升","浙江","矿物制品","nbys","主板","20001030","","","SSE","L","宁波韵升股份有限公司","Ningbo Yunsheng Co.,Ltd."
"600367.SH","600367","红星发展","贵州","化工原料","hxfz","主板","20010320","青岛市人民政府国有资产监督管理委员会","地方国企","SSE","L","贵州红星发展股份有限公司","Guizhou Redstar Developing Co.,Ltd."
"600368.SH","600368","五洲交通","广西","路桥","wzjt","主板","20001221","","","SSE","L","广西五洲交通股份有限公司","Guangxi Wuzhou Communications Co.,Ltd."
"600369.SH","600369","西南证券","重庆","证券","xnzq","主板","20010109","重庆市国有资产监督管理委员会","地方国企","SSE","L","西南证券股份有限公司","Southwest Securities Co.,Ltd."
"600370.SH","600370","三房巷","江苏","化工原料","sfx","主板","20030306","","","SSE","L","江苏三房巷聚材股份有限公司","Jiangsu Sanfame Polyester Material Co.,Ltd."
"600371.SH","600371","万向德农","黑龙江","种植业","wxdn","主板","20020916","","","SSE","L","万向德农股份有限公司","Wanxiang Doneed Co.,Ltd"
"600372.SH","600372","中航机载","北京","航空","zhjz","主板","20010706","中国航空工业集团有限公司","中央国企","SSE","L","中航机载系统股份有限公司","Avic Airborne Systems Co., Ltd."
"600373.SH","600373","中文传媒","江西","出版业","zwcm","主板","20020304","","","SSE","L","中文天地出版传媒集团股份有限公司","Chinese Universe Publishing and Media Group Co.,Ltd."
"600375.SH","600375","汉马科技","安徽","汽车整车","hmkj","主板","20030401","马鞍山市人民政府","地方国企","SSE","L","汉马科技集团股份有限公司","Hanma Technology Group Co.,Ltd."
"600376.SH","600376","首开股份","北京","区域地产","skgf","主板","20010312","","","SSE","L","北京首都开发股份有限公司","Beijing Capital Development Co.,Ltd"
"600377.SH","600377","宁沪高速","江苏","路桥","nhgs","主板","20010116","江苏省政府国有资产监督管理委员会","地方国企","SSE","L","江苏宁沪高速公路股份有限公司","Jiangsu Expressway Company Limited"
"600378.SH","600378","昊华科技","四川","化工原料","hhkj","主板","20010111","国务院国有资产监督管理委员会","中央国企","SSE","L","昊华化工科技集团股份有限公司","Haohua Chemical Science & Technology Corp., Ltd."
"600379.SH","600379","宝光股份","陕西","电气设备","bggf","主板","20020116","国务院国有资产监督管理委员会","中央国企","SSE","L","陕西宝光真空电器股份有限公司","Shaanxi Baoguang Vacuum Electric Device Co., Ltd."
"600380.SH","600380","健康元","深圳","化学制药","jky","主板","20010608","朱保国","民营企业","SSE","L","健康元药业集团股份有限公司","Joincare Pharmaceutical Group Industry Co., Ltd."
"600381.SH","600381","*ST春天","青海","医疗保健","stct","主板","20010508","","","SSE","L","青海春天药用资源科技股份有限公司","Qinghai Spring Medicinal Resources Technology Co., Ltd"
"600382.SH","600382","广东明珠","广东","普钢","gdmz","主板","20010118","","","SSE","L","广东明珠集团股份有限公司","Guangdong Mingzhu Group Co.,Ltd"
"600383.SH","600383","金地集团","深圳","全国地产","jdjt","主板","20010412","","","SSE","L","金地(集团)股份有限公司","Gemdale Corporation"
"600386.SH","600386","北巴传媒","北京","汽车服务","bbcm","主板","20010216","","","SSE","L","北京巴士传媒股份有限公司","Beijing Bashi Media Co.,Ltd"
"600388.SH","600388","龙净环保","福建","环境保护","ljhb","主板","20001229","闽西兴杭国有资产投资经营有限公司","地方国企","SSE","L","福建龙净环保股份有限公司","Fujian Longking Co.,Ltd"
"600389.SH","600389","江山股份","江苏","农药化肥","jsgf","主板","20010110","","","SSE","L","南通江山农药化工股份有限公司","Nantong Jiangshan Agrochemical & Chemicals Limited Liability Co."
"600390.SH","600390","五矿资本","湖南","多元金融","wkzb","主板","20010115","","","SSE","L","五矿资本股份有限公司","Minmetals Capital Company Limited"
"600391.SH","600391","航发科技","四川","航空","hfkj","主板","20011212","","","SSE","L","中国航发航空科技股份有限公司","Aecc Aero Science and Technology Co.,Ltd"
"600392.SH","600392","盛和资源","四川","小金属","shzy","主板","20030529","","","SSE","L","盛和资源控股股份有限公司","Shenghe Resources Holding Co.,Ltd"
"600395.SH","600395","盘江股份","贵州","煤炭开采","pjgf","主板","20010531","","","SSE","L","贵州盘江精煤股份有限公司","Guizhou Panjiang Refined Coal Co.,Ltd."
"600396.SH","600396","华电辽能","辽宁","火力发电","hdln","主板","20010328","","","SSE","L","华电辽宁能源发展股份有限公司","Huadian Liaoning Energy Development Co.,Ltd"
"600397.SH","600397","江钨装备","江西","煤炭开采","jwzb","主板","20020702","江西省国有资产监督管理委员会","地方国企","SSE","L","江西江钨稀贵装备股份有限公司","Jiangxi Tungsten Rare and Precious Equipment Co., Ltd."
"600398.SH","600398","海澜之家","江苏","服饰","hlzj","主板","20001228","江阴市新桥镇人民政府","地方国企","SSE","L","海澜之家集团股份有限公司","Hla Group Corp., Ltd."
"600399.SH","600399","抚顺特钢","辽宁","特种钢","fstg","主板","20001229","","","SSE","L","抚顺特殊钢股份有限公司","Fushun Special Steel Co.,LTD."
"600400.SH","600400","红豆股份","江苏","服饰","hdgf","主板","20010108","周海江","民营企业","SSE","L","江苏红豆实业股份有限公司","Jiangsu Hongdou Industrial Co.,Ltd"
"600403.SH","600403","大有能源","河南","煤炭开采","dyny","主板","20031009","","","SSE","L","河南大有能源股份有限公司","Henan Dayou Energy Co., Ltd"
"600405.SH","600405","动力源","北京","电气设备","dly","主板","20040401","","","SSE","L","北京动力源科技股份有限公司","Beijing Dynamic Power Co., Ltd"
"600406.SH","600406","国电南瑞","江苏","电气设备","gdnr","主板","20031016","","","SSE","L","国电南瑞科技股份有限公司","NARI Technology Co., Ltd."
"600408.SH","600408","安泰集团","山西","焦炭加工","atjt","主板","20030212","","","SSE","L","山西安泰集团股份有限公司","Shanxi Antai Group Co.,Ltd"
"600409.SH","600409","三友化工","河北","化纤","syhg","主板","20030618","","","SSE","L","唐山三友化工股份有限公司","Tangshan Sanyou Chemical Industries Co.,Ltd"
"600410.SH","600410","华胜天成","北京","软件服务","hstc","主板","20040427","","","SSE","L","北京华胜天成科技股份有限公司","Beijing Teamsun Technology Co., Ltd."
"600415.SH","600415","小商品城","浙江","商品城","xspc","主板","20020509","","","SSE","L","浙江中国小商品城集团股份有限公司","Zhejiang China Commodities City Group Co.,Ltd"
"600416.SH","600416","湘电股份","湖南","电气设备","xdgf","主板","20020718","","","SSE","L","湘潭电机股份有限公司","Xiangtan Electric Manufacturing Co.,Ltd."
"600418.SH","600418","江淮汽车","安徽","汽车整车","jhqc","主板","20010824","","","SSE","L","安徽江淮汽车集团股份有限公司","Anhui Jianghuai Automobile Group Corp.,Ltd."
"600419.SH","600419","天润乳业","新疆","乳制品","trry","主板","20010628","","","SSE","L","新疆天润乳业股份有限公司","Xinjiang Tianrun Dairy Co.,Ltd."
"600420.SH","600420","国药现代","上海","化学制药","gyxd","主板","20040616","","","SSE","L","上海现代制药股份有限公司","Shanghai Shyndec Pharmaceutical Co., Ltd."
"600421.SH","600421","*ST华嵘","湖北","专用机械","sthr","主板","20040607","","","SSE","L","湖北华嵘控股股份有限公司","Hubei Huarong Holding Co.,Ltd."
"600422.SH","600422","昆药集团","云南","中成药","kyjt","主板","20001206","中国华润有限公司","中央国企","SSE","L","昆药集团股份有限公司","KPC Pharmaceuticals,Inc"
"600423.SH","600423","柳化股份","广西","农药化肥","lhgf","主板","20030717","柳州市人民政府国有资产监督管理委员会","地方国企","SSE","L","柳州化工股份有限公司","Liuzhou Chemical Industry Co.,LTD"
"600425.SH","600425","青松建化","新疆","水泥","qsjh","主板","20030724","","","SSE","L","新疆青松建材化工(集团)股份有限公司","Xinjiang Qingsong Building Materials and Chemicals(Group) Co.,Ltd."
"600426.SH","600426","华鲁恒升","山东","农药化肥","hlhs","主板","20020620","","","SSE","L","山东华鲁恒升化工股份有限公司","Shandong Hualu-Hengsheng Chemical Co.,Ltd"
"600428.SH","600428","中远海特","广东","水运","zyht","主板","20020418","","","SSE","L","中远海运特种运输股份有限公司","COSCO SHIPPING Specialized Carriers Co., Ltd."
"600429.SH","600429","三元股份","北京","乳制品","sygf","主板","20030915","北京市人民政府国有资产监督管理委员会","地方国企","SSE","L","北京三元食品股份有限公司","Beijing Sanyuan Foods Co.,Ltd."
"600433.SH","600433","冠豪高新","广东","造纸","ghgx","主板","20030619","","","SSE","L","广东冠豪高新技术股份有限公司","Guangdong Guanhao High-Tech Co.,Ltd"
"600435.SH","600435","北方导航","北京","专用机械","bfdh","主板","20030704","","","SSE","L","北方导航控制技术股份有限公司","North Navigation Control Technology Co.,Ltd."
"600436.SH","600436","片仔癀","福建","中成药","pzh","主板","20030616","","","SSE","L","漳州片仔癀药业股份有限公司","Zhangzhou Pientzehuang Pharmaceutical Co., Ltd."
"600438.SH","600438","通威股份","四川","电气设备","twgf","主板","20040302","","","SSE","L","通威股份有限公司","Tongwei Co.,Ltd."
"600439.SH","600439","瑞贝卡","河南","服饰","rbk","主板","20030710","","","SSE","L","河南瑞贝卡发制品股份有限公司","Henan Rebecca Hair Products Co.,Ltd"
"600444.SH","600444","国机通用","安徽","专用机械","gjty","主板","20040219","合肥市人民政府国有资产监督管理委员会","地方国企","SSE","L","国机通用机械科技股份有限公司","Sinomach General Machinery Science & Technology Co.,Ltd."
"600446.SH","600446","金证股份","深圳","软件服务","jzgf","主板","20031224","无实际控制人","无","SSE","L","深圳市金证科技股份有限公司","Shenzhen Kingdom SCI-TECH.,LTD"
"600448.SH","600448","华纺股份","山东","纺织","hfgf","主板","20010903","滨州市人民政府国有资产监督管理委员会","地方国企","SSE","L","华纺股份有限公司","Huafang Co.,Ltd"
"600449.SH","600449","宁夏建材","宁夏","水泥","nxjc","主板","20030829","国务院国有资产监督管理委员会","中央国企","SSE","L","宁夏建材集团股份有限公司","Ningxia Building Materials Group Co.,Ltd"
"600452.SH","600452","涪陵电力","重庆","水力发电","fldl","主板","20040303","重庆市涪陵区国有资产监督管理委员会","地方国企","SSE","L","重庆涪陵电力实业股份有限公司","Chongqing Fuling Electric Power Company Ltd."
"600455.SH","600455","博通股份","陕西","文教休闲","btgf","主板","20040329","","","SSE","L","西安博通资讯股份有限公司","But'one Information Corporation, Xi'an"
"600456.SH","600456","宝钛股份","陕西","小金属","btgf","主板","20020412","","","SSE","L","宝鸡钛业股份有限公司","Baoji Titanium Industry Co.,Ltd."
"600458.SH","600458","时代新材","湖南","塑料","sdxc","主板","20021219","","","SSE","L","株洲时代新材料科技股份有限公司","Zhu Zhou Times New Material Technology Co.,Ltd"
"600459.SH","600459","贵研铂业","云南","小金属","gyby","主板","20030516","","","SSE","L","云南省贵金属新材料控股集团股份有限公司","Sino-Platinum Metals Co., Ltd."
"600460.SH","600460","士兰微","浙江","半导体","slw","主板","20030311","","","SSE","L","杭州士兰微电子股份有限公司","Hangzhou Silan Microelectronics Co.,Ltd"
"600461.SH","600461","洪城环境","江西","水务","hchj","主板","20040601","江西省南昌市人民政府国有资产监督管理委员会","地方国企","SSE","L","江西洪城环境股份有限公司","Jiangxi Hongcheng Environment Co.,Ltd."
"600463.SH","600463","空港股份","北京","园区开发","kggf","主板","20040318","","","SSE","L","北京空港科技园区股份有限公司","Beijing Airport High-Tech Park Co.,Ltd."
"600467.SH","600467","好当家","山东","渔业","hdj","主板","20040405","","","SSE","L","山东好当家海洋发展股份有限公司","Shandong Homey Aquatic Development Co.,Ltd"
"600468.SH","600468","百利电气","天津","电气设备","bldq","主板","20010615","","","SSE","L","天津百利特精电气股份有限公司","Tianjin Benefo Tejing Electric Co.,Ltd."
"600469.SH","600469","风神股份","河南","汽车配件","fsgf","主板","20031021","国务院国有资产监督管理委员会","中央国企","SSE","L","风神轮胎股份有限公司","Aeolus Tyre Co.,Ltd."
"600470.SH","600470","六国化工","安徽","农药化肥","lghg","主板","20040305","无实际控制人","无","SSE","L","安徽六国化工股份有限公司","Anhui Liuguo Chemical Co.,Ltd"
"600475.SH","600475","华光环能","江苏","电气设备","hghn","主板","20030721","无锡市人民政府国有资产监督管理委员会","地方国企","SSE","L","无锡华光环保能源集团股份有限公司","Wuxi Huaguang Environment & Energy Group Co.,Ltd."
"600476.SH","600476","湘邮科技","湖南","软件服务","xykj","主板","20031210","中华人民共和国中央人民政府","中央国企","SSE","L","湖南湘邮科技股份有限公司","Hunan Copote Science Technology Co.,Ltd"
"600477.SH","600477","杭萧钢构","浙江","钢加工","hxgg","主板","20031110","","","SSE","L","杭萧钢构股份有限公司","Hangxiao Steel Structure Co.,Ltd"
"600478.SH","600478","科力远","湖南","电气设备","kly","主板","20030918","","","SSE","L","湖南科力远新能源股份有限公司","Hunan Corun New Energy Co.,Ltd"
"600479.SH","600479","千金药业","湖南","中成药","qjyy","主板","20040312","株洲市人民政府国有资产监督管理委员会","地方国企","SSE","L","株洲千金药业股份有限公司","ZhuZhou QianJin Pharmaceutical Co.,Ltd"
"600480.SH","600480","凌云股份","河北","汽车配件","lygf","主板","20030815","","","SSE","L","凌云工业股份有限公司","Ling Yun Industrial Corporation Limited"
"600481.SH","600481","双良节能","江苏","电气设备","sljn","主板","20030422","","","SSE","L","双良节能系统股份有限公司","Shuangliang Eco-Energy Systems Co.,Ltd"
"600482.SH","600482","中国动力","河北","船舶","zgdl","主板","20040714","","","SSE","L","中国船舶重工集团动力股份有限公司","China Shipbuilding Industry Group Power Co.,Ltd"
"600483.SH","600483","福能股份","福建","新型电力","fngf","主板","20040531","","","SSE","L","福建福能股份有限公司","Fujian Funeng Co.,Ltd."
"600486.SH","600486","扬农化工","江苏","农药化肥","ynhg","主板","20020425","国务院国有资产监督管理委员会","中央国企","SSE","L","江苏扬农化工股份有限公司","Jiangsu Yangnong Chemical Co.,Ltd."
"600487.SH","600487","亨通光电","江苏","通信设备","htgd","主板","20030822","","","SSE","L","江苏亨通光电股份有限公司","Hengtong Optic-Electric Co.,Ltd"
"600488.SH","600488","津药药业","天津","化学制药","jyyy","主板","20010618","无实际控制人","无","SSE","L","津药药业股份有限公司","Tianjin Tianyao Pharmaceuticals Co.,Ltd"
"600489.SH","600489","中金黄金","北京","黄金","zjhj","主板","20030814","","","SSE","L","中金黄金股份有限公司","Zhongjin Gold Corp., Ltd"
"600490.SH","600490","鹏欣资源","上海","铜","pxzy","主板","20030626","","","SSE","L","鹏欣环球资源股份有限公司","Pengxin International Mining Co.,Ltd"
"600491.SH","600491","龙元建设","浙江","建筑工程","lyjs","主板","20040524","","","SSE","L","龙元建设集团股份有限公司","Long Yuan Construction Group Co.,Ltd."
"600493.SH","600493","凤竹纺织","福建","纺织","fzfz","主板","20040421","","","SSE","L","福建凤竹纺织科技股份有限公司","Fujian Fynex Textile Science & Technology Co.,Ltd"
"600495.SH","600495","晋西车轴","山西","运输设备","jxcz","主板","20040526","","","SSE","L","晋西车轴股份有限公司","Jinxi Axle Company Limited"
"600496.SH","600496","精工钢构","安徽","钢加工","jggg","主板","20020605","方朝阳","民营企业","SSE","L","长江精工钢结构(集团)股份有限公司","Changjiang & Jinggong Steel Building (Group) Co.,Ltd"
"600497.SH","600497","驰宏锌锗","云南","铅锌","chxz","主板","20040420","","","SSE","L","云南驰宏锌锗股份有限公司","Yunnan Chihong Zinc&Germanium Co.,Ltd."
"600498.SH","600498","烽火通信","湖北","通信设备","fhtx","主板","20010823","","","SSE","L","烽火通信科技股份有限公司","Fiberhome Telecommunication Technologies Co.,Ltd."
"600499.SH","600499","科达制造","广东","专用机械","kdzz","主板","20021010","","","SSE","L","科达制造股份有限公司","Keda Industrial Group Co., Ltd."
"600500.SH","600500","中化国际","上海","塑料","zhgj","主板","20000301","","","SSE","L","中化国际(控股)股份有限公司","Sinochem International Corporation"
"600501.SH","600501","航天晨光","江苏","专用机械","htcg","主板","20010615","","","SSE","L","航天晨光股份有限公司","Aerosun Corporation"
"600502.SH","600502","安徽建工","安徽","建筑工程","ahjg","主板","20030415","","","SSE","L","安徽建工集团股份有限公司","Anhui Construction Engineering Group Corporation Limited"
"600503.SH","600503","华丽家族","上海","区域地产","hljz","主板","20020709","","","SSE","L","华丽家族股份有限公司","Deluxe Family Co., Ltd."
"600505.SH","600505","西昌电力","四川","水力发电","xcdl","主板","20020530","国务院国有资产监督管理委员会","中央国企","SSE","L","四川西昌电力股份有限公司","Sichuan Xichang Electric Power Co.,Ltd."
"600506.SH","600506","统一股份","新疆","石油加工","tygf","主板","20011226","","","SSE","L","统一低碳科技(新疆)股份有限公司","Tongyi Carbon Neutral Technology (Xinjiang) Co., Ltd."
"600507.SH","600507","方大特钢","江西","特种钢","fdtg","主板","20030930","","","SSE","L","方大特钢科技股份有限公司","Fangda Special Steel Technology Co.,Ltd"
"600508.SH","600508","上海能源","上海","煤炭开采","shny","主板","20010829","","","SSE","L","上海大屯能源股份有限公司","Shanghai Datun Energy Resources Co.,Ltd."
"600509.SH","600509","天富能源","新疆","火力发电","tfny","主板","20020228","","","SSE","L","新疆天富能源股份有限公司","Xinjiang Tianfu Energy Co.,Ltd."
"600510.SH","600510","黑牡丹","江苏","全国地产","hmd","主板","20020618","常州国家高新技术产业开发区(新北区)党政办公室","地方国企","SSE","L","黑牡丹(集团)股份有限公司","Black Peony(Group)Co.,Ltd"
"600511.SH","600511","国药股份","北京","医药商业","gygf","主板","20021127","","","SSE","L","国药集团药业股份有限公司","China National Medicines Corporation Ltd."
"600512.SH","600512","腾达建设","浙江","建筑工程","tdjs","主板","20021226","","","SSE","L","腾达建设集团股份有限公司","Tengda Construction Group Co.,Ltd."
"600513.SH","600513","联环药业","江苏","化学制药","lhyy","主板","20030319","","","SSE","L","江苏联环药业股份有限公司","Jiangsu Lianhuan Pharmaceutical Co.,Ltd."
"600515.SH","600515","海南机场","海南","机场","hnjc","主板","20020806","海南省国有资产监督管理委员会","地方国企","SSE","L","海南机场设施股份有限公司","Hainan Airport Infrastructure Co., Ltd"
"600516.SH","600516","方大炭素","甘肃","矿物制品","fdts","主板","20020830","","","SSE","L","方大炭素新材料科技股份有限公司","FangDa Carbon New Material Co.,Ltd"
"600517.SH","600517","国网英大","上海","多元金融","gwyd","主板","20031010","国网电力科学研究院有限公司","中央国企","SSE","L","国网英大股份有限公司","State Grid Yingda Co.,Ltd."
"600518.SH","600518","康美药业","广东","中成药","kmyy","主板","20010319","无实际控制人","无","SSE","L","康美药业股份有限公司","Kangmei Pharmaceutical Co.,Ltd"
"600519.SH","600519","贵州茅台","贵州","白酒","gzmt","主板","20010827","","","SSE","L","贵州茅台酒股份有限公司","Kweichow Moutai Co.,Ltd."
"600520.SH","600520","三佳科技","安徽","半导体","sjkj","主板","20020108","","","SSE","L","产投三佳(安徽)科技股份有限公司","HIIG Trinity (Anhui) Technology Co., LTD."
"600521.SH","600521","华海药业","浙江","化学制药","hhyy","主板","20030304","","","SSE","L","浙江华海药业股份有限公司","Zhejiang Huahai Pharmaceutical Co.,Ltd."
"600522.SH","600522","中天科技","江苏","通信设备","ztkj","主板","20021024","","","SSE","L","江苏中天科技股份有限公司","Jiangsu Zhongtian Technology Co.,Ltd."
"600523.SH","600523","贵航股份","贵州","汽车配件","ghgf","主板","20011227","","","SSE","L","贵州贵航汽车零部件股份有限公司","Guizhou Guihang Automotive Components Co.,Ltd"
"600525.SH","600525","ST长园","深圳","电气设备","stcy","主板","20021202","李嘉诚","外资企业","SSE","L","长园科技集团股份有限公司","ChangYuan Technology Group Ltd."
"600526.SH","600526","菲达环保","浙江","环境保护","fdhb","主板","20020722","","","SSE","L","浙江菲达环保科技股份有限公司","Zhejiang Feida Environmental Science & Technology Co.,Ltd."
"600527.SH","600527","江南高纤","江苏","化纤","jngx","主板","20031127","","","SSE","L","江苏江南高纤股份有限公司","Jiangsu Jiangnan High Polymer Fiber Co.,Ltd"
"600528.SH","600528","中铁工业","北京","运输设备","ztgy","主板","20010528","","","SSE","L","中铁高新工业股份有限公司","China Railway Hi-tech Industry Corporation Limited"
"600529.SH","600529","山东药玻","山东","医疗保健","sdyb","主板","20020603","沂源县行政事业单位国有资产管理办公室","地方国企","SSE","L","山东省药用玻璃股份有限公司","Shandong Pharmaceutical Glass Co.,Ltd"
"600530.SH","600530","交大昂立","上海","医疗保健","jdal","主板","20010702","嵇霖","民营企业","SSE","L","上海交大昂立股份有限公司","Shanghai Jiaoda Onlly Co.,Ltd"
"600531.SH","600531","豫光金铅","河南","铅锌","ygjq","主板","20020730","济源市人民政府","地方国企","SSE","L","河南豫光金铅股份有限公司","Henan Yuguang Gold&Lead Co.,Ltd."
"600533.SH","600533","栖霞建设","江苏","区域地产","qxjs","主板","20020328","","","SSE","L","南京栖霞建设股份有限公司","Nanjing Chixia Development Co., Ltd."
"600535.SH","600535","天士力","天津","中成药","tsl","主板","20020823","","","SSE","L","天士力医药集团股份有限公司","Tasly Pharmaceutical Group Co.,Ltd."
"600536.SH","600536","中国软件","北京","软件服务","zgrj","主板","20020517","","","SSE","L","中国软件与技术服务股份有限公司","China National Software & Service Company Limited"
"600537.SH","600537","亿晶光电","浙江","电气设备","yjgd","主板","20030123","古汉宁","民营企业","SSE","L","亿晶光电科技股份有限公司","Eging Photovoltaic Technology Co., Ltd"
"600538.SH","600538","国发股份","广西","医药商业","gfgf","主板","20030114","","","SSE","L","北海国发川山生物股份有限公司","Beihai Gofar Chuanshan Biological Co., Ltd."
"600539.SH","600539","狮头股份","山西","互联网","stgf","主板","20010824","太原市人民政府国有资产监督管理委员会","地方国企","SSE","L","狮头科技发展股份有限公司","Lionhead Technology Development Co.,Ltd."
"600540.SH","600540","新赛股份","新疆","种植业","xsgf","主板","20040107","","","SSE","L","新疆赛里木现代农业股份有限公司","Xinjiang Sayram Modern Agriculture Co.,Ltd."
"600543.SH","600543","莫高股份","甘肃","红黄酒","mggf","主板","20040324","","","SSE","L","甘肃莫高实业发展股份有限公司","Gansu Mogao Industrial Development Co.,Ltd"
"600545.SH","600545","卓郎智能","新疆","纺织机械","zlzn","主板","20031203","乌鲁木齐市国有资产监督管理委员会","地方国企","SSE","L","卓郎智能技术股份有限公司","Saurer Intelligent Technology Co. Ltd."
"600546.SH","600546","山煤国际","山西","煤炭开采","smgj","主板","20030731","","","SSE","L","山煤国际能源集团股份有限公司","Shanxi Coal International Energy Group Co., Ltd"
"600547.SH","600547","山东黄金","山东","黄金","sdhj","主板","20030828","","","SSE","L","山东黄金矿业股份有限公司","Shandong Gold Mining Co.,Ltd."
"600548.SH","600548","深高速","深圳","路桥","sgs","主板","20011225","深圳市人民政府国有资产监督管理委员会","地方国企","SSE","L","深圳高速公路集团股份有限公司","Shenzhen Expressway Corporation Limited"
"600549.SH","600549","厦门钨业","福建","小金属","xmwy","主板","20021107","","","SSE","L","厦门钨业股份有限公司","Xiamen Tungsten Co.,Ltd."
"600550.SH","600550","保变电气","河北","电气设备","bbdq","主板","20010228","","","SSE","L","保定天威保变电气股份有限公司","Baoding Tianwei Baobian Electric Co.,Ltd."
"600551.SH","600551","时代出版","安徽","出版业","sdcb","主板","20020905","","","SSE","L","时代出版传媒股份有限公司","Time Publishing and Media Co.,Ltd."
"600552.SH","600552","凯盛科技","安徽","元器件","kskj","主板","20021108","","","SSE","L","凯盛科技股份有限公司","Triumph Science & Technology Co., Ltd"
"600556.SH","600556","天下秀","广西","互联网","txx","主板","20010807","","","SSE","L","天下秀数字科技(集团)股份有限公司","Inmyshow Digital Technology (Group) Co., Ltd."
"600557.SH","600557","康缘药业","江苏","中成药","kyyy","主板","20020918","","","SSE","L","江苏康缘药业股份有限公司","Jiangsu Kanion Pharmaceutical Co.,Ltd."
"600558.SH","600558","大西洋","四川","钢加工","dxy","主板","20010227","","","SSE","L","四川大西洋焊接材料股份有限公司","Atlantic China Welding Consumables,Inc."
"600559.SH","600559","老白干酒","河北","白酒","lbgj","主板","20021029","","","SSE","L","河北衡水老白干酒业股份有限公司","Hebei Hengshui Laobaigan Liquor Co.,Ltd."
"600560.SH","600560","金自天正","北京","电气设备","jztz","主板","20020919","","","SSE","L","北京金自天正智能控制股份有限公司","Beijing Aritime Intelligent Control Co., Ltd."
"600561.SH","600561","江西长运","江西","公共交通","jxcy","主板","20020716","江西省南昌市人民政府国有资产监督管理委员会","地方国企","SSE","L","江西长运股份有限公司","Jiangxi Changyun Co.,Ltd."
"600562.SH","600562","国睿科技","江苏","通信设备","grkj","主板","20030128","","","SSE","L","国睿科技股份有限公司","Glarun Technology Co.,Ltd"
"600563.SH","600563","法拉电子","福建","元器件","fldz","主板","20021210","厦门市法拉发展有限公司","集体企业","SSE","L","厦门法拉电子股份有限公司","Xiamen Faratronic Co.,Ltd."
"600566.SH","600566","济川药业","湖北","中成药","jcyy","主板","20010822","","","SSE","L","湖北济川药业股份有限公司","Hubei Jumpcan Pharmaceutical Co., Ltd."
"600567.SH","600567","山鹰国际","安徽","造纸","sygj","主板","20011218","马鞍山市人民政府","地方国企","SSE","L","山鹰国际控股股份公司","Shanying International Holdings Co., Ltd."
"600568.SH","600568","ST中珠","湖北","医疗保健","stzz","主板","20010518","无实际控制人","无","SSE","L","中珠医疗控股股份有限公司","ZhongZhu Healthcare Holding Co.,Ltd"
"600569.SH","600569","安阳钢铁","河南","普钢","aygt","主板","20010820","","","SSE","L","安阳钢铁股份有限公司","Anyang Iron and Steel Co., Ltd."
"600570.SH","600570","恒生电子","浙江","软件服务","hsdz","主板","20031216","无实际控制人","无","SSE","L","恒生电子股份有限公司","Hundsun Technologies Inc."
"600571.SH","600571","信雅达","浙江","软件服务","xyd","主板","20021101","","","SSE","L","信雅达科技股份有限公司","Sunyard Technology Co.,Ltd"
"600572.SH","600572","康恩贝","浙江","中成药","keb","主板","20040412","浙江省人民政府国有资产监督管理委员会","地方国企","SSE","L","浙江康恩贝制药股份有限公司","Zhejiang CONBA Pharmaceutical Co.,Ltd."
"600573.SH","600573","惠泉啤酒","福建","啤酒","hqpj","主板","20030226","","","SSE","L","福建省燕京惠泉啤酒股份有限公司","Fujian Yanjing Huiquan Brewery Co.,Ltd"
"600575.SH","600575","淮河能源","安徽","火力发电","hhny","主板","20030328","","","SSE","L","淮河能源(集团)股份有限公司","Huaihe Energy (Group) Co.,Ltd"
"600576.SH","600576","祥源文旅","浙江","旅游景点","xywl","主板","20030220","","","SSE","L","浙江祥源文旅股份有限公司","Zhejiang Sunriver Culture Tourism Co.,Ltd."
"600577.SH","600577","精达股份","安徽","电气设备","jdgf","主板","20020911","","","SSE","L","铜陵精达特种电磁线股份有限公司","Tongling Jingda Special Magnet Wire Co.,Ltd."
"600578.SH","600578","京能电力","北京","火力发电","jndl","主板","20020510","北京国有资本运营管理有限公司","地方国企","SSE","L","北京京能电力股份有限公司","Beijing Jingneng Power Co.,Ltd."
"600579.SH","600579","中化装备","山东","化工机械","zhzb","主板","20020809","国务院国有资产监督管理委员会","中央国企","SSE","L","中化装备科技(青岛)股份有限公司","Sinochem Equipment Technology (Qingdao) Company Limited"
"600580.SH","600580","卧龙电驱","浙江","电气设备","wldq","主板","20020606","","","SSE","L","卧龙电气驱动集团股份有限公司","Wolong Electric Group Co.,Ltd."
"600581.SH","600581","八一钢铁","新疆","普钢","bygt","主板","20020816","","","SSE","L","新疆八一钢铁股份有限公司","Xinjiang Ba Yi Iron & Steel Co.,Ltd."
"600582.SH","600582","天地科技","北京","专用机械","tdkj","主板","20020515","","","SSE","L","天地科技股份有限公司","Tian Di Science & Technology Co.,Ltd"
"600583.SH","600583","海油工程","天津","石油开采","hygc","主板","20020205","","","SSE","L","海洋石油工程股份有限公司","Offshore Oil Engineering Co.,Ltd."
"600584.SH","600584","长电科技","江苏","半导体","cdkj","主板","20030603","","","SSE","L","江苏长电科技股份有限公司","JCET Group Co., Ltd."
"600585.SH","600585","海螺水泥","安徽","水泥","hlsn","主板","20020207","","","SSE","L","安徽海螺水泥股份有限公司","Anhui Conch Cement Company Limited"
"600586.SH","600586","金晶科技","山东","玻璃","jjkj","主板","20020815","","","SSE","L","山东金晶科技股份有限公司","Shandong Jinjing Science & Technology Stock Co.,Ltd"
"600587.SH","600587","新华医疗","山东","医疗保健","xhyl","主板","20020927","淄博市财政局","地方国企","SSE","L","山东新华医疗器械股份有限公司","Shinva Medical Instrument Co.,Ltd."
"600588.SH","600588","用友网络","北京","软件服务","yywl","主板","20010518","","","SSE","L","用友网络科技股份有限公司","Yonyou Network Technology Co., Ltd."
"600589.SH","600589","大位科技","广东","软件服务","dwkj","主板","20010612","杨宝生","民营企业","SSE","L","大位数据科技(广东)集团股份有限公司","Dawei Technology (Guangdong) Group Co., Ltd."
"600590.SH","600590","泰豪科技","江西","通信设备","thkj","主板","20020703","","","SSE","L","泰豪科技股份有限公司","Tellhow Sci-Tech Co.,Ltd."
"600592.SH","600592","龙溪股份","福建","机械基件","lxgf","主板","20020805","","","SSE","L","福建龙溪轴承(集团)股份有限公司","Fujian Longxi Bearing(Group)Co.,Ltd"
"600593.SH","600593","大连圣亚","辽宁","旅游景点","dlsy","主板","20020711","大连市人民政府国有资产监督管理委员会","地方国企","SSE","L","大连圣亚旅游控股股份有限公司","Dalian Sunasia Tourism Holding Co.,Ltd"
"600594.SH","600594","益佰制药","贵州","中成药","ybzy","主板","20040323","","","SSE","L","贵州益佰制药股份有限公司","Guizhou Yibai Pharmaceutical Co.,Ltd"
"600595.SH","600595","中孚实业","河南","铝","zfsy","主板","20020626","","","SSE","L","河南中孚实业股份有限公司","Henan Zhongfu Industrial Co.,Ltd"
"600596.SH","600596","新安股份","浙江","化工原料","xagf","主板","20010906","","","SSE","L","浙江新安化工集团股份有限公司","Zhejiang Xinan Chemical Industrial Group Co.,Ltd"
"600597.SH","600597","光明乳业","上海","乳制品","gmry","主板","20020828","上海市国有资产监督管理委员会","地方国企","SSE","L","光明乳业股份有限公司","Bright Dairy & Food Co.,Ltd."
"600598.SH","600598","北大荒","黑龙江","种植业","bdh","主板","20020329","","","SSE","L","黑龙江北大荒农业股份有限公司","Heilongjiang Agriculture Company Limited"
"600599.SH","600599","*ST熊猫","湖南","化工原料","stxm","主板","20010828","","","SSE","L","熊猫金控股份有限公司","Panda Financial Holding Corp., Ltd."
"600600.SH","600600","青岛啤酒","山东","啤酒","qdpj","主板","19930827","青岛市人民政府国有资产监督管理委员会","地方国企","SSE","L","青岛啤酒股份有限公司","Tsingtao Brewery Company Limited"
"600601.SH","600601","方正科技","上海","元器件","fzkj","主板","19901219","无实际控制人","无","SSE","L","方正科技集团股份有限公司","Founder Technology Group Co., Ltd."
"600602.SH","600602","云赛智联","上海","软件服务","yszl","主板","19901219","上海市国有资产监督管理委员会","地方国企","SSE","L","云赛智联股份有限公司","INESA Intelligent Tech Inc."
"600603.SH","600603","ST广物","四川","区域地产","stgw","主板","19920113","","","SSE","L","广汇物流股份有限公司","Guanghui Logistics Co., Ltd"
"600604.SH","600604","市北高新","上海","园区开发","sbgx","主板","19920327","上海市国有资产监督管理委员会","地方国企","SSE","L","上海市北高新股份有限公司","Shanghai Shibei Hi-Tech Co.,Ltd."
"600605.SH","600605","汇通能源","上海","房产服务","htny","主板","19920327","","","SSE","L","上海汇通能源股份有限公司","Shanghai Huitong Energy Co.,Ltd"
"600606.SH","600606","绿地控股","上海","全国地产","ldkg","主板","19920327","上海市国有资产监督管理委员会","地方国企","SSE","L","绿地控股集团股份有限公司","Greenland Holdings Corporation Limited"
"600608.SH","600608","*ST沪科","上海","商贸代理","sthk","主板","19920327","无锡国联产业投资私募基金管理有限公司","地方国企","SSE","L","上海宽频科技股份有限公司","Shanghai Broadband Technology Co.,Ltd"
"600609.SH","600609","金杯汽车","辽宁","汽车配件","jbqc","主板","19920724","","","SSE","L","金杯汽车股份有限公司","Shenyang Jinbei Automotive Company Limited"
"600610.SH","600610","中毅达","贵州","化工原料","zyd","主板","19920805","上海市国有资产监督管理委员会","地方国企","SSE","L","贵州中毅达股份有限公司","Guizhou Zhongyida Co., Ltd."
"600611.SH","600611","大众交通","上海","公共交通","dzjt","主板","19920807","","","SSE","L","大众交通(集团)股份有限公司","Dazhong Transportation(Group)Co.,Ltd."
"600612.SH","600612","老凤祥","上海","服饰","lfx","主板","19920814","上海市黄浦区国有资产监督管理委员会(上海市黄浦区集体资产监督管理委员会)","地方国企","SSE","L","老凤祥股份有限公司","Lao Feng Xiang Co.,Ltd."
"600613.SH","600613","神奇制药","上海","中成药","sqzy","主板","19920820","","","SSE","L","上海神奇制药投资管理股份有限公司","Shanghai Shenqi Pharmaceutical Investment Management Co.,Ltd."
"600615.SH","600615","鑫源智造","重庆","铝","xyzz","主板","19920910","江鸣","外资企业","SSE","L","重庆鑫源智造科技股份有限公司","Chongqing Shineray Intelligent Manufacturingtechnology Co., Ltd."
"600616.SH","600616","金枫酒业","上海","红黄酒","jfjy","主板","19920929","上海市国有资产监督管理委员会","地方国企","SSE","L","上海金枫酒业股份有限公司","Shanghai Jinfeng Wine Company Limited"
"600617.SH","600617","国新能源","山西","供气供热","gxny","主板","19921013","","","SSE","L","山西省国新能源股份有限公司","Shanxi Guoxin Energy Corporation Limited"
"600618.SH","600618","氯碱化工","上海","化工原料","ljhg","主板","19921113","上海市国有资产监督管理委员会","地方国企","SSE","L","上海氯碱化工股份有限公司","Shanghai Chlor-Alkali Chemical Co.,Ltd"
"600619.SH","600619","海立股份","上海","家用电器","hlgf","主板","19921116","上海电气控股集团有限公司","地方国企","SSE","L","上海海立(集团)股份有限公司","Shanghai Highly (Group) Co., Ltd."
"600620.SH","600620","天宸股份","上海","综合类","tcgf","主板","19921117","叶茂菁","外资企业","SSE","L","上海市天宸股份有限公司","Shanghai Tianchen Co.,Ltd"
"600621.SH","600621","华鑫股份","上海","证券","hxgf","主板","19921202","上海市国有资产监督管理委员会","地方国企","SSE","L","上海华鑫股份有限公司","Shanghai Chinafortune Co., Ltd"
"600622.SH","600622","光大嘉宝","上海","区域地产","gdjb","主板","19921203","","","SSE","L","光大嘉宝股份有限公司","Everbright Jiabao Co., Ltd."
"600623.SH","600623","华谊集团","上海","化工原料","hyjt","主板","19921204","上海市国有资产监督管理委员会","地方国企","SSE","L","上海华谊集团股份有限公司","Shanghai Huayi Group Corporation Limited"
"600624.SH","600624","ST复华","上海","化学制药","stfh","主板","19930105","上海市奉贤区人民政府国有资产监督管理委员会","地方国企","SSE","L","上海复旦复华科技股份有限公司","Shanghai Fudan Forward S&T Co., Ltd."
"600626.SH","600626","申达股份","上海","汽车配件","sdgf","主板","19930107","上海市国有资产监督管理委员会","地方国企","SSE","L","上海申达股份有限公司","Shanghai Shenda Co.,Ltd"
"600628.SH","600628","新世界","上海","百货","xsj","主板","19930119","上海市黄浦区国有资产监督管理委员会(上海市黄浦区集体资产监督管理委员会)","地方国企","SSE","L","上海新世界股份有限公司","Shanghai New World Co.,Ltd"
"600629.SH","600629","华建集团","上海","建筑工程","hjjt","主板","19930209","上海市国有资产监督管理委员会","地方国企","SSE","L","华东建筑集团股份有限公司","Arcplus Group PLC"
"600630.SH","600630","龙头股份","上海","服饰","ltgf","主板","19930209","上海市国有资产监督管理委员会","地方国企","SSE","L","上海龙头(集团)股份有限公司","Shanghai Dragon Corporation"
"600633.SH","600633","浙数文化","浙江","互联网","zswh","主板","19930304","浙江日报报业集团(浙江日报社)","地方国企","SSE","L","浙报数字文化集团股份有限公司","Zhejiang Daily Digital Culture Group Co.,Ltd"
"600635.SH","600635","大众公用","上海","供气供热","dzgy","主板","19930304","","","SSE","L","上海大众公用事业(集团)股份有限公司","Shanghai Dazhong Public Utilities(Group)Co.,Ltd."
"600636.SH","600636","*ST国化","上海","文教休闲","stgh","主板","19930316","上海市国有资产监督管理委员会","地方国企","SSE","L","国新文化控股股份有限公司","China Reform Culture Holdings Co., Ltd."
"600637.SH","600637","东方明珠","上海","影视音像","dfmz","主板","19930316","上海市国有资产监督管理委员会","地方国企","SSE","L","东方明珠新媒体股份有限公司","Oriental Pearl Group Co., Ltd."
"600638.SH","600638","新黄浦","上海","区域地产","xhp","主板","19930326","中华人民共和国财政部","中央国企","SSE","L","上海新黄浦实业集团股份有限公司","Shanghai New Huang Pu Industrial Group Co.,Ltd."
"600639.SH","600639","浦东金桥","上海","园区开发","pdjq","主板","19930326","上海市国有资产监督管理委员会","地方国企","SSE","L","上海金桥出口加工区开发股份有限公司","Shanghai Jinqiao Export Processing Zone Development Co.,Ltd"
"600640.SH","600640","国脉文化","上海","影视音像","gmwh","主板","19930407","","","SSE","L","新国脉数字文化股份有限公司","New Guomai Digital Culture Co., Ltd"
"600641.SH","600641","万业企业","上海","区域地产","wyqy","主板","19930407","","","SSE","L","上海万业企业股份有限公司","Shanghai Wanye Enterprises Co.,Ltd"
"600642.SH","600642","申能股份","上海","火力发电","sngf","主板","19930416","上海市国有资产监督管理委员会","地方国企","SSE","L","申能股份有限公司","Shenergy Company Limited"
"600643.SH","600643","爱建集团","上海","多元金融","ajjt","主板","19930426","","","SSE","L","上海爱建集团股份有限公司","Shanghai AJ Group Co.,Ltd."
"600644.SH","600644","乐山电力","四川","水力发电","lsdl","主板","19930426","","","SSE","L","乐山电力股份有限公司","Leshan Electric Power Co.,Ltd"
"600645.SH","600645","中源协和","天津","医疗保健","zyxh","主板","19930504","陈春梅","民营企业","SSE","L","中源协和细胞基因工程股份有限公司","Vcanbio Cell & Gene Engineering Corp., Ltd"
"600648.SH","600648","外高桥","上海","园区开发","wgq","主板","19930504","上海市浦东新区国有资产监督管理委员会","地方国企","SSE","L","上海外高桥集团股份有限公司","Shanghai Waigaoqiao Free Trade Zone Group Co., Ltd."
"600649.SH","600649","城投控股","上海","区域地产","ctkg","主板","19930518","上海市国有资产监督管理委员会","地方国企","SSE","L","上海城投控股股份有限公司","Shanghai Chengtou Holding Co.,Ltd"
"600650.SH","600650","锦江在线","上海","公共交通","jjzx","主板","19930607","上海市国有资产监督管理委员会","地方国企","SSE","L","上海锦江在线网络服务股份有限公司","Shanghai Jin Jiang Online Network Service Co., Ltd."
"600651.SH","600651","飞乐音响","上海","电器仪表","flyx","主板","19901219","上海市国有资产监督管理委员会","地方国企","SSE","L","上海飞乐音响股份有限公司","Shanghai Feilo Acoustics Co.,Ltd"
"600653.SH","600653","申华控股","辽宁","汽车服务","shkg","主板","19901219","","","SSE","L","辽宁申华控股股份有限公司","Liaoning Shenhua Holdings Co., Ltd"
"600654.SH","600654","中安科","湖北","仓储物流","zak","主板","19901219","上海市国有资产监督管理委员会","地方国企","SSE","L","中安科股份有限公司","China Security Co., Ltd"
"600655.SH","600655","豫园股份","上海","百货","yygf","主板","19920902","","","SSE","L","上海豫园旅游商城(集团)股份有限公司","Shanghai Yuyuan Tourist Mart( Group) Co., Ltd"
"600657.SH","600657","信达地产","北京","全国地产","xddc","主板","19930524","","","SSE","L","信达地产股份有限公司","Cinda Real Estate Co.,Ltd."
"600658.SH","600658","电子城","北京","园区开发","dzc","主板","19930524","","","SSE","L","北京电子城高科技集团股份有限公司","Beijing Electronic Zone High-tech Group Co., Ltd."
"600660.SH","600660","福耀玻璃","福建","汽车配件","fybl","主板","19930610","曹德旺","外资企业","SSE","L","福耀玻璃工业集团股份有限公司","Fuyao Glass Industry Group Co.,Ltd."
"600661.SH","600661","昂立教育","上海","文教休闲","aljy","主板","19930614","","","SSE","L","上海新南洋昂立教育科技股份有限公司","Shanghai Xinnanyang Only Education & Technology Co., Ltd"
"600662.SH","600662","外服控股","上海","文教休闲","wfkg","主板","19930614","上海市国有资产监督管理委员会","地方国企","SSE","L","上海外服控股集团股份有限公司","Shanghai Foreign Service Holding Group Co., Ltd."
"600663.SH","600663","陆家嘴","上海","园区开发","ljz","主板","19930628","上海市国有资产监督管理委员会","地方国企","SSE","L","上海陆家嘴金融贸易区开发股份有限公司","Shanghai Lujiazui Finance & Trade Zone Development Co.,Ltd."
"600664.SH","600664","哈药股份","黑龙江","化学制药","hygf","主板","19930629","黑龙江省哈尔滨市人民政府国有资产监督管理委员会","地方国企","SSE","L","哈药集团股份有限公司","Harbin Pharmaceutical Group Co.,Ltd."
"600665.SH","600665","天地源","陕西","全国地产","tdy","主板","19930709","西安市人民政府","地方国企","SSE","L","天地源股份有限公司","Tande Co.,Ltd."
"600666.SH","600666","奥瑞德","黑龙江","元器件","ard","主板","19930712","重庆市涪陵区国有资产监督管理委员会","地方国企","SSE","L","奥瑞德光电股份有限公司","Aurora Optoelectronics Co., Ltd."
"600667.SH","600667","太极实业","江苏","半导体","tjsy","主板","19930728","无锡市人民政府国有资产监督管理委员会","地方国企","SSE","L","无锡市太极实业股份有限公司","Wuxi Taiji Industry Limited Corporation"
"600668.SH","600668","尖峰集团","浙江","水泥","jfjt","主板","19930728","","","SSE","L","浙江尖峰集团股份有限公司","Zhe Jiang Jian Feng Group Co.,Ltd"
"600671.SH","600671","天目药业","浙江","中成药","tmyy","主板","19930823","赵锐勇","民营企业","SSE","L","杭州天目山药业股份有限公司","Hangzhou Tianmushan Pharmaceutical Enterprise Co.,Ltd"
"600673.SH","600673","东阳光","广东","综合类","dyg","主板","19930917","郭梅兰","民营企业","SSE","L","广东东阳光科技控股股份有限公司","Guangdong Hec Technology Holding Co., Ltd"
"600674.SH","600674","川投能源","四川","水力发电","ctny","主板","19930924","四川省政府国有资产监督管理委员会","地方国企","SSE","L","四川川投能源股份有限公司","Sichuan Chuantou Energy Co.,Ltd"
"600675.SH","600675","中华企业","上海","区域地产","zhqy","主板","19930924","上海市国有资产监督管理委员会","地方国企","SSE","L","中华企业股份有限公司","China Enterprise Company Limited"
"600676.SH","600676","交运股份","上海","汽车配件","jygf","主板","19930928","上海市国有资产监督管理委员会","地方国企","SSE","L","上海交运集团股份有限公司","Shanghai Jiao Yun Group Co., Ltd."
"600678.SH","600678","四川金顶","四川","水泥","scjd","主板","19931008","洛阳市老城区财政局","地方国企","SSE","L","四川金顶(集团)股份有限公司","Sichuan Golden Summit (Group) Joint-Stock Co., Ltd"
"600679.SH","600679","上海凤凰","上海","文教休闲","shfh","主板","19931008","上海市国有资产监督管理委员会","地方国企","SSE","L","上海凤凰企业(集团)股份有限公司","Shanghai Phoenix Enterprise (Group) Co., Ltd."
"600681.SH","600681","百川能源","湖北","供气供热","bcny","主板","19931018","","","SSE","L","百川能源股份有限公司","Bestsun Energy Co., Ltd."
"600682.SH","600682","南京新百","江苏","生物制药","njxb","主板","19931018","","","SSE","L","南京新街口百货商店股份有限公司","Nanjing Xinjiekou Department Store Co.,Ltd."
"600683.SH","600683","京投发展","浙江","区域地产","jtfz","主板","19931025","","","SSE","L","京投发展股份有限公司","Metro Land Corporation Ltd."
"600684.SH","600684","珠江股份","广东","区域地产","zjgf","主板","19931028","","","SSE","L","广州珠江发展集团股份有限公司","Guangzhou Pearl River Development Group Co.,Ltd."
"600685.SH","600685","中船防务","广东","船舶","zcfw","主板","19931028","","","SSE","L","中船海洋与防务装备股份有限公司","CSSC Offshore & Marine Engineering (Group) Company Limited"
"600686.SH","600686","金龙汽车","福建","汽车整车","jlqc","主板","19931108","","","SSE","L","厦门金龙汽车集团股份有限公司","Xiamen King Long Motor Group Co.,Ltd."
"600688.SH","600688","上海石化","上海","石油加工","shsh","主板","19931108","","","SSE","L","中国石化上海石油化工股份有限公司","Sinopec Shanghai Petrochemical Company Limited"
"600689.SH","600689","上海三毛","上海","综合类","shsm","主板","19931108","重庆市国有资产监督管理委员会","地方国企","SSE","L","上海三毛企业(集团)股份有限公司","Shanghai Sanmao Enterprise(Group) Co., Ltd."
"600690.SH","600690","海尔智家","山东","家用电器","hezj","主板","19931119","","","SSE","L","海尔智家股份有限公司","Haier Smart Home Co., Ltd."
"600691.SH","600691","潞化科技","山西","农药化肥","lhkj","主板","19931119","","","SSE","L","山西潞安化工科技股份有限公司","Shanxi Lu'an Chemical Technology Co.,Ltd."
"600692.SH","600692","亚通股份","上海","区域地产","ytgf","主板","19931119","","","SSE","L","上海亚通股份有限公司","Shanghai Ya Tong Co.,Ltd."
"600693.SH","600693","东百集团","福建","百货","dbjt","主板","19931122","施文义","外资企业","SSE","L","福建东百集团股份有限公司","Fujian Dongbai(Group)Co.,Ltd."
"600694.SH","600694","大商股份","辽宁","百货","dsgf","主板","19931122","大连市人民政府国有资产监督管理委员会","地方国企","SSE","L","大商股份有限公司","Dashang Co.,Ltd."
"600696.SH","600696","*ST岩石","上海","白酒","stys","主板","19931206","陈隆基","外资企业","SSE","L","上海贵酒股份有限公司","Shanghai Guijiu Co., Ltd"
"600697.SH","600697","欧亚集团","吉林","百货","oyjt","主板","19931206","长春市人民政府国有资产监督管理委员会","地方国企","SSE","L","长春欧亚集团股份有限公司","Chang Chun Eurasia Group Co.,Ltd"
"600698.SH","600698","湖南天雁","湖南","汽车配件","hnty","主板","19931206","","","SSE","L","湖南天雁机械股份有限公司","Hunan Tyen Machinery Co., Ltd"
"600699.SH","600699","均胜电子","浙江","汽车配件","jsdz","主板","19931206","辽源市财政局(辽源市人民政府国有资产监督管理委员会)","地方国企","SSE","L","宁波均胜电子股份有限公司","Ningbo Joyson Electronic Corp."
"600702.SH","600702","舍得酒业","四川","白酒","sdjy","主板","19960524","射洪县人民政府","地方国企","SSE","L","舍得酒业股份有限公司","Shede Spirits Co., Ltd."
"600703.SH","600703","三安光电","湖北","半导体","sagd","主板","19960528","","","SSE","L","三安光电股份有限公司","Sanan Optoelectronics Co.,Ltd"
"600704.SH","600704","物产中大","浙江","仓储物流","wczd","主板","19960606","","","SSE","L","物产中大集团股份有限公司","Wuchan Zhongda Group Co.,Ltd."
"600706.SH","600706","曲江文旅","陕西","旅游景点","qjwl","主板","19960516","","","SSE","L","西安曲江文化旅游股份有限公司","Xi'an Qujiang Cultural Tourism Co.,Ltd."
"600707.SH","600707","彩虹股份","陕西","元器件","chgf","主板","19960520","咸阳市国有资产监督管理委员会","地方国企","SSE","L","彩虹显示器件股份有限公司","Caihong Display Devices Co.,Ltd."
"600708.SH","600708","光明地产","上海","全国地产","gmdc","主板","19960606","上海市国有资产监督管理委员会","地方国企","SSE","L","光明房地产集团股份有限公司","Bright Real Estate Group Co.,Limited"
"600710.SH","600710","苏美达","江苏","商贸代理","smd","主板","19960701","","","SSE","L","苏美达股份有限公司","Sumec Corporation Limited"
"600711.SH","600711","盛屯矿业","福建","小金属","stky","主板","19960531","","","SSE","L","盛屯矿业集团股份有限公司","Chengtun Mining Group Co., Ltd"
"600712.SH","600712","南宁百货","广西","百货","nnbh","主板","19960626","","","SSE","L","南宁百货大楼股份有限公司","Nanning Department Store Co.,Ltd."
"600713.SH","600713","南京医药","江苏","医药商业","njyy","主板","19960701","","","SSE","L","南京医药股份有限公司","Nanjing Pharmaceutical Company Limited"
"600714.SH","600714","金瑞矿业","青海","化工原料","jrky","主板","19960606","无实际控制人","无","SSE","L","青海金瑞矿业发展股份有限公司","Qinghai Jinrui Mining Development Co.,Ltd"
"600715.SH","600715","文投控股","北京","影视音像","wtkg","主板","19960701","北京市国有文化资产管理中心","地方国企","SSE","L","文投控股股份有限公司","Cultural Investment Holdings Co.,Ltd"
"600716.SH","600716","凤凰股份","江苏","区域地产","fhgf","主板","19960702","","","SSE","L","江苏凤凰置业投资股份有限公司","Jiangsu Phoenix Property Investment Company Limited"
"600717.SH","600717","天津港","天津","港口","tjg","主板","19960614","","","SSE","L","天津港股份有限公司","Tianjin Port Co.,Ltd"
"600718.SH","600718","东软集团","辽宁","软件服务","drjt","主板","19960618","","","SSE","L","东软集团股份有限公司","Neusoft Corporation"
"600719.SH","600719","大连热电","辽宁","供气供热","dlrd","主板","19960716","大连市人民政府国有资产监督管理委员会","地方国企","SSE","L","大连热电股份有限公司","Dalian Thermal Power Co.,Ltd."
"600720.SH","600720","中交设计","甘肃","建筑工程","zjsj","主板","19960716","国务院国有资产监督管理委员会","中央国企","SSE","L","中交设计咨询集团股份有限公司","CCCC Design & Consulting Group Co.,Ltd."
"600721.SH","600721","百花医药","新疆","生物制药","bhyy","主板","19960626","米恩华","民营企业","SSE","L","新疆百花村医药集团股份有限公司","Xinjiang Baihuacun Pharma Tech Co.,Ltd"
"600722.SH","600722","金牛化工","河北","化工原料","jnhg","主板","19960626","","","SSE","L","河北金牛化工股份有限公司","Hebei Jinniu Chemical Industry Co.,Ltd"
"600724.SH","600724","宁波富达","浙江","综合类","nbfd","主板","19960716","","","SSE","L","宁波富达股份有限公司","Ningbo Fuda Company Limited"
"600725.SH","600725","云维股份","云南","商贸代理","ywgf","主板","19960702","","","SSE","L","云南云维股份有限公司","Yunnan Yunwei Company Limited"
"600726.SH","600726","华电能源","黑龙江","火力发电","hdny","主板","19960701","","","SSE","L","华电能源股份有限公司","Huadian Energy Company Limited"
"600727.SH","600727","鲁北化工","山东","化工原料","lbhg","主板","19960702","无棣县财政局","地方国企","SSE","L","山东鲁北化工股份有限公司","Shandong Lubei Chemical Co.,Ltd"
"600728.SH","600728","佳都科技","广东","软件服务","jdkj","主板","19960716","","","SSE","L","佳都科技集团股份有限公司","Pci Technology Group Co.,Ltd."
"600729.SH","600729","重庆百货","重庆","百货","cqbh","主板","19960702","重庆市国有资产监督管理委员会","地方国企","SSE","L","重庆百货大楼股份有限公司","Chongqing Department Store Co.,Ltd."
"600730.SH","600730","中国高科","北京","文教休闲","zggk","主板","19960726","无实际控制人","无","SSE","L","中国高科集团股份有限公司","China Hi-Tech Group Co.,Ltd"
"600731.SH","600731","湖南海利","湖南","农药化肥","hnhl","主板","19960802","","","SSE","L","湖南海利化工股份有限公司","Hunan Haili Chemical Industry Co.,Ltd."
"600732.SH","600732","爱旭股份","上海","电气设备","axgf","主板","19960816","陈刚","民营企业","SSE","L","上海爱旭新能源股份有限公司","Shanghai Aiko Solar Energy Co., Ltd."
"600733.SH","600733","北汽蓝谷","北京","汽车整车","bqlg","主板","19960816","","","SSE","L","北汽蓝谷新能源科技股份有限公司","BAIC BluePark New Energy Technology Co.,Ltd."
"600734.SH","600734","实达集团","福建","软件服务","sdjt","主板","19960808","景百孚","外资企业","SSE","L","福建实达集团股份有限公司","Fujian Start Group Co.,Ltd"
"600735.SH","600735","ST新华锦","山东","服饰","stxhj","主板","19960726","","","SSE","L","山东新华锦国际股份有限公司","Shandong Hiking International Co.,Ltd"
"600736.SH","600736","苏州高新","江苏","园区开发","szgx","主板","19960815","苏州国家高新技术产业开发区管理委员会(苏州市虎丘区人民政府)","地方国企","SSE","L","苏州新区高新技术产业股份有限公司","Suzhou New District Hi-Tech Industrial Co.,Ltd"
"600737.SH","600737","中粮糖业","新疆","食品","zlty","主板","19960731","","","SSE","L","中粮糖业控股股份有限公司","Cofco Sugar Holding Co.,Ltd"
"600738.SH","600738","丽尚国潮","甘肃","百货","lsgc","主板","19960802","丽水经济技术开发区管理委员会","地方国企","SSE","L","兰州丽尚国潮实业集团股份有限公司","Lanzhoulishang Guochao Industrial Group Co.,Ltd"
"600739.SH","600739","辽宁成大","辽宁","生物制药","lncd","主板","19960819","","","SSE","L","辽宁成大股份有限公司","Liaoning Cheng Da Co.,Ltd."
"600740.SH","600740","山西焦化","山西","焦炭加工","sxjh","主板","19960808","","","SSE","L","山西焦化股份有限公司","ShanXi Coking Co.,Ltd"
"600741.SH","600741","华域汽车","上海","汽车配件","hyqc","主板","19960826","上海市国有资产监督管理委员会","地方国企","SSE","L","华域汽车系统股份有限公司","HUAYU Automotive Systems Company Limited"
"600742.SH","600742","富维股份","吉林","汽车配件","fwgf","主板","19960826","吉林省人民政府国有资产监督管理委员会","地方国企","SSE","L","长春富维集团汽车零部件股份有限公司","Changchun FAWAY Group Automobile Components Co.,Ltd"
"600743.SH","600743","华远控股","北京","区域地产","hykg","主板","19960909","","","SSE","L","北京华远新航控股股份有限公司","Beijing Huayuan Xinhang Holding Co.,Ltd."
"600744.SH","600744","华银电力","湖南","火力发电","hydl","主板","19960905","","","SSE","L","大唐华银电力股份有限公司","DaTang HuaYin Electric Power CO.,LTD"
"600745.SH","600745","闻泰科技","湖北","半导体","wtkj","主板","19960828","","","SSE","L","闻泰科技股份有限公司","Wingtech Technology Co.,Ltd"
"600746.SH","600746","江苏索普","江苏","化工原料","jssp","主板","19960918","","","SSE","L","江苏索普化工股份有限公司","Jiangsu SOPO Chemical Co.,Ltd."
"600748.SH","600748","上实发展","上海","全国地产","ssfz","主板","19960925","上海市国有资产监督管理委员会","地方国企","SSE","L","上海实业发展股份有限公司","Shanghai Industrial Development Co.,Ltd"
"600749.SH","600749","西藏旅游","西藏","旅游景点","xzly","主板","19961015","","","SSE","L","西藏旅游股份有限公司","Tibet Tourism Co.,Ltd"
"600750.SH","600750","江中药业","江西","中成药","jzyy","主板","19960923","江西省国有资产监督管理委员会","地方国企","SSE","L","江中药业股份有限公司","Jiang Zhong Pharmaceutical Co.,Ltd."
"600751.SH","600751","海航科技","天津","水运","hhkj","主板","19960909","海南省国有资产监督管理委员会","地方国企","SSE","L","海航科技股份有限公司","HNA Technology Co.,Ltd."
"600753.SH","600753","*ST海钦","福建","商贸代理","sthq","主板","19960927","","","SSE","L","福建海钦能源集团股份有限公司","Fujian Haiqin Energy Group Co.,Ltd"
"600754.SH","600754","锦江酒店","上海","酒店餐饮","jjjd","主板","19961011","上海市国有资产监督管理委员会","地方国企","SSE","L","上海锦江国际酒店股份有限公司","Shanghai Jin Jiang International Hotels Co.,Ltd."
"600755.SH","600755","厦门国贸","福建","仓储物流","xmgm","主板","19961003","厦门市人民政府国有资产监督管理委员会","地方国企","SSE","L","厦门国贸集团股份有限公司","Xiamen ITG Group Corp.,Ltd"
"600756.SH","600756","浪潮软件","山东","软件服务","lcrj","主板","19960923","","","SSE","L","浪潮软件股份有限公司","Inspur Software Co.,Ltd."
"600757.SH","600757","长江传媒","湖北","出版业","cjcm","主板","19961003","","","SSE","L","长江出版传媒股份有限公司","Changjiang Publishing & Media Co.,Ltd"
"600758.SH","600758","辽宁能源","辽宁","煤炭开采","lnny","主板","19961029","","","SSE","L","辽宁能源煤电产业股份有限公司","Liaoning Energy Industry Co.,Ltd"
"600759.SH","600759","洲际油气","海南","石油开采","zjyq","主板","19961008","陈隆基","外资企业","SSE","L","洲际油气股份有限公司","Geo-Jade Petroleum Corporation"
"600760.SH","600760","中航沈飞","山东","航空","zhsf","主板","19961011","","","SSE","L","中航沈飞股份有限公司","Avic Shenyang Aircraft Company Limited"
"600761.SH","600761","安徽合力","安徽","工程机械","ahhl","主板","19961009","","","SSE","L","安徽合力股份有限公司","Anhui Heli Co., Ltd."
"600763.SH","600763","通策医疗","浙江","医疗保健","tcyl","主板","19961030","吕建明","外资企业","SSE","L","通策医疗股份有限公司","Topchoice Medical Co.,Inc."
"600764.SH","600764","中国海防","北京","船舶","zghf","主板","19961104","","","SSE","L","中国船舶重工集团海洋防务与信息对抗股份有限公司","China Marine Information Electronics Company Limited"
"600765.SH","600765","中航重机","贵州","航空","zhzj","主板","19961106","中国航空工业集团有限公司","中央国企","SSE","L","中航重机股份有限公司","Avic Heavy Machinery Co.,Ltd."
"600768.SH","600768","宁波富邦","浙江","铝","nbfb","主板","19961111","宋汉平","民营企业","SSE","L","宁波富邦精业集团股份有限公司","Ningbo Fubang Jingye Group Co.,Ltd"
"600769.SH","600769","祥龙电业","湖北","水务","xldy","主板","19961101","武汉市人民政府国有资产监督管理委员会","地方国企","SSE","L","武汉祥龙电业股份有限公司","Wuhan Xianglong Power Industry Co.,Ltd"
"600770.SH","600770","综艺股份","江苏","综合类","zygf","主板","19961120","","","SSE","L","江苏综艺股份有限公司","Jiangsu Zongyi Co.,Ltd"
"600771.SH","600771","广誉远","山西","中成药","gyy","主板","19961105","山西省人民政府国有资产监督管理委员会","地方国企","SSE","L","广誉远中药股份有限公司","Guangyuyuan Chinese Herbal Medicine Co.,Ltd."
"600773.SH","600773","西藏城投","西藏","区域地产","xzct","主板","19961108","上海市静安区国有资产监督管理委员会(上海市静安区集体资产监督管理委员会)","地方国企","SSE","L","西藏城市发展投资股份有限公司","Tibet Urban Development and Investment Co.,LTD"
"600774.SH","600774","汉商集团","湖北","化学制药","hsjt","主板","19961108","武汉市汉阳区国有资产监督管理办公室","地方国企","SSE","L","汉商集团股份有限公司","Hanshang Group Co.,Ltd."
"600775.SH","600775","南京熊猫","江苏","通信设备","njxm","主板","19961118","","","SSE","L","南京熊猫电子股份有限公司","Nanjing Panda Electronics Company Limited"
"600776.SH","600776","东方通信","浙江","通信设备","dftx","主板","19961126","中国普天信息产业集团有限公司","中央国企","SSE","L","东方通信股份有限公司","Eastern Communications Co.,Ltd."
"600777.SH","600777","*ST新潮","山东","石油开采","stxc","主板","19961121","","","SSE","L","山东新潮能源股份有限公司","Shandong Xinchao Energy Corporation Limited"
"600778.SH","600778","友好集团","新疆","百货","yhjt","主板","19961203","乌鲁木齐市国有资产监督管理委员会","地方国企","SSE","L","新疆友好(集团)股份有限公司","Xinjiang Youhao(Group)Co.,Ltd"
"600779.SH","600779","水井坊","四川","白酒","sjf","主板","19961206","Diageo Plc","外资企业","SSE","L","四川水井坊股份有限公司","Sichuan Swellfun Co., Ltd"
"600780.SH","600780","通宝能源","山西","火力发电","tbny","主板","19961205","","","SSE","L","山西通宝能源股份有限公司","Top Energy Company Ltd.Shanxi"
"600782.SH","600782","新钢股份","江西","普钢","xggf","主板","19961225","江西省国有资产监督管理委员会","地方国企","SSE","L","新余钢铁股份有限公司","Xinyu Iron & Steel Co.,Ltd"
"600783.SH","600783","鲁信创投","山东","专用机械","lxct","主板","19961225","山东省人民政府","地方国企","SSE","L","鲁信创业投资集团股份有限公司","Luxin Venture Capital Group Co.,Ltd."
"600784.SH","600784","鲁银投资","山东","综合类","lytz","主板","19961225","","","SSE","L","鲁银投资集团股份有限公司","Luyin Investment Group Co.,Ltd."
"600785.SH","600785","新华百货","宁夏","百货","xhbh","主板","19970108","","","SSE","L","银川新华百货商业集团股份有限公司","Yinchuan Xinhua Commercial (Group) Co.,Ltd."
"600787.SH","600787","中储股份","天津","仓储物流","zcgf","主板","19970121","","","SSE","L","中储发展股份有限公司","CMST Development Co.,Ltd."
"600789.SH","600789","鲁抗医药","山东","化学制药","lkyy","主板","19970226","","","SSE","L","山东鲁抗医药股份有限公司","Shandong Lukang Pharmaceutical Co.,Ltd."
"600790.SH","600790","轻纺城","浙江","商品城","qfc","主板","19970228","","","SSE","L","浙江中国轻纺城集团股份有限公司","Zhejiang China Light&Textile Industrial City Group Co.,Ltd"
"600791.SH","600791","京能置业","北京","全国地产","jnzy","主板","19970130","","","SSE","L","京能置业股份有限公司","Beh-Property Co.,Ltd"
"600792.SH","600792","云煤能源","云南","焦炭加工","ymny","主板","19970123","","","SSE","L","云南煤业能源股份有限公司","Yunnan Coal & Energy Co.,Ltd."
"600793.SH","600793","宜宾纸业","四川","造纸","ybzy","主板","19970220","宜宾发展控股集团有限公司","地方国企","SSE","L","宜宾纸业股份有限公司","Yibin Paper Industry Co.,Ltd"
"600794.SH","600794","保税科技","江苏","仓储物流","bskj","主板","19970306","","","SSE","L","张家港保税科技(集团)股份有限公司","Zhangjiagang Freetrade Science & Technology Group Co., Ltd."
"600795.SH","600795","国电电力","辽宁","火力发电","gddl","主板","19970318","","","SSE","L","国电电力发展股份有限公司","GD Power Development Co.,Ltd"
"600796.SH","600796","钱江生化","浙江","环境保护","qjsh","主板","19970408","海宁市财政局(海宁市人民政府国有资产监督管理办公室)","地方国企","SSE","L","浙江钱江生物化学股份有限公司","Zhejiang Qianjiang Biochemical Co.,Ltd"
"600797.SH","600797","浙大网新","浙江","软件服务","zdwx","主板","19970418","无实际控制人","无","SSE","L","浙大网新科技股份有限公司","Insigma Technology Co.,LTD"
"600798.SH","600798","宁波海运","浙江","水运","nbhy","主板","19970423","浙江省人民政府国有资产监督管理委员会","地方国企","SSE","L","宁波海运股份有限公司","Ningbo Marine Company Limited"
"600800.SH","600800","渤海化学","天津","化工原料","bhhx","主板","19931206","","","SSE","L","天津渤海化学股份有限公司","Tian Jin Bohai Chemical Co.,Ltd."
"600801.SH","600801","华新水泥","湖北","水泥","hxsn","主板","19940103","Holcim Ltd.","外资企业","SSE","L","华新水泥股份有限公司","Huaxin Cement Co.,Ltd."
"600802.SH","600802","福建水泥","福建","水泥","fjsn","主板","19940103","福建省人民政府国有资产监督管理委员会","地方国企","SSE","L","福建水泥股份有限公司","Fujian Cement Inc."
"600803.SH","600803","新奥股份","河北","供气供热","xagf","主板","19940103","","","SSE","L","新奥天然气股份有限公司","ENN Natural Gas Co., Ltd."
"600805.SH","600805","悦达投资","江苏","综合类","ydtz","主板","19940103","江苏省政府国有资产监督管理委员会","地方国企","SSE","L","江苏悦达投资股份有限公司","Jiangsu Yueda Investment Co., Ltd."
"600807.SH","600807","济高发展","山东","医疗保健","jgfz","主板","19940103","无实际控制人","无","SSE","L","济南高新发展股份有限公司","Jinan High-tech Development Co.,Ltd."
"600808.SH","600808","马钢股份","安徽","普钢","mggf","主板","19940106","国务院国有资产监督管理委员会","中央国企","SSE","L","马鞍山钢铁股份有限公司","Maanshan Iron & Steel Company Limited"
"600809.SH","600809","山西汾酒","山西","白酒","sxfj","主板","19940106","","","SSE","L","山西杏花村汾酒厂股份有限公司","Shanxi Xinghuacun Fen Wine Factory Co.,Ltd."
"600810.SH","600810","神马股份","河南","化纤","smgf","主板","19940106","河南省人民政府国有资产监督管理委员会","地方国企","SSE","L","神马实业股份有限公司","Shenma Industrial Co.,Ltd"
"600812.SH","600812","华北制药","河北","化学制药","hbzy","主板","19940114","","","SSE","L","华北制药股份有限公司","North China Pharmaceutical Company.Ltd"
"600814.SH","600814","杭州解百","浙江","百货","hzjb","主板","19940114","","","SSE","L","杭州解百集团股份有限公司","Hangzhou Jiebai Group Co.,Limited"
"600815.SH","600815","厦工股份","福建","工程机械","xggf","主板","19940128","厦门市人民政府国有资产监督管理委员会","地方国企","SSE","L","厦门厦工机械股份有限公司","Xiamen XGMA Machinery Co., Ltd."
"600816.SH","600816","建元信托","上海","多元金融","jyxt","主板","19940128","无实际控制人","无","SSE","L","建元信托股份有限公司","J-Yuan Trust Co.,Ltd."
"600817.SH","600817","宇通重工","河南","专用机械","ytzg","主板","19940128","汤玉祥","民营企业","SSE","L","宇通重工股份有限公司","Yutong Heavy Industries Co.,Ltd."
"600818.SH","600818","中路股份","上海","文教休闲","zlgf","主板","19940128","","","SSE","L","中路股份有限公司","Zhonglu Co.,Ltd"
"600819.SH","600819","耀皮玻璃","上海","玻璃","ypbl","主板","19940128","上海市国有资产监督管理委员会","地方国企","SSE","L","上海耀皮玻璃集团股份有限公司","Shanghai Yaohua Pilkington Glass Group Co., Ltd."
"600820.SH","600820","隧道股份","上海","建筑工程","sdgf","主板","19940128","上海市国有资产监督管理委员会","地方国企","SSE","L","上海隧道工程股份有限公司","Shanghai Tunnel Engineering Co.,Ltd."
"600821.SH","600821","金开新能","天津","新型电力","jkxn","主板","19940128","","","SSE","L","金开新能源股份有限公司","NYOCOR Company Limited"
"600822.SH","600822","上海物贸","上海","汽车服务","shwm","主板","19940204","上海市国有资产监督管理委员会","地方国企","SSE","L","上海物资贸易股份有限公司","Shanghai Material Trading Co.,Ltd."
"600824.SH","600824","益民集团","上海","百货","ymjt","主板","19940204","上海市黄浦区国有资产监督管理委员会(上海市黄浦区集体资产监督管理委员会)","地方国企","SSE","L","上海益民商业集团股份有限公司","Shanghai Yimin Commercial Group Co.,Ltd."
"600825.SH","600825","新华传媒","上海","出版业","xhcm","主板","19940204","上海市国有资产监督管理委员会","地方国企","SSE","L","上海新华传媒股份有限公司","Shanghai Xinhua Media Co., Ltd."
"600826.SH","600826","兰生股份","上海","文教休闲","lsgf","主板","19940204","上海市国有资产监督管理委员会","地方国企","SSE","L","东浩兰生会展集团股份有限公司","Dlg Exhibitions & Events Corporation Limited"
"600827.SH","600827","百联股份","上海","超市连锁","blgf","主板","19940204","上海市国有资产监督管理委员会","地方国企","SSE","L","上海百联集团股份有限公司","Shanghai Bailian Group Co.,Ltd."
"600828.SH","600828","茂业商业","四川","百货","mysy","主板","19940224","","","SSE","L","茂业商业股份有限公司","Maoye Commercial Co., Ltd"
"600829.SH","600829","人民同泰","黑龙江","医药商业","rmtt","主板","19940224","无实际控制人","无","SSE","L","哈药集团人民同泰医药股份有限公司","HPGC Renmintongtai Pharmaceutical Corporation"
"600830.SH","600830","香溢融通","浙江","多元金融","xyrt","主板","19940224","中国烟草总公司","中央国企","SSE","L","香溢融通控股集团股份有限公司","Sunny Loan Top Co.,Ltd."
"600831.SH","600831","ST广网","陕西","影视音像","stgw","主板","19940224","","","SSE","L","陕西广电网络传媒(集团)股份有限公司","Shaanxi Broadcast & Tv Network Intermediary(Group) Co.,Ltd."
"600833.SH","600833","第一医药","上海","医药商业","dyyy","主板","19940224","上海市国有资产监督管理委员会","地方国企","SSE","L","上海第一医药股份有限公司","Shanghai No.1 Pharmacy Co.,Ltd."
"600834.SH","600834","申通地铁","上海","公共交通","stdt","主板","19940224","上海市国有资产监督管理委员会","地方国企","SSE","L","上海申通地铁股份有限公司","Shanghai Shentong Metro Co.,Ltd."
"600835.SH","600835","上海机电","上海","运输设备","shjd","主板","19940224","上海市国有资产监督管理委员会","地方国企","SSE","L","上海机电股份有限公司","Shanghai Mechanical & Electrical Industry Co.,Ltd."
"600838.SH","600838","上海九百","上海","百货","shjb","主板","19940224","上海市国有资产监督管理委员会","地方国企","SSE","L","上海九百股份有限公司","Shanghai Join Buy Co.,Ltd."
"600839.SH","600839","四川长虹","四川","家用电器","scch","主板","19940311","绵阳市国有资产监督管理委员会","地方国企","SSE","L","四川长虹电器股份有限公司","Sichuan Changhong Electric Co.,Ltd."
"600841.SH","600841","动力新科","上海","汽车配件","dlxk","主板","19940311","上海市国有资产监督管理委员会","地方国企","SSE","L","上海新动力汽车科技股份有限公司","Shanghai New Power Automotive Technology Company Limited"
"600843.SH","600843","上工申贝","上海","纺织机械","sgsb","主板","19940311","上海市浦东新区国有资产监督管理委员会","地方国企","SSE","L","上工申贝(集团)股份有限公司","Shang Gong Group Co.,Ltd."
"600844.SH","600844","金煤科技","内蒙","化工原料","jmkj","主板","19940311","丹阳市人民政府","地方国企","SSE","L","内蒙古金煤化工科技股份有限公司","Inner Mongolia Jinmei Chemical Technology Co., Ltd."
"600845.SH","600845","宝信软件","上海","软件服务","bxrj","主板","19940311","","","SSE","L","上海宝信软件股份有限公司","Shanghai Baosight Software Co.,Ltd."
"600846.SH","600846","同济科技","上海","建筑工程","tjkj","主板","19940311","上海市杨浦区人民政府国有资产监督管理委员会","地方国企","SSE","L","上海同济科技实业股份有限公司","Shanghai Tongji Science&Technology Industrial Co.,Ltd"
"600847.SH","600847","万里股份","重庆","电气设备","wlgf","主板","19940324","","","SSE","L","重庆万里新能源股份有限公司","Chongqing Wanli New Energy Co., Ltd."
"600848.SH","600848","上海临港","上海","园区开发","shlg","主板","19940324","上海市国有资产监督管理委员会","地方国企","SSE","L","上海临港控股股份有限公司","Shanghai Lingang Holdings Co.,Ltd"
"600850.SH","600850","电科数字","上海","软件服务","dksz","主板","19940324","","","SSE","L","中电科数字技术股份有限公司","CETC Digital Technology Co.,Ltd."
"600851.SH","600851","海欣股份","上海","化学制药","hxgf","主板","19940404","财信证券股份有限公司","地方国企","SSE","L","上海海欣集团股份有限公司","Shanghai Haixin Group Co.,Ltd."
"600853.SH","600853","龙建股份","黑龙江","建筑工程","ljgf","主板","19940404","","","SSE","L","龙建路桥股份有限公司","Longjian Road&Bridge Co.,Ltd"
"600854.SH","600854","春兰股份","江苏","家用电器","clgf","主板","19940425","","","SSE","L","江苏春兰制冷设备股份有限公司","Jiangsu Chunlan Refrigerating Equipment Stock Co.,Ltd."
"600855.SH","600855","航天长峰","北京","专用机械","htcf","主板","19940425","","","SSE","L","北京航天长峰股份有限公司","Beijing Aerospace Changfeng Co.,Ltd"
"600857.SH","600857","宁波中百","浙江","百货","nbzb","主板","19940425","","","SSE","L","宁波中百股份有限公司","Ningbo Zhongbai Co., Ltd"
"600858.SH","600858","银座股份","山东","百货","yzgf","主板","19940506","","","SSE","L","银座集团股份有限公司","Inzone Group Co.,Ltd"
"600859.SH","600859","王府井","北京","百货","wfj","主板","19940506","北京市人民政府国有资产监督管理委员会","地方国企","SSE","L","王府井集团股份有限公司","Wangfujing Group Co., Ltd."
"600860.SH","600860","京城股份","北京","专用机械","jcgf","主板","19940506","","","SSE","L","北京京城机电股份有限公司","Beijing Jingcheng Machinery Electric Company Limited"
"600861.SH","600861","北京人力","北京","文教休闲","bjrl","主板","19940520","北京国有资本运营管理有限公司","地方国企","SSE","L","北京国际人力资本集团股份有限公司","Fesco Group Co., Ltd"
"600862.SH","600862","中航高科","江苏","航空","zhgk","主板","19940520","","","SSE","L","中航航空高科技股份有限公司","Avic Aviation High-Technology Co.,Ltd."
"600863.SH","600863","内蒙华电","内蒙","火力发电","nmhd","主板","19940520","","","SSE","L","内蒙古蒙电华能热电股份有限公司","Inner Mongolia Mengdianhuaneng Thermal Power Corporation Limited"
"600864.SH","600864","哈投股份","黑龙江","证券","htgf","主板","19940809","","","SSE","L","哈尔滨哈投投资股份有限公司","Harbin Hatou Investment Co.,Ltd"
"600865.SH","600865","百大集团","浙江","百货","bdjt","主板","19940809","陈夏鑫","民营企业","SSE","L","百大集团股份有限公司","Baida Group Co.,Ltd."
"600866.SH","600866","星湖科技","广东","饲料","xhkj","主板","19940818","肇庆市人民政府国有资产监督管理委员会","地方国企","SSE","L","广东肇庆星湖生物科技股份有限公司","STAR LAKE Bioscience Co.,Inc Zhaoqing Guangdong"
"600867.SH","600867","通化东宝","吉林","生物制药","thdb","主板","19940824","李一奎","民营企业","SSE","L","通化东宝药业股份有限公司","Tonghua Dongbao Pharmaceutical Co.,Ltd."
"600868.SH","600868","梅雁吉祥","广东","水力发电","myjx","主板","19940912","","","SSE","L","广东梅雁吉祥水电股份有限公司","Guangdong Meiyan Jixiang Hydropower Co.,Ltd."
"600869.SH","600869","远东股份","青海","电气设备","ydgf","主板","19950206","","","SSE","L","远东智慧能源股份有限公司","Far East Smarter Energy Co.,Ltd"
"600871.SH","600871","石化油服","北京","石油开采","shyf","主板","19950411","","","SSE","L","中石化石油工程技术服务股份有限公司","Sinopec Oilfield Service Corporation"
"600872.SH","600872","中炬高新","广东","食品","zjgx","主板","19950124","","","SSE","L","中炬高新技术实业(集团)股份有限公司","Jonjee Hi-Tech Industrial and Commercial Holding Co.,Ltd"
"600873.SH","600873","梅花生物","西藏","食品","mhsw","主板","19950217","王爱军","民营企业","SSE","L","梅花生物科技集团股份有限公司","Meihua Holdings Group Co.,Ltd"
"600874.SH","600874","创业环保","天津","环境保护","cyhb","主板","19950630","","","SSE","L","天津创业环保集团股份有限公司","Tianjin Capital Environmental Protection Group Company Limited"
"600875.SH","600875","东方电气","四川","电气设备","dfdq","主板","19951010","国务院国有资产监督管理委员会","中央国企","SSE","L","东方电气股份有限公司","Dongfang Electric Corporation Limited"
"600876.SH","600876","凯盛新能","河南","玻璃","ksxn","主板","19951031","","","SSE","L","凯盛新能源股份有限公司","Triumph New Energy Company Limited"
"600877.SH","600877","电科芯片","重庆","半导体","dkxp","主板","19951013","","","SSE","L","中电科芯片技术股份有限公司","CETC Chips Technology Inc."
"600879.SH","600879","航天电子","湖北","航空","htdz","主板","19951115","","","SSE","L","航天时代电子技术股份有限公司","China Aerospace Times Electronics Co.,Ltd."
"600880.SH","600880","博瑞传播","四川","广告包装","brcb","主板","19951115","成都市国有资产监督管理委员会","地方国企","SSE","L","成都博瑞传播股份有限公司","Chengdu B-Ray Media Co.,Ltd."
"600881.SH","600881","亚泰集团","吉林","综合类","ytjt","主板","19951115","长春市人民政府国有资产监督管理委员会","地方国企","SSE","L","吉林亚泰(集团)股份有限公司","Jilin Yatai (Group) Co.,Ltd."
"600882.SH","600882","妙可蓝多","上海","乳制品","mkld","主板","19951206","淄博市财政局","地方国企","SSE","L","上海妙可蓝多食品科技股份有限公司","Shanghai Milkground Food Tech Co., Ltd."
"600883.SH","600883","博闻科技","云南","种植业","bwkj","主板","19951208","","","SSE","L","云南博闻科技实业股份有限公司","Yunnan Bowin Technology Industry Co.,Ltd"
"600884.SH","600884","杉杉股份","浙江","电气设备","ssgf","主板","19960130","","","SSE","L","宁波杉杉股份有限公司","Ningbo Shanshan Co.,Ltd."
"600885.SH","600885","宏发股份","湖北","电气设备","hfgf","主板","19960205","","","SSE","L","宏发科技股份有限公司","Hongfa Technology Co., Ltd."
"600886.SH","600886","国投电力","北京","水力发电","gtdl","主板","19960118","","","SSE","L","国投电力控股股份有限公司","SDIC Power Holdings Co.,Ltd"
"600887.SH","600887","伊利股份","内蒙","乳制品","ylgf","主板","19960312","无实际控制人","无","SSE","L","内蒙古伊利实业集团股份有限公司","Inner Mongolia Yili Industrial Group Co.,Ltd."
"600888.SH","600888","新疆众和","新疆","铝","xjzh","主板","19960215","","","SSE","L","新疆众和股份有限公司","Xinjiang Joinworld Co.,Ltd."
"600889.SH","600889","南京化纤","江苏","化纤","njhx","主板","19960308","","","SSE","L","南京化纤股份有限公司","Nanjing Chemical Fibre Co.,Ltd"
"600892.SH","600892","*ST大晟","深圳","互联网","stds","主板","19960315","中国华星集团有限公司(香港)","中央国企","SSE","L","大晟时代文化投资股份有限公司","Dasheng Times Cultural Investment Co.,Ltd."
"600893.SH","600893","航发动力","陕西","航空","hfdl","主板","19960408","","","SSE","L","中国航发动力股份有限公司","Aecc Aviation Power Co,Ltd"
"600894.SH","600894","广日股份","广东","运输设备","grgf","主板","19960328","","","SSE","L","广州广日股份有限公司","Guangzhou Guangri Stock Co., Ltd"
"600895.SH","600895","张江高科","上海","园区开发","zjgk","主板","19960422","上海市浦东新区国有资产监督管理委员会","地方国企","SSE","L","上海张江高科技园区开发股份有限公司","Shanghai Zhangjiang Hi-Tech Park Development Co.,Ltd"
"600897.SH","600897","厦门空港","福建","机场","xmkg","主板","19960531","厦门市人民政府国有资产监督管理委员会","地方国企","SSE","L","元翔(厦门)国际航空港股份有限公司","Xiamen International Airport Co., Ltd"
"600900.SH","600900","长江电力","北京","水力发电","cjdl","主板","20031118","","","SSE","L","中国长江电力股份有限公司","China Yangtze Power Co., Ltd."
"600901.SH","600901","江苏金租","江苏","多元金融","jsjz","主板","20180301","江苏省政府国有资产监督管理委员会","地方国企","SSE","L","江苏金融租赁股份有限公司","Jiangsu Financial Leasing Co., Ltd."
"600903.SH","600903","贵州燃气","贵州","供气供热","gzrq","主板","20171107","贵州省人民政府国有资产监督管理委员会","地方国企","SSE","L","贵州燃气集团股份有限公司","Guizhou Gas Group Corporation Ltd."
"600905.SH","600905","三峡能源","北京","新型电力","sxny","主板","20210610","中国长江三峡集团有限公司","中央国企","SSE","L","中国三峡新能源(集团)股份有限公司","China Three Gorges Renewables (Group) Co.,Ltd."
"600906.SH","600906","财达证券","河北","证券","cdzq","主板","20210507","河北省人民政府国有资产监督管理委员会","地方国企","SSE","L","财达证券股份有限公司","Caida Securities Co.,Ltd."
"600908.SH","600908","无锡银行","江苏","银行","wxyh","主板","20160923","","","SSE","L","无锡农村商业银行股份有限公司","Wuxi Rural Commercial Bank Co.,Ltd"
"600909.SH","600909","华安证券","安徽","证券","hazq","主板","20161206","","","SSE","L","华安证券股份有限公司","Huaan Securities Co.,Ltd."
"600916.SH","600916","中国黄金","北京","服饰","zghj","主板","20210205","国务院国有资产监督管理委员会","中央国企","SSE","L","中国黄金集团黄金珠宝股份有限公司","China National Gold Group Gold Jewellery Co.,Ltd"
"600917.SH","600917","重庆燃气","重庆","供气供热","cqrq","主板","20140930","重庆市国有资产监督管理委员会","地方国企","SSE","L","重庆燃气集团股份有限公司","Chongqing Gas Group Corporation Ltd."
"600918.SH","600918","中泰证券","山东","证券","ztzq","主板","20200603","","","SSE","L","中泰证券股份有限公司","Zhongtai Securities Co., Ltd."
"600919.SH","600919","江苏银行","江苏","银行","jsyh","主板","20160802","","","SSE","L","江苏银行股份有限公司","Bank of Jiangsu Co.,Ltd."
"600925.SH","600925","苏能股份","江苏","煤炭开采","sngf","主板","20230329","江苏省人民政府","地方国企","SSE","L","江苏徐矿能源股份有限公司","Jiangsu Xukuang Energy Co. Ltd."
"600926.SH","600926","杭州银行","浙江","银行","hzyh","主板","20161027","无实际控制人","无","SSE","L","杭州银行股份有限公司","Bank of Hangzhou Co., Ltd."
"600927.SH","600927","永安期货","浙江","多元金融","yaqh","主板","20211223","浙江省财政厅","地方国企","SSE","L","永安期货股份有限公司","Yongan Futures Co.,Ltd."
"600928.SH","600928","西安银行","陕西","银行","xayh","主板","20190301","西安市人民政府","地方国企","SSE","L","西安银行股份有限公司","Bank of Xi'an Co.,Ltd."
"600929.SH","600929","雪天盐业","湖南","食品","xtyy","主板","20180326","","","SSE","L","雪天盐业集团股份有限公司","Snowsky Salt Industry Group Co.,Ltd"
"600930.SH","600930","华电新能","福建","新型电力","hdxn","主板","20250716","中国华电集团有限公司","中央国企","SSE","L","华电新能源集团股份有限公司","Huadian New Energy Group Corporation Limited"
"600933.SH","600933","爱柯迪","浙江","汽车配件","akd","主板","20171117","","","SSE","L","爱柯迪股份有限公司","IKD Co., Ltd."
"600935.SH","600935","华塑股份","安徽","化工原料","hsgf","主板","20211126","安徽省人民政府国有资产监督管理委员会","地方国企","SSE","L","安徽华塑股份有限公司","Anhui Hwasu Co.,Ltd."
"600936.SH","600936","广西广电","广西","软件服务","gxgd","主板","20160815","广西广播电视台","地方国企","SSE","L","广西广播电视信息网络股份有限公司","Guangxi Radio and Television Information Network Corporation Limited"
"600938.SH","600938","中国海油","北京","石油开采","zghy","主板","20220421","中国海洋石油集团有限公司","中央国企","SSE","L","中国海洋石油有限公司","CNOOC Limited"
"600939.SH","600939","重庆建工","重庆","建筑工程","cqjg","主板","20170221","重庆市国有资产监督管理委员会","地方国企","SSE","L","重庆建工集团股份有限公司","Chongqing Construction Engineering Group Co.,Ltd"
"600941.SH","600941","中国移动","北京","电信运营","zgyd","主板","20220105","中国移动通信集团有限公司","中央国企","SSE","L","中国移动有限公司","China Mobile Limited"
"600955.SH","600955","维远股份","山东","化工原料","wygf","主板","20210915","徐云亭","民营企业","SSE","L","利华益维远化学股份有限公司","Lihuayi Weiyuan Chemical Co., Ltd."
"600956.SH","600956","新天绿能","河北","供气供热","xtln","主板","20200629","","","SSE","L","新天绿色能源股份有限公司","China Suntien Green Energy Corporation Limited"
"600958.SH","600958","东方证券","上海","证券","dfzq","主板","20150323","","","SSE","L","东方证券股份有限公司","Orient Securities Company Limited"
"600959.SH","600959","江苏有线","江苏","影视音像","jsyx","主板","20150428","江苏省广播电视总台","无","SSE","L","江苏省广电有线信息网络股份有限公司","Jiangsu Broadcasting Cable Information Network Corporation Limited"
"600960.SH","600960","渤海汽车","山东","汽车配件","bhqc","主板","20040407","滨州市人民政府国有资产监督管理委员会","地方国企","SSE","L","渤海汽车系统股份有限公司","Bohai Automotive Systems Co.,Ltd."
"600961.SH","600961","株冶集团","湖南","铅锌","zyjt","主板","20040830","国务院国有资产监督管理委员会","中央国企","SSE","L","株洲冶炼集团股份有限公司","Zhuzhou Smelter Group Co.,Ltd."
"600962.SH","600962","国投中鲁","北京","软饮料","gtzl","主板","20040622","","","SSE","L","国投中鲁果汁股份有限公司","SDIC Zhonglu Fruit Juice Co., Ltd."
"600963.SH","600963","岳阳林纸","湖南","造纸","yylz","主板","20040525","","","SSE","L","岳阳林纸股份有限公司","Yueyang Forest & Paper Co., Ltd."
"600965.SH","600965","福成股份","河北","农业综合","fcgf","主板","20040713","","","SSE","L","河北福成五丰食品股份有限公司","Fortune Ng Fung Food (Hebei) Co.,Ltd"
"600966.SH","600966","博汇纸业","山东","造纸","bhzy","主板","20040608","黄志源","外资企业","SSE","L","山东博汇纸业股份有限公司","Shandong Bohui Paper Industry Co.,Ltd."
"600967.SH","600967","内蒙一机","内蒙","运输设备","nmyj","主板","20040518","中国兵器工业集团有限公司","中央国企","SSE","L","内蒙古第一机械集团股份有限公司","Inner Mongolia First Machinery Group Co.,Ltd."
"600968.SH","600968","海油发展","北京","石油开采","hyfz","主板","20190626","","","SSE","L","中海油能源发展股份有限公司","Cnooc Energy Technology & Services Limited"
"600969.SH","600969","郴电国际","湖南","水力发电","cdgj","主板","20040408","郴州市人民政府国有资产监督管理委员会","地方国企","SSE","L","湖南郴电国际发展股份有限公司","Hunan Chendian International Developmentco.,Ltd"
"600970.SH","600970","中材国际","江苏","建筑工程","zcgj","主板","20050412","","","SSE","L","中国中材国际工程股份有限公司","Sinoma International Engineering Co.,Ltd"
"600971.SH","600971","恒源煤电","安徽","煤炭开采","hymd","主板","20040817","","","SSE","L","安徽恒源煤电股份有限公司","Anhui Hengyuan Coal Industry and Electricity Power Co.,Ltd"
"600973.SH","600973","宝胜股份","江苏","电气设备","bsgf","主板","20040802","江苏省政府国有资产监督管理委员会","地方国企","SSE","L","宝胜科技创新股份有限公司","Baosheng Science and Technology Innovation Co.,Ltd."
"600975.SH","600975","新五丰","湖南","农业综合","xwf","主板","20040609","","","SSE","L","湖南新五丰股份有限公司","Hunan New Wellful Co.,Ltd."
"600976.SH","600976","健民集团","湖北","中成药","jmjt","主板","20040419","","","SSE","L","健民药业集团股份有限公司","Jianmin Pharmaceutical Group Co., Ltd."
"600977.SH","600977","中国电影","北京","影视音像","zgdy","主板","20160809","","","SSE","L","中国电影产业集团股份有限公司","China Film Group Co.,Ltd."
"600979.SH","600979","广安爱众","四川","水力发电","gaaz","主板","20040906","广安市广安区人民政府","地方国企","SSE","L","四川广安爱众股份有限公司","Sichuan Guangan Aaa Public Co., Ltd"
"600980.SH","600980","北矿科技","北京","专用机械","bkkj","主板","20040512","","","SSE","L","北矿科技股份有限公司","BGRIMM Technology Co., Ltd."
"600981.SH","600981","苏豪汇鸿","江苏","商贸代理","shhh","主板","20040630","江苏省政府国有资产监督管理委员会","地方国企","SSE","L","江苏苏豪汇鸿集团股份有限公司","Jiangsu Soho High Hope Group Corporation"
"600982.SH","600982","宁波能源","浙江","供气供热","nbny","主板","20040706","","","SSE","L","宁波能源集团股份有限公司","Ningbo Energy Group Co.,Ltd."
"600983.SH","600983","惠而浦","安徽","家用电器","hep","主板","20040727","合肥市人民政府国有资产监督管理委员会","地方国企","SSE","L","惠而浦(中国)股份有限公司","Whirlpool (China) Co., Ltd."
"600984.SH","600984","建设机械","陕西","工程机械","jsjx","主板","20040707","","","SSE","L","陕西建设机械股份有限公司","Shaanxi Construction Machinery Co.,Ltd"
"600985.SH","600985","淮北矿业","安徽","煤炭开采","hbky","主板","20040428","","","SSE","L","淮北矿业控股股份有限公司","Huaibei Mining Holdings Co.,Ltd."
"600986.SH","600986","浙文互联","浙江","互联网","zwhl","主板","20040426","广饶县大王镇人民政府","地方国企","SSE","L","浙文互联集团股份有限公司","Zhewen Interactive Group Co., Ltd."
"600987.SH","600987","航民股份","浙江","纺织","hmgf","主板","20040809","","","SSE","L","浙江航民股份有限公司","Zhejiang Hangmin Co.,Ltd"
"600988.SH","600988","赤峰黄金","内蒙","黄金","cfhj","主板","20040414","李金阳","民营企业","SSE","L","赤峰吉隆黄金矿业股份有限公司","Chifeng Jilong Gold Mining Co.,Ltd."
"600989.SH","600989","宝丰能源","宁夏","化工原料","bfny","主板","20190516","","","SSE","L","宁夏宝丰能源集团股份有限公司","Ningxia Baofeng Energy Group Co.,Ltd."
"600990.SH","600990","四创电子","安徽","通信设备","scdz","主板","20040510","","","SSE","L","四创电子股份有限公司","Sun Create Electronics Co., Ltd"
"600992.SH","600992","贵绳股份","贵州","钢加工","gsgf","主板","20040514","","","SSE","L","贵州钢绳股份有限公司","Guizhou Wire Rope Co., Ltd"
"600993.SH","600993","马应龙","湖北","中成药","myl","主板","20040517","","","SSE","L","马应龙药业集团股份有限公司","Mayinglong Pharmaceutical Group Co.,Ltd"
"600995.SH","600995","南网储能","云南","水力发电","nwcn","主板","20040615","国务院国有资产监督管理委员会","中央国企","SSE","L","南方电网储能股份有限公司","China Southern Power Grid Energy Storage Co.,Ltd"
"600996.SH","600996","贵广网络","贵州","影视音像","ggwl","主板","20161226","中共贵州省委宣传部","地方国企","SSE","L","贵州省广播电视信息网络股份有限公司","Guizhou Bc&Tv Information Network Co.,Ltd"
"600997.SH","600997","开滦股份","河北","焦炭加工","klgf","主板","20040602","","","SSE","L","开滦能源化工股份有限公司","Kailuan Energy Chemical Co.,LTD."
"600998.SH","600998","九州通","湖北","医药商业","jzt","主板","20101102","","","SSE","L","九州通医药集团股份有限公司","Jointown Pharmaceutical Group Co., Ltd"
"600999.SH","600999","招商证券","深圳","证券","zszq","主板","20091117","","","SSE","L","招商证券股份有限公司","China Merchants Securities Co., Ltd"
"601000.SH","601000","唐山港","河北","港口","tsg","主板","20100705","唐山市人民政府国有资产监督管理委员会","地方国企","SSE","L","唐山港集团股份有限公司","Tangshan Port Group Co.,Ltd"
"601001.SH","601001","晋控煤业","山西","煤炭开采","jkmy","主板","20060623","","","SSE","L","晋能控股山西煤业股份有限公司","Jinneng Holding Shanxi Coal Industry Co.,Ltd."
"601002.SH","601002","晋亿实业","浙江","机械基件","jysy","主板","20070126","蔡永龙","外资企业","SSE","L","晋亿实业股份有限公司","Gem-Year Industrial Co.,Ltd."
"601003.SH","601003","柳钢股份","广西","普钢","lggf","主板","20070227","","","SSE","L","柳州钢铁股份有限公司","Liuzhou Iron & Steel Co.,Ltd."
"601005.SH","601005","重庆钢铁","重庆","普钢","cqgt","主板","20070228","重庆市国有资产监督管理委员会","地方国企","SSE","L","重庆钢铁股份有限公司","Chongqing Iron & Steel Company Limited"
"601006.SH","601006","大秦铁路","山西","铁路","dqtl","主板","20060801","","","SSE","L","大秦铁路股份有限公司","Daqin Railway Co., Ltd."
"601007.SH","601007","金陵饭店","江苏","酒店餐饮","jlfd","主板","20070406","江苏省政府国有资产监督管理委员会","地方国企","SSE","L","金陵饭店股份有限公司","Jinling Hotel Corporation, Ltd."
"601008.SH","601008","连云港","江苏","港口","lyg","主板","20070426","","","SSE","L","江苏连云港港口股份有限公司","Jiangsu Lianyungang Port Co.,Ltd."
"601009.SH","601009","南京银行","江苏","银行","njyh","主板","20070719","","","SSE","L","南京银行股份有限公司","Bank of Nanjing Co.,Ltd."
"601010.SH","601010","文峰股份","江苏","百货","wfgf","主板","20110603","无实际控制人","无","SSE","L","文峰大世界连锁发展股份有限公司","Wenfeng Great World Chain Development Corporation"
"601011.SH","601011","宝泰隆","黑龙江","焦炭加工","btl","主板","20110309","","","SSE","L","宝泰隆新材料股份有限公司","Baotailong New Materials Co.,Ltd"
"601012.SH","601012","隆基绿能","陕西","电气设备","ljln","主板","20120411","","","SSE","L","隆基绿能科技股份有限公司","LONGi Green Energy Technology Co.,Ltd."
"601015.SH","601015","陕西黑猫","陕西","焦炭加工","sxhm","主板","20141105","","","SSE","L","陕西黑猫焦化股份有限公司","Shaanxi Heimao Coking Co., Ltd."
"601016.SH","601016","节能风电","北京","新型电力","jnfd","主板","20140929","","","SSE","L","中节能风力发电股份有限公司","CECEP Wind-Power Corporation"
"601018.SH","601018","宁波港","浙江","港口","nbg","主板","20100928","","","SSE","L","宁波舟山港股份有限公司","Ningbo Zhoushan Port Company Limited"
"601019.SH","601019","山东出版","山东","出版业","sdcb","主板","20171122","","","SSE","L","山东出版传媒股份有限公司","Shandong Publishing & Media Co.,Ltd"
"601020.SH","601020","华钰矿业","西藏","铅锌","hyky","主板","20160316","","","SSE","L","西藏华钰矿业股份有限公司","Tibet Huayu Mining Co.,Ltd."
"601021.SH","601021","春秋航空","上海","空运","cqhk","主板","20150121","","","SSE","L","春秋航空股份有限公司","Spring Airlines Co., Ltd."
"601022.SH","601022","宁波远洋","浙江","水运","nbyy","主板","20221208","浙江省人民政府国有资产监督管理委员会","地方国企","SSE","L","宁波远洋运输股份有限公司","Ningbo Ocean Shipping Co., Ltd."
"601033.SH","601033","永兴股份","广东","环境保护","yxgf","主板","20240118","广州市人民政府","地方国企","SSE","L","广州环投永兴集团股份有限公司","Grandtop Yongxing Group Co.,Ltd"
"601038.SH","601038","一拖股份","河南","农用机械","ytgf","主板","20120808","中国机械工业集团有限公司","中央国企","SSE","L","第一拖拉机股份有限公司","First Tractor Company Limited"
"601058.SH","601058","赛轮轮胎","山东","汽车配件","sllt","主板","20110630","袁仲雪","民营企业","SSE","L","赛轮集团股份有限公司","Sailun Group Co.,Ltd."
"601059.SH","601059","信达证券","北京","证券","xdzq","主板","20230201","中华人民共和国财政部","中央国企","SSE","L","信达证券股份有限公司","Cinda Securities Co., Ltd."
"601061.SH","601061","中信金属","北京","商贸代理","zxjs","主板","20230410","中国中信集团有限公司","中央国企","SSE","L","中信金属股份有限公司","Citic Metal Co., Ltd"
"601065.SH","601065","江盐集团","江西","化工原料","jyjt","主板","20230410","江西省国有资产监督管理委员会","地方国企","SSE","L","江西省盐业集团股份有限公司","Jiangxi Salt Industry Group Co., Ltd"
"601066.SH","601066","中信建投","北京","证券","zxjt","主板","20180620","","","SSE","L","中信建投证券股份有限公司","China Securities Co., Ltd."
"601068.SH","601068","中铝国际","北京","建筑工程","zlgj","主板","20180831","","","SSE","L","中铝国际工程股份有限公司","China Aluminum International Engineering Corporation Limited"
"601069.SH","601069","西部黄金","新疆","黄金","xbhj","主板","20150122","","","SSE","L","西部黄金股份有限公司","Western Region Gold Co.,Ltd"
"601077.SH","601077","渝农商行","重庆","银行","ynsh","主板","20191029","","","SSE","L","重庆农村商业银行股份有限公司","Chongqing Rural Commercial Bank Co.,Ltd."
"601083.SH","601083","锦江航运","上海","水运","jjhy","主板","20231205","上海市国有资产监督管理委员会","地方国企","SSE","L","上海锦江航运(集团)股份有限公司","Shanghai Jinjiang Shipping (Group) Co.,Ltd."
"601086.SH","601086","国芳集团","甘肃","百货","gfjt","主板","20170929","","","SSE","L","甘肃国芳工贸(集团)股份有限公司","Gansu Guofang Industry & Trade (Group) Co., Ltd."
"601088.SH","601088","中国神华","北京","煤炭开采","zgsh","主板","20071009","","","SSE","L","中国神华能源股份有限公司","China Shenhua Energy Company Limited"
"601089.SH","601089","福元医药","北京","化学制药","fyyy","主板","20220630","胡柏藩","民营企业","SSE","L","北京福元医药股份有限公司","Beijing Foyou Pharma CO.,LTD"
"601096.SH","601096","宏盛华源","山东","钢加工","hshy","主板","20231222","国务院国有资产监督管理委员会","中央国企","SSE","L","宏盛华源铁塔集团股份有限公司","Hsino Tower Group Co., Ltd."
"601098.SH","601098","中南传媒","湖南","出版业","zncm","主板","20101028","","","SSE","L","中南出版传媒集团股份有限公司","China South Publishing & Media Group Co., Ltd"
"601099.SH","601099","太平洋","云南","证券","tpy","主板","20071228","","","SSE","L","太平洋证券股份有限公司","The Pacific Securities Co.,Ltd"
"601100.SH","601100","恒立液压","江苏","工程机械","hlyy","主板","20111028","","","SSE","L","江苏恒立液压股份有限公司","Jiangsu Hengli Hydraulic CO.,Ltd"
"601101.SH","601101","昊华能源","北京","煤炭开采","hhny","主板","20100331","","","SSE","L","北京昊华能源股份有限公司","Beijing Haohua Energy Resource Co.,Ltd."
"601106.SH","601106","中国一重","黑龙江","工程机械","zgyz","主板","20100209","","","SSE","L","中国第一重型机械股份公司","China First Heavy Industries Co.,Ltd."
"601107.SH","601107","四川成渝","四川","路桥","sccy","主板","20090727","四川省政府国有资产监督管理委员会","地方国企","SSE","L","四川成渝高速公路股份有限公司","Sichuan Expressway Company Limited"
"601108.SH","601108","财通证券","浙江","证券","ctzq","主板","20171024","","","SSE","L","财通证券股份有限公司","Caitong Securities Co.,Ltd"
"601111.SH","601111","中国国航","北京","空运","zggh","主板","20060818","","","SSE","L","中国国际航空股份有限公司","Air China Limited"
"601113.SH","601113","华鼎股份","浙江","化纤","hdgf","主板","20110509","郑期中","民营企业","SSE","L","义乌华鼎锦纶股份有限公司","Yiwu Huading Nylon Co.,Ltd."
"601116.SH","601116","三江购物","浙江","超市连锁","sjgw","主板","20110302","","","SSE","L","三江购物俱乐部股份有限公司","Sanjiang Shopping Club Co.,Ltd."
"601117.SH","601117","中国化学","北京","建筑工程","zghx","主板","20100107","","","SSE","L","中国化学工程股份有限公司","China National Chemical Engineering Co., Ltd"
"601118.SH","601118","海南橡胶","海南","橡胶","hnxj","主板","20110107","海南省国有资产监督管理委员会","地方国企","SSE","L","海南天然橡胶产业集团股份有限公司","China Hainan Rubber Industry Group Co., Ltd."
"601121.SH","601121","宝地矿业","新疆","普钢","bdky","主板","20230310","新疆维吾尔自治区人民政府国有资产监督管理委员会","地方国企","SSE","L","新疆宝地矿业股份有限公司","Xinjiang Baodi Mining Co., Ltd."
"601126.SH","601126","四方股份","北京","电气设备","sfgf","主板","20101231","","","SSE","L","北京四方继保自动化股份有限公司","Beijing Sifang Automation Co.,Ltd."
"601127.SH","601127","赛力斯","重庆","汽车整车","sls","主板","20160615","","","SSE","L","赛力斯集团股份有限公司","Seres Group Co.,Ltd"
"601128.SH","601128","常熟银行","江苏","银行","csyh","主板","20160930","","","SSE","L","江苏常熟农村商业银行股份有限公司","Jiangsu Changshu Rural Commercial Bank Co.,Ltd."
"601133.SH","601133","柏诚股份","江苏","建筑工程","bcgf","主板","20230410","过建廷","民营企业","SSE","L","柏诚系统科技股份有限公司","Both Engineering Technology Co.,Ltd."
"601136.SH","601136","首创证券","北京","证券","sczq","主板","20221222","北京市人民政府国有资产监督管理委员会","地方国企","SSE","L","首创证券股份有限公司","Capital Securities Corporation Limited"
"601137.SH","601137","博威合金","浙江","小金属","bwhj","主板","20110127","","","SSE","L","宁波博威合金材料股份有限公司","Ningbo Boway Alloy Material Company Limited"
"601138.SH","601138","工业富联","深圳","通信设备","gyfl","主板","20180608","","","SSE","L","富士康工业互联网股份有限公司","Foxconn Industrial Internet Co.,Ltd."
"601139.SH","601139","深圳燃气","深圳","供气供热","szrq","主板","20091225","深圳市人民政府国有资产监督管理委员会","地方国企","SSE","L","深圳市燃气集团股份有限公司","Shenzhen Gas Corporation Ltd."
"601155.SH","601155","新城控股","江苏","区域地产","xckg","主板","20151204","","","SSE","L","新城控股集团股份有限公司","Seazen Holdings Co.,Ltd"
"601156.SH","601156","东航物流","上海","仓储物流","dhwl","主板","20210609","中国东方航空集团有限公司","中央国企","SSE","L","东方航空物流股份有限公司","Eastern Air Logistics Co., Ltd."
"601158.SH","601158","重庆水务","重庆","水务","cqsw","主板","20100329","重庆市国有资产监督管理委员会","地方国企","SSE","L","重庆水务集团股份有限公司","Chongqing Water Group Co.,Ltd."
"601162.SH","601162","天风证券","湖北","证券","tfzq","主板","20181019","无实际控制人","无","SSE","L","天风证券股份有限公司","Tianfeng Securities Co.,Ltd."
"601163.SH","601163","三角轮胎","山东","汽车配件","sjlt","主板","20160909","","","SSE","L","三角轮胎股份有限公司","Triangle Tyre Co.,Ltd"
"601166.SH","601166","兴业银行","福建","银行","xyyh","主板","20070205","","","SSE","L","兴业银行股份有限公司","Industrial Bank Co.,Ltd."
"601168.SH","601168","西部矿业","青海","铜","xbky","主板","20070712","","","SSE","L","西部矿业股份有限公司","Western Mining Co.,Ltd."
"601169.SH","601169","北京银行","北京","银行","bjyh","主板","20070919","","","SSE","L","北京银行股份有限公司","Bank of Beijing Co., Ltd."
"601177.SH","601177","杭齿前进","浙江","机械基件","hcqj","主板","20101011","杭州萧山国有资产经营集团有限公司","地方国企","SSE","L","杭州前进齿轮箱集团股份有限公司","Hangzhou Advance Gearbox Group Co., Ltd."
"601179.SH","601179","中国西电","陕西","电气设备","zgxd","主板","20100128","","","SSE","L","中国西电电气股份有限公司","China XD Electric Co.,Ltd"
"601186.SH","601186","中国铁建","北京","建筑工程","zgtj","主板","20080310","","","SSE","L","中国铁建股份有限公司","China Railway Construction Corporation Limited"
"601187.SH","601187","厦门银行","福建","银行","xmyh","主板","20201027","无实际控制人","无","SSE","L","厦门银行股份有限公司","Xiamen Bank Co.,Ltd"
"601188.SH","601188","龙江交通","黑龙江","路桥","ljjt","主板","20100319","黑龙江省人民政府国有资产监督管理委员会","地方国企","SSE","L","黑龙江交通发展股份有限公司","Heilongjiang Transport Development Co.,Ltd"
"601198.SH","601198","东兴证券","北京","证券","dxzq","主板","20150226","","","SSE","L","东兴证券股份有限公司","Dongxing Securities Corporation Limited"
"601199.SH","601199","江南水务","江苏","水务","jnsw","主板","20110317","江阴市人民政府","地方国企","SSE","L","江苏江南水务股份有限公司","Jiangsu Jiangnan Water Co.,Ltd."
"601200.SH","601200","上海环境","上海","环境保护","shhj","主板","20170331","上海市国有资产监督管理委员会","地方国企","SSE","L","上海环境集团股份有限公司","Shanghai Environment Group Co., Ltd."
"601208.SH","601208","东材科技","四川","化工原料","dckj","主板","20110520","","","SSE","L","四川东材科技集团股份有限公司","Sichuan Em Technology Co.,Ltd."
"601211.SH","601211","国泰海通","上海","证券","gtht","主板","20150626","","","SSE","L","国泰海通证券股份有限公司","Guotai Haitong Securities Co., Ltd."
"601212.SH","601212","白银有色","甘肃","铜","byys","主板","20170215","","","SSE","L","白银有色集团股份有限公司","Baiyin Nonferrous Group Co., Ltd."
"601216.SH","601216","君正集团","内蒙","化工原料","jzjt","主板","20110222","","","SSE","L","内蒙古君正能源化工集团股份有限公司","Inner Mongolia Junzheng Energy & Chemical Group Co.,Ltd."
"601218.SH","601218","吉鑫科技","江苏","电气设备","jxkj","主板","20110506","","","SSE","L","江苏吉鑫风能科技股份有限公司","Jiangsu SINOJIT Wind Energy Technology Co., Ltd."
"601222.SH","601222","林洋能源","江苏","新型电力","lyny","主板","20110808","","","SSE","L","江苏林洋能源股份有限公司","Jiangsu Linyang Energy Co., Ltd."
"601225.SH","601225","陕西煤业","陕西","煤炭开采","sxmy","主板","20140128","","","SSE","L","陕西煤业股份有限公司","Shaanxi Coal Industry Company Limited"
"601226.SH","601226","华电科工","北京","建筑工程","hdkg","主板","20141211","","","SSE","L","华电科工股份有限公司","Huadian Heavy Industries Co., Ltd."
"601228.SH","601228","广州港","广东","港口","gzg","主板","20170329","","","SSE","L","广州港股份有限公司","Guangzhou Port Company Limited"
"601229.SH","601229","上海银行","上海","银行","shyh","主板","20161116","上海市国有资产监督管理委员会","地方国企","SSE","L","上海银行股份有限公司","Bank of Shanghai Co., Ltd."
"601231.SH","601231","环旭电子","上海","元器件","hxdz","主板","20120220","张洪本","外资企业","SSE","L","环旭电子股份有限公司","Universal Scientific Industrial(Shanghai)Co., Ltd."
"601233.SH","601233","桐昆股份","浙江","化纤","tkgf","主板","20110518","","","SSE","L","桐昆集团股份有限公司","Tongkun Group Co.,Ltd"
"601236.SH","601236","红塔证券","云南","证券","htzq","主板","20190705","","","SSE","L","红塔证券股份有限公司","Hongta Securities Co.,Ltd."
"601238.SH","601238","广汽集团","广东","汽车整车","gqjt","主板","20120329","","","SSE","L","广州汽车集团股份有限公司","Guangzhou Automobile Group Co., Ltd."
"601279.SH","601279","英利汽车","吉林","汽车配件","ylqc","主板","20210415","林启彬","外资企业","SSE","L","长春英利汽车工业股份有限公司","Changchun Engley Automobile Industry Co.,Ltd."
"601288.SH","601288","农业银行","北京","银行","nyyh","主板","20100715","","","SSE","L","中国农业银行股份有限公司","Agricultural Bank of China Limited"
"601298.SH","601298","青岛港","山东","港口","qdg","主板","20190121","青岛市人民政府国有资产监督管理委员会","地方国企","SSE","L","青岛港国际股份有限公司","Qingdao Port International Co., Ltd."
"601311.SH","601311","骆驼股份","湖北","电气设备","ltgf","主板","20110602","","","SSE","L","骆驼集团股份有限公司","Camel Group Co.,Ltd."
"601318.SH","601318","中国平安","深圳","保险","zgpa","主板","20070301","","","SSE","L","中国平安保险(集团)股份有限公司","Ping An Insurance (Group) Company of China, Ltd."
"601319.SH","601319","中国人保","北京","保险","zgrb","主板","20181116","","","SSE","L","中国人民保险集团股份有限公司","The People's Insurance Company (Group) of China Limited"
"601326.SH","601326","秦港股份","河北","港口","qggf","主板","20170816","","","SSE","L","秦皇岛港股份有限公司","Qinhuangdao Port Co., Ltd."
"601328.SH","601328","交通银行","上海","银行","jtyh","主板","20070515","","","SSE","L","交通银行股份有限公司","Bank of Communications Co.,Ltd."
"601330.SH","601330","绿色动力","深圳","环境保护","lsdl","主板","20180611","","","SSE","L","绿色动力环保集团股份有限公司","Dynagreen Environmental Protection Group Co., Ltd."
"601333.SH","601333","广深铁路","深圳","铁路","gstl","主板","20061222","中国国家铁路集团有限公司","中央国企","SSE","L","广深铁路股份有限公司","Guangshen Railway Company Limited"
"601336.SH","601336","新华保险","北京","保险","xhbx","主板","20111216","中央汇金投资有限责任公司","中央国企","SSE","L","新华人寿保险股份有限公司","New China Life Insurance Company Ltd."
"601339.SH","601339","百隆东方","浙江","纺织","bldf","主板","20120612","杨卫新","外资企业","SSE","L","百隆东方股份有限公司","Bros Eastern Co.,Ltd."
"601360.SH","601360","三六零","天津","互联网","sll","主板","20120116","","","SSE","L","三六零安全科技股份有限公司","360 Security Technology Inc."
"601366.SH","601366","利群股份","山东","百货","lqgf","主板","20170412","","","SSE","L","利群商业集团股份有限公司","Liqun Commercial Group Co.,Ltd."
"601368.SH","601368","绿城水务","广西","水务","lcsw","主板","20150612","","","SSE","L","广西绿城水务集团股份有限公司","Guangxi Nanning Waterworks Group Company Limited"
"601369.SH","601369","陕鼓动力","陕西","机械基件","sgdl","主板","20100428","","","SSE","L","西安陕鼓动力股份有限公司","Xi'An Shaangu Power Co., Ltd."
"601375.SH","601375","中原证券","河南","证券","zyzq","主板","20170103","河南省财政厅","地方国企","SSE","L","中原证券股份有限公司","Central China Securities Co., Ltd."
"601377.SH","601377","兴业证券","福建","证券","xyzq","主板","20101013","","","SSE","L","兴业证券股份有限公司","Industrial Securities Co.,Ltd."
"601388.SH","601388","怡球资源","江苏","铝","yqzy","主板","20120423","黄崇胜","外资企业","SSE","L","怡球金属资源再生(中国)股份有限公司","Yechiu Metal Recycling ( China) Ltd."
"601390.SH","601390","中国中铁","北京","建筑工程","zgzt","主板","20071203","","","SSE","L","中国中铁股份有限公司","China Railway Group Limited"
"601398.SH","601398","工商银行","北京","银行","gsyh","主板","20061027","","","SSE","L","中国工商银行股份有限公司","Industrial and Commercial Bank of China Limited"
"601399.SH","601399","国机重装","四川","工程机械","gjzz","主板","20200608","中国机械工业集团有限公司","中央国企","SSE","L","国机重型装备集团股份有限公司","Sinomach Heavy Equipment Group Co.,Ltd."
"601456.SH","601456","国联民生","江苏","证券","glms","主板","20200731","无锡市人民政府国有资产监督管理委员会","地方国企","SSE","L","国联民生证券股份有限公司","Guolian Minsheng Securities Company Limited"
"601500.SH","601500","通用股份","江苏","汽车配件","tygf","主板","20160919","顾萃","民营企业","SSE","L","江苏通用科技股份有限公司","Jiangsu General Science Technology Co.,Ltd"
"601512.SH","601512","中新集团","江苏","园区开发","zxjt","主板","20191220","苏州工业园区国有资本投资运营控股有限公司","地方国企","SSE","L","中新苏州工业园区开发集团股份有限公司","China-Singapore Suzhou Industrial Park Development Group Co.,Ltd"
"601515.SH","601515","东峰集团","广东","广告包装","dfjt","主板","20120216","黄晓佳","外资企业","SSE","L","广东东峰新材料集团股份有限公司","Guangdong Dfp New Material Group Co.,Ltd."
"601518.SH","601518","吉林高速","吉林","路桥","jlgs","主板","20100319","吉林省交通运输厅","地方国企","SSE","L","吉林高速公路股份有限公司","Jilin Expressway Co.,Ltd."
"601519.SH","601519","大智慧","上海","软件服务","dzh","主板","20110128","","","SSE","L","上海大智慧股份有限公司","Shanghai DZH Limited"
"601528.SH","601528","瑞丰银行","浙江","银行","rfyh","主板","20210625","","","SSE","L","浙江绍兴瑞丰农村商业银行股份有限公司","Zhejiang Shaoxing Ruifeng Rural Commercial Bank Co.,Ltd"
"601555.SH","601555","东吴证券","江苏","证券","dwzq","主板","20111212","苏州国际发展集团有限公司","地方国企","SSE","L","东吴证券股份有限公司","Soochow Securities Company Limited"
"601566.SH","601566","九牧王","福建","服饰","jmw","主板","20110530","林聪颖","外资企业","SSE","L","九牧王股份有限公司","Joeone Co.,Ltd"
"601567.SH","601567","三星医疗","浙江","电气设备","sxyl","主板","20110615","","","SSE","L","宁波三星医疗电气股份有限公司","Ningbo Sanxing Medical Electric Co. , Ltd."
"601568.SH","601568","北元集团","陕西","化工原料","byjt","主板","20201020","陕西省人民政府国有资产监督管理委员会","地方国企","SSE","L","陕西北元化工集团股份有限公司","Shaanxi Beiyuan Chemical Industry Group Co., Ltd."
"601577.SH","601577","长沙银行","湖南","银行","csyh","主板","20180926","","","SSE","L","长沙银行股份有限公司","Bank of Changsha Co.,Ltd."
"601579.SH","601579","会稽山","浙江","红黄酒","kjs","主板","20140825","方朝阳","民营企业","SSE","L","会稽山绍兴酒股份有限公司","Kuaijishan Shaoxing Rice Wine Co., Ltd."
"601588.SH","601588","北辰实业","北京","区域地产","bcsy","主板","20061016","","","SSE","L","北京北辰实业股份有限公司","Beijing North Star Company Limited"
"601595.SH","601595","上海电影","上海","影视音像","shdy","主板","20160817","上海市国有资产监督管理委员会","地方国企","SSE","L","上海电影股份有限公司","Shanghai Film Co.,Ltd."
"601598.SH","601598","中国外运","北京","仓储物流","zgwy","主板","20190118","","","SSE","L","中国外运股份有限公司","Sinotrans Limited"
"601599.SH","601599","浙文影业","浙江","纺织","zwyy","主板","20110527","浙江省财政厅","地方国企","SSE","L","浙文影业集团股份有限公司","Zhewen Pictures Group Co.,Ltd"
"601600.SH","601600","中国铝业","北京","铝","zgly","主板","20070430","","","SSE","L","中国铝业股份有限公司","Aluminum Corporation of China Limited"
"601601.SH","601601","中国太保","上海","保险","zgtb","主板","20071225","","","SSE","L","中国太平洋保险(集团)股份有限公司","China Pacific Insurance (Group) Co., Ltd."
"601606.SH","601606","长城军工","安徽","专用机械","ccjg","主板","20180806","","","SSE","L","安徽长城军工股份有限公司","Anhui GreatWall Military Industry Co., Ltd"
"601607.SH","601607","上海医药","上海","医药商业","shyy","主板","19940324","上海市国有资产监督管理委员会","地方国企","SSE","L","上海医药集团股份有限公司","Shanghai Pharmaceuticals Holding Co.,Ltd"
"601608.SH","601608","中信重工","河南","专用机械","zxzg","主板","20120706","","","SSE","L","中信重工机械股份有限公司","CITIC Heavy Industries Co.,Ltd"
"601609.SH","601609","金田股份","浙江","铜","jtgf","主板","20200422","","","SSE","L","宁波金田铜业(集团)股份有限公司","Ningbo Jintian Copper(Group) Co., Ltd."
"601611.SH","601611","中国核建","上海","建筑工程","zghj","主板","20160606","","","SSE","L","中国核工业建设股份有限公司","China Nuclear Engineering Corporation Limited"
"601615.SH","601615","明阳智能","广东","电气设备","myzn","主板","20190123","","","SSE","L","明阳智慧能源集团股份公司","Ming Yang Smart Energy Group Limited"
"601616.SH","601616","广电电气","上海","电气设备","gddq","主板","20110201","赵淑文","外资企业","SSE","L","上海广电电气(集团)股份有限公司","Shanghai Guangdian Electric Group Co., Ltd."
"601618.SH","601618","中国中冶","北京","建筑工程","zgzy","主板","20090921","","","SSE","L","中国冶金科工股份有限公司","Metallurgical Corporation of China Ltd."
"601619.SH","601619","嘉泽新能","宁夏","新型电力","jzxn","主板","20170720","","","SSE","L","嘉泽新能源股份有限公司","Jiaze Renewables Corporation Limited"
"601628.SH","601628","中国人寿","北京","保险","zgrs","主板","20070109","","","SSE","L","中国人寿保险股份有限公司","China Life Insurance Company Limited"
"601633.SH","601633","长城汽车","河北","汽车整车","ccqc","主板","20110928","魏建军","民营企业","SSE","L","长城汽车股份有限公司","Great Wall Motor Company Limited"
"601636.SH","601636","旗滨集团","湖南","玻璃","qbjt","主板","20110812","","","SSE","L","株洲旗滨集团股份有限公司","Zhuzhou Kibing Group Co.,Ltd"
"601658.SH","601658","邮储银行","北京","银行","ycyh","主板","20191210","中国邮政集团有限公司","中央国企","SSE","L","中国邮政储蓄银行股份有限公司","Postal Savings Bank of China Co.,Ltd."
"601665.SH","601665","齐鲁银行","山东","银行","qlyh","主板","20210618","无实际控制人","无","SSE","L","齐鲁银行股份有限公司","Qilu Bank Co.,Ltd"
"601666.SH","601666","平煤股份","河南","煤炭开采","pmgf","主板","20061123","","","SSE","L","平顶山天安煤业股份有限公司","Pingdingshan Tianan Coal. Mining Co.,Ltd."
"601668.SH","601668","中国建筑","北京","建筑工程","zgjz","主板","20090729","","","SSE","L","中国建筑股份有限公司","China State Construction Engineering Corporation Limited"
"601669.SH","601669","中国电建","北京","建筑工程","zgdj","主板","20111018","","","SSE","L","中国电力建设股份有限公司","Power Construction Corporation of China,Ltd"
"601677.SH","601677","明泰铝业","河南","铝","mtly","主板","20110919","","","SSE","L","河南明泰铝业股份有限公司","Henan Mingtai Al.Industrial Co.,Ltd."
"601678.SH","601678","滨化股份","山东","化工原料","bhgf","主板","20100223","无实际控制人","无","SSE","L","滨化集团股份有限公司","Befar Group Co., Ltd"
"601686.SH","601686","友发集团","天津","钢加工","yfjt","主板","20201204","李茂津","民营企业","SSE","L","天津友发钢管集团股份有限公司","Tianjin You Fa Steel Pipe Group Stock Co.,Ltd."
"601688.SH","601688","华泰证券","江苏","证券","htzq","主板","20100226","江苏省政府国有资产监督管理委员会","地方国企","SSE","L","华泰证券股份有限公司","Huatai Securities Co.,Ltd."
"601689.SH","601689","拓普集团","浙江","汽车配件","tpjt","主板","20150319","邬建树","外资企业","SSE","L","宁波拓普集团股份有限公司","Ningbo Tuopu Group Co., Ltd."
"601696.SH","601696","中银证券","上海","证券","zyzq","主板","20200226","无实际控制人","无","SSE","L","中银国际证券股份有限公司","BOC International (China) Co., Ltd."
"601698.SH","601698","中国卫通","北京","电信运营","zgwt","主板","20190628","","","SSE","L","中国卫通集团股份有限公司","China Satellite Communications Co.,Ltd."
"601699.SH","601699","潞安环能","山西","煤炭开采","lahn","主板","20060922","","","SSE","L","山西潞安环保能源开发股份有限公司","Shanxi Lu'An Environmental Energydev. Co.,Ltd"
"601700.SH","601700","风范股份","江苏","电气设备","ffgf","主板","20110118","","","SSE","L","常熟风范电力设备股份有限公司","Changshu Fengfan Power Equipment Co.,Ltd."
"601702.SH","601702","华峰铝业","上海","铝","hfly","主板","20200907","","","SSE","L","上海华峰铝业股份有限公司","Shanghai Huafon Aluminium Corporation"
"601717.SH","601717","中创智领","河南","专用机械","zczl","主板","20100803","无实际控制人","无","SSE","L","中创智领(郑州)工业技术集团股份有限公司","Zczl Industrial Technology Group Company Limited"
"601718.SH","601718","际华集团","北京","服饰","jhjt","主板","20100816","","","SSE","L","际华集团股份有限公司","Jihua Group Corporation Limited"
"601727.SH","601727","上海电气","上海","电气设备","shdq","主板","20081205","上海电气控股集团有限公司","地方国企","SSE","L","上海电气集团股份有限公司","Shanghai Electric Group Company Limited"
"601728.SH","601728","中国电信","北京","电信运营","zgdx","主板","20210820","国务院国有资产监督管理委员会","中央国企","SSE","L","中国电信股份有限公司","China Telecom Corporation Limited"
"601766.SH","601766","中国中车","北京","运输设备","zgzc","主板","20080818","","","SSE","L","中国中车股份有限公司","CRRC Corporation Limited"
"601777.SH","601777","千里科技","重庆","摩托车","qlkj","主板","20101125","重庆满江红企业管理有限公司","地方国企","SSE","L","重庆千里科技股份有限公司","Chongqing Afari Technology Co., Ltd."
"601778.SH","601778","晶科科技","江西","新型电力","jkkj","主板","20200519","","","SSE","L","晶科电力科技股份有限公司","Jinko Power Technology Co., Ltd."
"601788.SH","601788","光大证券","上海","证券","gdzq","主板","20090818","","","SSE","L","光大证券股份有限公司","Everbright Securities Company Limited"
"601789.SH","601789","宁波建工","浙江","建筑工程","nbjg","主板","20110816","宁波市人民政府国有资产监督管理委员会","地方国企","SSE","L","宁波建工股份有限公司","Ningbo Construction Co., Ltd"
"601798.SH","601798","蓝科高新","甘肃","化工机械","lkgx","主板","20110622","","","SSE","L","甘肃蓝科石化高新装备股份有限公司","Lanpec Technologies Limited"
"601799.SH","601799","星宇股份","江苏","汽车配件","xygf","主板","20110201","","","SSE","L","常州星宇车灯股份有限公司","Changzhou Xingyu Automotive Lighting Systems Co., Ltd."
"601800.SH","601800","中国交建","北京","建筑工程","zgjj","主板","20120309","","","SSE","L","中国交通建设股份有限公司","China Communications Construction Company Limited"
"601801.SH","601801","皖新传媒","安徽","出版业","wxcm","主板","20100118","","","SSE","L","安徽新华传媒股份有限公司","Anhui Xinhua Media Co., Ltd"
"601808.SH","601808","中海油服","天津","石油开采","zhyf","主板","20070928","","","SSE","L","中海油田服务股份有限公司","China Oilfield Services Limited"
"601811.SH","601811","新华文轩","四川","出版业","xhwx","主板","20160808","四川省政府国有资产监督管理委员会","地方国企","SSE","L","新华文轩出版传媒股份有限公司","Xinhua Winshare Publishing & Media Co.,Ltd."
"601816.SH","601816","京沪高铁","北京","铁路","jhgt","主板","20200116","中国国家铁路集团有限公司","中央国企","SSE","L","京沪高速铁路股份有限公司","Beijing-Shanghai High Speed Railway Co.,Ltd."
"601818.SH","601818","光大银行","北京","银行","gdyh","主板","20100818","中国投资有限责任公司","中央国企","SSE","L","中国光大银行股份有限公司","China Everbright Bank Company Limited"
"601825.SH","601825","沪农商行","上海","银行","hnsh","主板","20210819","无实际控制人","无","SSE","L","上海农村商业银行股份有限公司","Shanghai Rural Commercial Bank Co., Ltd."
"601827.SH","601827","三峰环境","重庆","环境保护","sfhj","主板","20200605","重庆市国有资产监督管理委员会","地方国企","SSE","L","重庆三峰环境集团股份有限公司","Chongqing Sanfeng Environment Group Corp., Ltd."
"601828.SH","601828","美凯龙","上海","其他商业","mkl","主板","20180117","厦门市人民政府国有资产监督管理委员会","地方国企","SSE","L","红星美凯龙家居集团股份有限公司","Red Star Macalline Group Corporation Ltd."
"601838.SH","601838","成都银行","四川","银行","cdyh","主板","20180131","成都市国有资产监督管理委员会","地方国企","SSE","L","成都银行股份有限公司","Bank of Chengdu Co.,Ltd."
"601857.SH","601857","中国石油","北京","石油开采","zgsy","主板","20071105","","","SSE","L","中国石油天然气股份有限公司","Petrochina Company Limited"
"601858.SH","601858","中国科传","北京","出版业","zgkc","主板","20170118","中国科学院控股有限公司","中央国企","SSE","L","中国科技出版传媒股份有限公司","China Science Publishing & Media Ltd"
"601860.SH","601860","紫金银行","江苏","银行","zjyh","主板","20190103","","","SSE","L","江苏紫金农村商业银行股份有限公司","Jiangsu Zijin Rural Commercial Bank Co.,Ltd"
"601865.SH","601865","福莱特","浙江","玻璃","flt","主板","20190215","阮洪良","民营企业","SSE","L","福莱特玻璃集团股份有限公司","Flat Glass Group Co., Ltd."
"601866.SH","601866","中远海发","上海","水运","zyhf","主板","20071212","","","SSE","L","中远海运发展股份有限公司","COSCO SHIPPING Development Co.,Ltd."
"601868.SH","601868","中国能建","北京","建筑工程","zgnj","主板","20210928","国务院国有资产监督管理委员会","中央国企","SSE","L","中国能源建设股份有限公司","China Energy Engineering Corporation Limited"
"601869.SH","601869","长飞光纤","湖北","通信设备","cfgx","主板","20180720","无实际控制人","无","SSE","L","长飞光纤光缆股份有限公司","Yangtze Optical Fibre and Cable Joint Stock Limited Company"
"601872.SH","601872","招商轮船","上海","水运","zslc","主板","20061201","","","SSE","L","招商局能源运输股份有限公司","China Merchants Energy Shipping Co., Ltd."
"601877.SH","601877","正泰电器","浙江","电气设备","ztdq","主板","20100121","","","SSE","L","浙江正泰电器股份有限公司","Zhejiang Chint Electrics Co.,Ltd."
"601878.SH","601878","浙商证券","浙江","证券","zszq","主板","20170626","","","SSE","L","浙商证券股份有限公司","Zheshang Securities Co.,Ltd."
"601880.SH","601880","辽港股份","辽宁","港口","lggf","主板","20101206","大连市人民政府国有资产监督管理委员会","地方国企","SSE","L","辽宁港口股份有限公司","Liaoning Port Co., Ltd."
"601881.SH","601881","中国银河","北京","证券","zgyh","主板","20170123","","","SSE","L","中国银河证券股份有限公司","China Galaxy Securities Co.,Ltd."
"601882.SH","601882","海天精工","浙江","机床制造","htjg","主板","20161107","","","SSE","L","宁波海天精工股份有限公司","Ningbo Haitian Precision Machinery Co., Ltd."
"601886.SH","601886","江河集团","北京","装修装饰","jhjt","主板","20110818","","","SSE","L","江河创建集团股份有限公司","Jangho Group Co.,Ltd."
"601888.SH","601888","中国中免","北京","旅游服务","zgzm","主板","20091015","","","SSE","L","中国旅游集团中免股份有限公司","China Tourism Group Duty Free Corporation Limited"
"601890.SH","601890","亚星锚链","江苏","船舶","yxml","主板","20101228","","","SSE","L","江苏亚星锚链股份有限公司","Asian Star Anchor Chain Co.,Ltd.Jiangsu"
"601898.SH","601898","中煤能源","北京","煤炭开采","zmny","主板","20080201","","","SSE","L","中国中煤能源股份有限公司","China Coal Energy Company Limited"
"601899.SH","601899","紫金矿业","福建","铜","zjky","主板","20080425","上杭县财政局","地方国企","SSE","L","紫金矿业集团股份有限公司","Zijin Mining Group Company Limited"
"601900.SH","601900","南方传媒","广东","出版业","nfcm","主板","20160215","","","SSE","L","南方出版传媒股份有限公司","Southern Publishing and Media Co.,Ltd."
"601901.SH","601901","方正证券","湖南","证券","fzzq","主板","20110810","无实际控制人","无","SSE","L","方正证券股份有限公司","Founder Securities Co.,Ltd."
"601908.SH","601908","京运通","北京","电气设备","jyt","主板","20110908","","","SSE","L","北京京运通科技股份有限公司","Beijing Jingyuntong Technology Co., Ltd."
"601916.SH","601916","浙商银行","浙江","银行","zsyh","主板","20191126","","","SSE","L","浙商银行股份有限公司","China Zheshang Bank Co., Ltd."
"601918.SH","601918","新集能源","安徽","煤炭开采","xjny","主板","20071219","","","SSE","L","中煤新集能源股份有限公司","China Coal Xinji Energy Co.,Ltd"
"601919.SH","601919","中远海控","天津","水运","zyhk","主板","20070626","","","SSE","L","中远海运控股股份有限公司","COSCO SHIPPING Holdings Co., Ltd."
"601921.SH","601921","浙版传媒","浙江","出版业","zbcm","主板","20210723","浙江出版联合集团有限公司","地方国企","SSE","L","浙江出版传媒股份有限公司","Zhejiang Publishing & Media Co., Ltd."
"601928.SH","601928","凤凰传媒","江苏","出版业","fhcm","主板","20111130","","","SSE","L","江苏凤凰出版传媒股份有限公司","Jiangsu Phoenix Publishing&Media Corporation Limited"
"601929.SH","601929","吉视传媒","吉林","影视音像","jscm","主板","20120223","吉林广播电视台","地方国企","SSE","L","吉视传媒股份有限公司","JiShi Media CO.,LTD."
"601933.SH","601933","永辉超市","福建","超市连锁","yhcs","主板","20101215","","","SSE","L","永辉超市股份有限公司","Yonghui Superstores Co., Ltd."
"601939.SH","601939","建设银行","北京","银行","jsyh","主板","20070925","","","SSE","L","中国建设银行股份有限公司","China Construction Bank Corporation"
"601949.SH","601949","中国出版","北京","出版业","zgcb","主板","20170821","","","SSE","L","中国出版传媒股份有限公司","China Publishing&Media Holdings Co.,Ltd"
"601952.SH","601952","苏垦农发","江苏","种植业","sknf","主板","20170515","江苏省政府国有资产监督管理委员会","地方国企","SSE","L","江苏省农垦农业发展股份有限公司","Jiangsu Provincial Agricultural Reclamation and Development Co.,Ltd."
"601956.SH","601956","东贝集团","湖北","家用电器","dbjt","主板","20201225","无实际控制人","无","SSE","L","湖北东贝机电集团股份有限公司","Hubei Donper Electromechanical Group Co., Ltd."
"601958.SH","601958","金钼股份","陕西","小金属","jmgf","主板","20080417","","","SSE","L","金堆城钼业股份有限公司","Jinduicheng Molybdenum Co.,Ltd."
"601963.SH","601963","重庆银行","重庆","银行","cqyh","主板","20210205","","","SSE","L","重庆银行股份有限公司","Bank of Chongqing Co., Ltd."
"601965.SH","601965","中国汽研","重庆","汽车服务","zgqy","主板","20120611","","","SSE","L","中国汽车工程研究院股份有限公司","China Automotive Engineering Research Institute Co., Ltd"
"601966.SH","601966","玲珑轮胎","山东","汽车配件","lllt","主板","20160706","","","SSE","L","山东玲珑轮胎股份有限公司","Shandong Linglong Tyre Co.,Ltd."
"601968.SH","601968","宝钢包装","上海","广告包装","bgbz","主板","20150611","国务院国有资产监督管理委员会","中央国企","SSE","L","上海宝钢包装股份有限公司","Shanghai Baosteel Packaging Co.,Ltd."
"601969.SH","601969","海南矿业","海南","普钢","hnky","主板","20141209","","","SSE","L","海南矿业股份有限公司","Hainan Mining Co., Ltd."
"601975.SH","601975","招商南油","江苏","水运","zsny","主板","20190108","","","SSE","L","招商局南京油运股份有限公司","Nanjing Tanker Corporation"
"601985.SH","601985","中国核电","北京","新型电力","zghd","主板","20150610","","","SSE","L","中国核能电力股份有限公司","China National Nuclear Power Co., Ltd"
"601988.SH","601988","中国银行","北京","银行","zgyh","主板","20060705","","","SSE","L","中国银行股份有限公司","Bank of China Limited"
"601990.SH","601990","南京证券","江苏","证券","njzq","主板","20180613","","","SSE","L","南京证券股份有限公司","Nanjing Securities Co.,Ltd."
"601991.SH","601991","大唐发电","北京","火力发电","dtfd","主板","20061220","","","SSE","L","大唐国际发电股份有限公司","Datang International Power Generation Co.,Ltd."
"601992.SH","601992","金隅集团","北京","水泥","jyjt","主板","20110301","","","SSE","L","北京金隅集团股份有限公司","BBMG Corporation"
"601995.SH","601995","中金公司","北京","证券","zjgs","主板","20201102","中央汇金投资有限责任公司","中央国企","SSE","L","中国国际金融股份有限公司","China International Capital Corporation Limited"
"601996.SH","601996","丰林集团","广西","家居用品","fljt","主板","20110929","刘一川","外资企业","SSE","L","广西丰林木业集团股份有限公司","Guangxi Fenglin Wood Industry Group Co., Ltd."
"601997.SH","601997","贵阳银行","贵州","银行","gyyh","主板","20160816","","","SSE","L","贵阳银行股份有限公司","Bank of Guiyang Co.,Ltd."
"601998.SH","601998","中信银行","北京","银行","zxyh","主板","20070427","","","SSE","L","中信银行股份有限公司","China Citic Bank Corporation Limited"
"601999.SH","601999","出版传媒","辽宁","出版业","cbcm","主板","20071221","","","SSE","L","北方联合出版传媒(集团)股份有限公司","Northern United Publishing & Media (Group) Company Limited"
"603000.SH","603000","人民网","北京","互联网","rmw","主板","20120427","","","SSE","L","人民网股份有限公司","People.Cn Co.,Ltd"
"603001.SH","603001","奥康国际","浙江","服饰","akgj","主板","20120426","","","SSE","L","浙江奥康鞋业股份有限公司","Zhejiang Aokang Shoes Co.,Ltd."
"603002.SH","603002","宏昌电子","广东","化工原料","hcdz","主板","20120518","王文洋","外资企业","SSE","L","宏昌电子材料股份有限公司","Epoxy Base Electronic Material Corporation Limited"
"603004.SH","603004","鼎龙科技","浙江","化工原料","dlkj","主板","20231227","孙斯薇","民营企业","SSE","L","浙江鼎龙科技股份有限公司","Zhejiang Dragon Technology Co., Ltd."
"603005.SH","603005","晶方科技","江苏","半导体","jfkj","主板","20140210","","","SSE","L","苏州晶方半导体科技股份有限公司","China Wafer Level Csp Co.,Ltd."
"603006.SH","603006","联明股份","上海","汽车配件","lmgf","主板","20140630","","","SSE","L","上海联明机械股份有限公司","Shanghai Lianming Machinery Co., Ltd."
"603007.SH","603007","*ST花王","江苏","建筑工程","sthw","主板","20160826","","","SSE","L","花王生态工程股份有限公司","Flower King Eco-Engineering Inc"
"603008.SH","603008","喜临门","浙江","家居用品","xlm","主板","20120717","","","SSE","L","喜临门家具股份有限公司","Xilinmen Furniture Co., Ltd"
"603009.SH","603009","北特科技","上海","汽车配件","btkj","主板","20140718","","","SSE","L","上海北特科技股份有限公司","Shanghai Beite Technology Co.,Ltd."
"603010.SH","603010","万盛股份","浙江","化工原料","wsgf","主板","20141010","郭广昌","民营企业","SSE","L","浙江万盛股份有限公司","Zhejiang Wansheng Co.,Ltd"
"603011.SH","603011","合锻智能","安徽","专用机械","hdzn","主板","20141107","","","SSE","L","合肥合锻智能制造股份有限公司","Hefei Metalforming Intelligent Manufacturing Co., Ltd."
"603012.SH","603012","创力集团","上海","专用机械","cljt","主板","20150320","石良希","民营企业","SSE","L","上海创力集团股份有限公司","Shanghai Chuangli Group Co.,Ltd."
"603013.SH","603013","亚普股份","江苏","汽车配件","ypgf","主板","20180509","国家开发投资集团有限公司","中央国企","SSE","L","亚普汽车部件股份有限公司","Yapp Automotive Systems Co.,Ltd."
"603014.SH","603014","威高血净","山东","医疗保健","wgxj","主板","20250519","","","SSE","L","山东威高血液净化制品股份有限公司","Shandong Weigao Blood Purification Products Co., Ltd."
"603015.SH","603015","弘讯科技","浙江","电气设备","hxkj","主板","20150303","周珊珊","外资企业","SSE","L","宁波弘讯科技股份有限公司","Ningbo Techmation Co., Ltd."
"603016.SH","603016","新宏泰","江苏","电气设备","xht","主板","20160701","无锡市人民政府国有资产监督管理委员会","地方国企","SSE","L","无锡新宏泰电器科技股份有限公司","Wuxi New Hongtai Electrical Technology Co.,Ltd"
"603017.SH","603017","中衡设计","江苏","建筑工程","zhsj","主板","20141231","","","SSE","L","中衡设计集团股份有限公司","ARTS Group Co.,Ltd"
"603018.SH","603018","华设集团","江苏","建筑工程","hsjt","主板","20141013","无实际控制人","无","SSE","L","华设设计集团股份有限公司","China Design Group Co.,Ltd"
"603019.SH","603019","中科曙光","天津","IT设备","zksg","主板","20141106","","","SSE","L","曙光信息产业股份有限公司","Dawning Information Industry Co.,Ltd"
"603020.SH","603020","爱普股份","上海","食品","apgf","主板","20150325","","","SSE","L","爱普香料集团股份有限公司","Apple Flavor & Fragrance Group Co., Ltd."
"603021.SH","603021","ST华鹏","山东","家居用品","sthp","主板","20150423","山东省人民政府","地方国企","SSE","L","山东华鹏玻璃股份有限公司","Shandong Huapeng Glass Co.,Ltd."
"603022.SH","603022","新通联","上海","广告包装","xtl","主板","20150518","","","SSE","L","上海新通联包装股份有限公司","Shanghai Xintonglian Packing Co.,Ltd"
"603023.SH","603023","威帝股份","黑龙江","汽车配件","wdgf","主板","20150527","丽水经济技术开发区管理委员会","地方国企","SSE","L","哈尔滨威帝电子股份有限公司","Harbin VITI Electronics Corp"
"603025.SH","603025","大豪科技","北京","纺织机械","dhkj","主板","20150422","","","SSE","L","北京大豪科技股份有限公司","Beijing Dahao Technology Corp.,Ltd"
"603026.SH","603026","石大胜华","山东","化工原料","sdsh","主板","20150529","无实际控制人","无","SSE","L","石大胜华新材料集团股份有限公司","Shida Shinghwa Advanced Material Group Co.,Ltd."
"603027.SH","603027","千禾味业","四川","食品","qhwy","主板","20160307","","","SSE","L","千禾味业食品股份有限公司","Qianhe Condiment and Food Co., Ltd"
"603028.SH","603028","赛福天","江苏","钢加工","sft","主板","20160331","无实际控制人","无","SSE","L","江苏赛福天集团股份有限公司","Jiangsu Safety Group Co.,Ltd."
"603029.SH","603029","天鹅股份","山东","农用机械","tegf","主板","20160427","","","SSE","L","山东天鹅棉业机械股份有限公司","Shandong Swan Cotton Industrial Machinery Stock Co., Ltd."
"603030.SH","603030","全筑股份","上海","装修装饰","qzgf","主板","20150320","","","SSE","L","上海全筑控股集团股份有限公司","Shanghai Trendzone Holdine Group Co.,Ltd"
"603031.SH","603031","安孚科技","安徽","电气设备","afkj","主板","20160822","袁永刚","民营企业","SSE","L","安徽安孚电池科技股份有限公司","Anhui Anfu Battery Technology Co.,Ltd"
"603032.SH","603032","德新科技","新疆","专用机械","dxkj","主板","20170105","","","SSE","L","德力西新能源科技股份有限公司","Delixi New Energy Technology Co.,Ltd"
"603033.SH","603033","三维股份","浙江","橡胶","swgf","主板","20161207","","","SSE","L","三维控股集团股份有限公司","Sanwei Holding Group Co.,Ltd"
"603035.SH","603035","常熟汽饰","江苏","汽车配件","csqs","主板","20170105","","","SSE","L","江苏常熟汽饰集团股份有限公司","Jiangsu Changshu Automotive Trim Group Co.,Ltd."
"603036.SH","603036","如通股份","江苏","专用机械","rtgf","主板","20161209","","","SSE","L","江苏如通石油机械股份有限公司","Jiangsu Rutong Petro-Machinery Co., Ltd"
"603037.SH","603037","凯众股份","上海","汽车配件","kzgf","主板","20170120","无实际控制人","无","SSE","L","上海凯众材料科技股份有限公司","Shanghai Carthane Co., Ltd"
"603038.SH","603038","华立股份","广东","家居用品","hlgf","主板","20170116","","","SSE","L","东莞市华立实业股份有限公司","Dongguan Huali Industries Co., Ltd."
"603039.SH","603039","泛微网络","上海","软件服务","fwwl","主板","20170113","","","SSE","L","泛微网络科技股份有限公司","Weaver Network Technology Co.,Ltd."
"603040.SH","603040","新坐标","浙江","汽车配件","xzb","主板","20170209","","","SSE","L","杭州新坐标科技股份有限公司","Hangzhou XZB Tech Co.,Ltd"
"603041.SH","603041","美思德","江苏","化工原料","msd","主板","20170330","","","SSE","L","江苏美思德化学股份有限公司","Jiangsu Maysta Chemical Co., Ltd"
"603042.SH","603042","华脉科技","江苏","通信设备","hmkj","主板","20170602","","","SSE","L","南京华脉科技股份有限公司","Nanjing Huamai Technology Co., Ltd."
"603043.SH","603043","广州酒家","广东","食品","gzjj","主板","20170627","","","SSE","L","广州酒家集团股份有限公司","Guangzhou Restaurant Group Company Limited"
"603045.SH","603045","福达合金","浙江","小金属","fdhj","主板","20180517","","","SSE","L","福达合金材料股份有限公司","Fuda Alloy Materials Co.,Ltd"
"603048.SH","603048","浙江黎明","浙江","汽车配件","zjlm","主板","20211116","俞黎明","民营企业","SSE","L","浙江黎明智造股份有限公司","Zhejiang Liming Intelligent Manufacturing Co.,Ltd"
"603049.SH","603049","中策橡胶","浙江","汽车配件","zcxj","主板","20250605","仇建平","民营企业","SSE","L","中策橡胶集团股份有限公司","Zhongce Rubber Group Co., Ltd."
"603050.SH","603050","科林电气","河北","电气设备","kldq","主板","20170414","张成锁","民营企业","SSE","L","石家庄科林电气股份有限公司","ShiJiaZhuang Kelin Electric Co., Ltd."
"603051.SH","603051","鹿山新材","广东","塑料","lsxc","主板","20220325","汪加胜","民营企业","SSE","L","广州鹿山新材料股份有限公司","Guangzhou Lushan New Materials Co., Ltd."
"603052.SH","603052","可川科技","江苏","元器件","kckj","主板","20221011","","","SSE","L","苏州可川电子科技股份有限公司","Suzhou K-Hiragawa Electronic Technology Co., Ltd."
"603053.SH","603053","成都燃气","四川","供气供热","cdrq","主板","20191217","成都市国有资产监督管理委员会","地方国企","SSE","L","成都燃气集团股份有限公司","Chengdu Gas Group Corporation Ltd."
"603055.SH","603055","台华新材","浙江","纺织","thxc","主板","20170921","施清岛","外资企业","SSE","L","浙江台华新材料集团股份有限公司","Zhejiang Taihua New Material Group Co., Ltd"
"603056.SH","603056","德邦股份","上海","仓储物流","dbgf","主板","20180116","京东集团股份有限公司","外资企业","SSE","L","德邦物流股份有限公司","Deppon Logistics Co.,Ltd."
"603057.SH","603057","紫燕食品","上海","食品","zysp","主板","20220926","钟怀军","民营企业","SSE","L","紫燕食品集团股份有限公司","Ziyan Foods Group Co., Ltd."
"603058.SH","603058","永吉股份","贵州","广告包装","yjgf","主板","20161223","邓代兴","民营企业","SSE","L","贵州永吉印务股份有限公司","GuiZhou YongJi Printing CO.,LTD"
"603059.SH","603059","倍加洁","江苏","日用化工","bjj","主板","20180302","","","SSE","L","倍加洁集团股份有限公司","Perfect Group Corp.,Ltd"
"603060.SH","603060","国检集团","北京","建筑工程","gjjt","主板","20161109","","","SSE","L","中国国检测试控股集团股份有限公司","China Testing & Certification International Group Co.,Ltd."
"603061.SH","603061","金海通","天津","半导体","jht","主板","20230303","崔学峰","民营企业","SSE","L","天津金海通半导体设备股份有限公司","JHT Design Co.,Ltd."
"603062.SH","603062","麦加芯彩","上海","染料涂料","mjxc","主板","20231107","黄雁夷","外资企业","SSE","L","麦加芯彩新材料科技(上海)股份有限公司","Mega P&C Advanced Materials (Shanghai) Company Limited"
"603063.SH","603063","禾望电气","深圳","电气设备","hwdq","主板","20170728","韩玉","民营企业","SSE","L","深圳市禾望电气股份有限公司","Shenzhen Hopewind Electric Co.,Ltd."
"603065.SH","603065","宿迁联盛","江苏","化工原料","sqls","主板","20230321","项瞻波","民营企业","SSE","L","宿迁联盛科技股份有限公司","Suqian Unitech Corp., Ltd."
"603066.SH","603066","音飞储存","江苏","仓储物流","yfcc","主板","20150611","景德镇市国有资产监督管理委员会","地方国企","SSE","L","南京音飞储存设备(集团)股份有限公司","Nanjing Inform Storage Equipment (Group) Co., Ltd."
"603067.SH","603067","振华股份","湖北","化工原料","zhgf","主板","20160913","","","SSE","L","湖北振华化学股份有限公司","Hubei Zhenhua Chemical Co.,Ltd"
"603068.SH","603068","博通集成","上海","半导体","btjc","主板","20190415","Pengfei Zhang","外资企业","SSE","L","博通集成电路(上海)股份有限公司","Beken Corporation"
"603069.SH","603069","海汽集团","海南","公共交通","hqjt","主板","20160712","海南省国有资产监督管理委员会","地方国企","SSE","L","海南海汽运输集团股份有限公司","Hainan Haiqi Transportation Group Co.,Ltd."
"603070.SH","603070","万控智造","浙江","电气设备","wkzz","主板","20220310","木晓东","民营企业","SSE","L","万控智造股份有限公司","Wecome Intelligent Manufacturing Co., Ltd."
"603071.SH","603071","物产环能","浙江","批发业","wchn","主板","20211216","浙江省人民政府国有资产监督管理委员会","地方国企","SSE","L","浙江物产环保能源股份有限公司","ZJMI Environmental Energy Co.,Ltd."
"603072.SH","603072","天和磁材","内蒙","矿物制品","thcc","主板","20250103","袁文杰","民营企业","SSE","L","包头天和磁材科技股份有限公司","Baotou Tianhe Magnetics Technology Co., Ltd."
"603073.SH","603073","彩蝶实业","浙江","纺织","cdsy","主板","20230316","施建明","民营企业","SSE","L","浙江彩蝶实业股份有限公司","Zhejiang Cady Industry Co., Ltd."
"603075.SH","603075","热威股份","浙江","家用电器","rwgf","主板","20230911","张伟","民营企业","SSE","L","杭州热威电热科技股份有限公司","Hangzhou Heatwell Electric Heating Technology Co., Ltd."
"603076.SH","603076","乐惠国际","浙江","专用机械","lhgj","主板","20171113","","","SSE","L","宁波乐惠国际工程装备股份有限公司","Ningbo Lehui International Engineering Equipment Co.,Ltd"
"603077.SH","603077","和邦生物","四川","化工原料","hbsw","主板","20120731","","","SSE","L","四川和邦生物科技股份有限公司","Sichuan Hebang Biotechnology Co.,Ltd."
"603078.SH","603078","江化微","江苏","半导体","jhw","主板","20170410","淄博市财政局","地方国企","SSE","L","江阴江化微电子材料股份有限公司","Jiangyin Jianghua Micro-electronic Materials Co., Ltd"
"603079.SH","603079","圣达生物","浙江","食品","sdsw","主板","20170823","洪爱","外资企业","SSE","L","浙江圣达生物药业股份有限公司","Zhejiang Shengda Bio-Pharm Co.,Ltd."
"603080.SH","603080","新疆火炬","新疆","供气供热","xjhj","主板","20180103","","","SSE","L","新疆火炬燃气股份有限公司","Xinjiang Torch Gas Co.,Ltd"
"603081.SH","603081","大丰实业","浙江","专用机械","dfsy","主板","20170420","","","SSE","L","浙江大丰实业股份有限公司","Zhejiang Dafeng Industry Co., Ltd"
"603082.SH","603082","北自科技","北京","运输设备","bzkj","主板","20240130","中国机械科学研究总院集团有限公司","中央国企","SSE","L","北自所(北京)科技发展股份有限公司","BZS (Beijing) Technology Development Co.,Ltd"
"603083.SH","603083","剑桥科技","上海","通信设备","jqkj","主板","20171110","Gerald G Wong","外资企业","SSE","L","上海剑桥科技股份有限公司","CIG Shanghai Co., Ltd."
"603085.SH","603085","天成自控","浙江","汽车配件","tczk","主板","20150630","","","SSE","L","浙江天成自控股份有限公司","Zhejiang Tenchen Controls Co.,Ltd."
"603086.SH","603086","先达股份","山东","农药化肥","xdgf","主板","20170511","","","SSE","L","山东先达农化股份有限公司","Shandong Cynda Chemical Co.,Ltd"
"603087.SH","603087","甘李药业","北京","生物制药","glyy","主板","20200629","","","SSE","L","甘李药业股份有限公司","Gan & Lee Pharmaceuticals."
"603088.SH","603088","宁波精达","浙江","机床制造","nbjd","主板","20141111","宁波市人民政府国有资产监督管理委员会","地方国企","SSE","L","宁波精达成形装备股份有限公司","JDM JingDa Machine(Ningbo) Co.,Ltd"
"603089.SH","603089","正裕工业","浙江","汽车配件","zygy","主板","20170126","","","SSE","L","浙江正裕工业股份有限公司","ADD Industry (Zhejiang) Co., Ltd"
"603090.SH","603090","宏盛股份","江苏","专用机械","hsgf","主板","20160831","","","SSE","L","无锡宏盛换热器制造股份有限公司","Wuxi Hongsheng Heat Exchanger Manufacturing Co., Ltd."
"603091.SH","603091","众鑫股份","浙江","家居用品","zxgf","主板","20240920","滕步彬","民营企业","SSE","L","浙江众鑫环保科技集团股份有限公司","Zhejiang Zhongxin Environmental Protection Technology Group Co., Ltd."
"603093.SH","603093","南华期货","浙江","多元金融","nhqh","主板","20190830","东阳市横店社团经济企业联合会","集体企业","SSE","L","南华期货股份有限公司","Nanhua Futures Co.,Ltd."
"603095.SH","603095","越剑智能","浙江","纺织机械","yjzn","主板","20200415","孙剑华","民营企业","SSE","L","浙江越剑智能装备股份有限公司","Zhejiang Yuejian Intelligent Equipment Co.,Ltd."
"603096.SH","603096","新经典","天津","出版业","xjd","主板","20170425","","","SSE","L","新经典文化股份有限公司","Thinkingdom Media Group Ltd"
"603097.SH","603097","江苏华辰","江苏","电气设备","jshc","主板","20220512","张孝金","民营企业","SSE","L","江苏华辰变压器股份有限公司","Jiangsu Huachen Transformer Co.,Ltd."
"603098.SH","603098","森特股份","北京","装修装饰","stgf","主板","20161216","","","SSE","L","森特士兴集团股份有限公司","Center International Group Co.,Ltd."
"603099.SH","603099","长白山","吉林","旅游景点","cbs","主板","20140822","","","SSE","L","长白山旅游股份有限公司","Changbai Mountain Tourism Co.,Ltd"
"603100.SH","603100","川仪股份","重庆","电器仪表","cygf","主板","20140805","重庆市国有资产监督管理委员会","地方国企","SSE","L","重庆川仪自动化股份有限公司","Chongqing Chuanyi Automation Co.,Ltd."
"603101.SH","603101","汇嘉时代","新疆","百货","hjsd","主板","20160506","","","SSE","L","新疆汇嘉时代百货股份有限公司","Xinjiang Wuika Times Department Store Co.,Ltd."
"603102.SH","603102","百合股份","山东","医疗保健","bhgf","主板","20220125","刘新力","民营企业","SSE","L","威海百合生物技术股份有限公司","Weihai Baihe Biology Technological Co., Ltd."
"603103.SH","603103","横店影视","浙江","影视音像","hdys","主板","20171012","东阳市横店社团经济企业联合会","集体企业","SSE","L","横店影视股份有限公司","Hengdian Entertainment Co., Ltd"
"603105.SH","603105","芯能科技","浙江","电气设备","xnkj","主板","20180709","","","SSE","L","浙江芯能光伏科技股份有限公司","Zhejiang Sunoren Solar Technology Co.,Ltd."
"603106.SH","603106","恒银科技","天津","IT设备","hykj","主板","20170920","","","SSE","L","恒银金融科技股份有限公司","Cashway Fintech Co.,Ltd."
"603107.SH","603107","上海汽配","上海","汽车配件","shqp","主板","20231101","上海市浦东新区北蔡镇人民政府","地方国企","SSE","L","上海汽车空调配件股份有限公司","Shanghai Automobile Air-Conditioner Accessories Co., Ltd."
"603108.SH","603108","润达医疗","上海","医药商业","rdyl","主板","20150527","杭州市拱墅区人民政府","地方国企","SSE","L","上海润达医疗科技股份有限公司","Shanghai Runda Medical Technology Co., Ltd."
"603109.SH","603109","神驰机电","重庆","电气设备","scjd","主板","20191231","","","SSE","L","神驰机电股份有限公司","Senci Electric Machinery Co.,Ltd"
"603110.SH","603110","东方材料","安徽","染料涂料","dfcl","主板","20171013","樊家驹","外资企业","SSE","L","新东方新材料股份有限公司","New East New Materials Co.,Ltd"
"603111.SH","603111","康尼机电","江苏","运输设备","knjd","主板","20140801","","","SSE","L","南京康尼机电股份有限公司","Nanjing Kangni Mechanical & Electrical Co.,Ltd"
"603112.SH","603112","华翔股份","山西","机械基件","hxgf","主板","20200917","王春翔","民营企业","SSE","L","山西华翔集团股份有限公司","Shanxi Huaxiang Group Co., Ltd"
"603113.SH","603113","金能科技","山东","化工原料","jnkj","主板","20170511","","","SSE","L","金能科技股份有限公司","Jinneng Science&Technology Co.,Ltd"
"603115.SH","603115","海星股份","江苏","铝","hxgf","主板","20190809","","","SSE","L","南通海星电子股份有限公司","Nantong Haixing Electronics Co., Ltd."
"603116.SH","603116","红蜻蜓","浙江","服饰","hqt","主板","20150629","","","SSE","L","浙江红蜻蜓鞋业股份有限公司","Zhejiang Red Dragonfly Footwear Co.,Ltd."
"603117.SH","603117","万林物流","江苏","仓储物流","wlwl","主板","20150629","樊继波","民营企业","SSE","L","江苏万林现代物流股份有限公司","Jiangsu Wanlin Modern Logistics Co., Ltd."
"603118.SH","603118","共进股份","深圳","通信设备","gjgf","主板","20150225","无实际控制人","无","SSE","L","深圳市共进电子股份有限公司","Shenzhen Gongjin Electronics Co., Ltd"
"603119.SH","603119","浙江荣泰","浙江","汽车配件","zjrt","主板","20230801","葛泰荣","民营企业","SSE","L","浙江荣泰电工器材股份有限公司","Zhejiang Rongtai Electric Material Co.,Ltd."
"603120.SH","603120","肯特催化","浙江","化工原料","ktch","主板","20250416","项飞勇","民营企业","SSE","L","肯特催化材料股份有限公司","Kente Catalysts Inc."
"603121.SH","603121","华培动力","上海","汽车配件","hpdl","主板","20190111","","","SSE","L","上海华培数能科技(集团)股份有限公司","Shanghai Sinotec Co., Ltd."
"603122.SH","603122","合富中国","上海","医药商业","hfzg","主板","20220216","无实际控制人","无","SSE","L","合富(中国)医疗科技股份有限公司","Cowealth Medical China Co.,Ltd."
"603123.SH","603123","翠微股份","北京","多元金融","cwgf","主板","20120503","","","SSE","L","北京翠微大厦股份有限公司","Beijing Cuiwei Tower Co., Ltd."
"603124.SH","603124","江南新材","江西","铜","jnxc","主板","20250320","徐上金","民营企业","SSE","L","江西江南新材料科技股份有限公司","Jiangxi Jiangnan New Material Technology Co., Ltd."
"603125.SH","603125","常青科技","江苏","化工原料","cqkj","主板","20230410","孙秋新","民营企业","SSE","L","江苏常青树新材料科技股份有限公司","Jiangsu Evergreen Material Technology Incorporated Company"
"603126.SH","603126","中材节能","天津","环境保护","zcjn","主板","20140731","","","SSE","L","中材节能股份有限公司","Sinoma Energy Conservation Ltd."
"603127.SH","603127","昭衍新药","北京","医疗保健","zyxy","主板","20170825","","","SSE","L","北京昭衍新药研究中心股份有限公司","Joinn Laboratories (China) Co.,Ltd."
"603128.SH","603128","华贸物流","上海","仓储物流","hmwl","主板","20120529","国务院国有资产监督管理委员会","中央国企","SSE","L","港中旅华贸国际物流股份有限公司","CTS International Logistics Corporation Limited"
"603129.SH","603129","春风动力","浙江","摩托车","cfdl","主板","20170818","","","SSE","L","浙江春风动力股份有限公司","Zhejiang Cfmoto Power Co.,Ltd"
"603130.SH","603130","云中马","浙江","纺织","yzm","主板","20221118","叶福忠","民营企业","SSE","L","浙江云中马股份有限公司","Zhejiang Yunzhongma Co., Ltd."
"603131.SH","603131","上海沪工","上海","专用机械","shhg","主板","20160607","","","SSE","L","上海沪工焊接集团股份有限公司","Shanghai Hugong Electric Group Co.,Ltd."
"603132.SH","603132","金徽股份","甘肃","铅锌","jhgf","主板","20220222","李明","民营企业","SSE","L","金徽矿业股份有限公司","Jinhui Mining Incorporation Limited"
"603135.SH","603135","中重科技","天津","专用机械","zzkj","主板","20230410","马冰冰","民营企业","SSE","L","中重科技(天津)股份有限公司","Zhongzhong Science&Technology(Tianjin)Co., Ltd."
"603136.SH","603136","天目湖","江苏","旅游景点","tmh","主板","20170927","溧阳市人民政府","地方国企","SSE","L","江苏天目湖旅游股份有限公司","Jiangsu Tianmu Lake Tourism Co.,Ltd"
"603137.SH","603137","恒尚节能","江苏","装修装饰","hsjn","主板","20230419","周祖庆","民营企业","SSE","L","江苏恒尚节能科技股份有限公司","Jiangsu Hengshang Energy Conservation Technology Co.,Ltd."
"603138.SH","603138","海量数据","北京","软件服务","hlsj","主板","20170306","朱华威","民营企业","SSE","L","北京海量数据技术股份有限公司","Beijing Vastdata Technology Co., Ltd."
"603139.SH","603139","康惠股份","陕西","中成药","khgf","主板","20170421","","","SSE","L","陕西康惠制药股份有限公司","Shaanxi Kanghui Pharmaceutical Co., Ltd"
"603150.SH","603150","万朗磁塑","安徽","塑料","wlcs","主板","20220124","时乾中","民营企业","SSE","L","安徽万朗磁塑股份有限公司","Higa Co.,Ltd."
"603151.SH","603151","邦基科技","山东","饲料","bjkj","主板","20221019","王由成","民营企业","SSE","L","山东邦基科技股份有限公司","Shandong Teamgene Technology Co., Ltd."
"603153.SH","603153","上海建科","上海","建筑工程","shjk","主板","20230313","上海市国有资产监督管理委员会","地方国企","SSE","L","上海建科咨询集团股份有限公司","Shanghai Research Institute of Building Sciences Group Co., Ltd."
"603155.SH","603155","新亚强","江苏","化工原料","xyq","主板","20200901","初亚军","民营企业","SSE","L","新亚强硅化学股份有限公司","Xinyaqiang Silicon Chemistry Co.,Ltd"
"603156.SH","603156","养元饮品","河北","软饮料","yyyp","主板","20180212","","","SSE","L","河北养元智汇饮品股份有限公司","Hebei Yangyuan Zhihui Beverage Co., Ltd."
"603158.SH","603158","腾龙股份","江苏","汽车配件","tlgf","主板","20150320","","","SSE","L","常州腾龙汽车零部件股份有限公司","Changzhou Tenglong Auto Parts Co.,Ltd."
"603159.SH","603159","上海亚虹","上海","专用机械","shyh","主板","20160812","孙林","民营企业","SSE","L","上海亚虹模具股份有限公司","Shanghai Yahong Moulding Co.,Ltd"
"603160.SH","603160","汇顶科技","深圳","半导体","hdkj","主板","20161017","张帆","民营企业","SSE","L","深圳市汇顶科技股份有限公司","Shenzhen Goodix Technology Co., Ltd."
"603161.SH","603161","科华控股","江苏","汽车配件","khkg","主板","20180105","","","SSE","L","科华控股股份有限公司","Kehua Holdings Co.,Ltd"
"603162.SH","603162","海通发展","福建","水运","htfz","主板","20230329","曾而斌","民营企业","SSE","L","福建海通发展股份有限公司","Fujian Highton Development Co.,Ltd."
"603163.SH","603163","圣晖集成","江苏","建筑工程","shjc","主板","20221013","无实际控制人","无","SSE","L","圣晖系统集成集团股份有限公司","Acter Technology Integration Group Co., Ltd."
"603165.SH","603165","荣晟环保","浙江","造纸","rshb","主板","20170117","","","SSE","L","浙江荣晟环保纸业股份有限公司","Zhejiang Rongsheng Environmental Protectionpaper Joint Stock Co., Ltd."
"603166.SH","603166","福达股份","广西","汽车配件","fdgf","主板","20141127","","","SSE","L","桂林福达股份有限公司","Guilin Fuda Co.,Ltd."
"603167.SH","603167","渤海轮渡","山东","水运","bhld","主板","20120906","","","SSE","L","渤海轮渡集团股份有限公司","Bohai Ferry Group Co., Ltd."
"603168.SH","603168","莎普爱思","浙江","化学制药","spas","主板","20140702","林弘立","民营企业","SSE","L","浙江莎普爱思药业股份有限公司","Zhejiang Shapuaisi Pharmaceutical Co., Ltd."
"603169.SH","603169","兰石重装","甘肃","专用机械","lszz","主板","20141009","","","SSE","L","兰州兰石重型装备股份有限公司","Lanzhou LS Heavy Equipment Co., Ltd"
"603170.SH","603170","宝立食品","上海","食品","blsp","主板","20220715","马驹","民营企业","SSE","L","上海宝立食品科技股份有限公司","Shanghai Bolex Food Technology Co., Ltd."
"603171.SH","603171","税友股份","浙江","软件服务","sygf","主板","20210630","张镇潮","民营企业","SSE","L","税友软件集团股份有限公司","Servyou Software Group Co., Ltd."
"603172.SH","603172","万丰股份","浙江","染料涂料","wfgf","主板","20230510","俞杏英","民营企业","SSE","L","浙江万丰化工股份有限公司","Zhejiang Wanfeng Chemical Co.,Ltd."
"603173.SH","603173","福斯达","浙江","机械基件","fsd","主板","20230130","葛浩俊","民营企业","SSE","L","杭州福斯达深冷装备股份有限公司","Hangzhou Fortune Gas Cryogenic Group Co., Ltd."
"603176.SH","603176","汇通集团","河北","建筑工程","htjt","主板","20211231","张忠强","民营企业","SSE","L","汇通建设集团股份有限公司","Huitong Construction Group Co.,Ltd."
"603177.SH","603177","德创环保","浙江","环境保护","dchb","主板","20170207","","","SSE","L","浙江德创环保科技股份有限公司","Zhejiang Tuna Environmental Science & Technology Co.,Ltd."
"603178.SH","603178","圣龙股份","浙江","汽车配件","slgf","主板","20170328","","","SSE","L","宁波圣龙汽车动力系统股份有限公司","Ningbo Shenglong Automotive Powertrain System Co.,Ltd"
"603179.SH","603179","新泉股份","江苏","汽车配件","xqgf","主板","20170317","","","SSE","L","江苏新泉汽车饰件股份有限公司","Jiangsu Xinquan Automotive Trim Co.,Ltd."
"603180.SH","603180","金牌家居","福建","家居用品","jpjj","主板","20170512","","","SSE","L","金牌厨柜家居科技股份有限公司","GoldenHome Living Co., Ltd."
"603181.SH","603181","皇马科技","浙江","化工原料","hmkj","主板","20170824","","","SSE","L","浙江皇马科技股份有限公司","Zhejiang Huangma Technology Co.,Ltd"
"603182.SH","603182","嘉华股份","山东","食品","jhgf","主板","20220909","吴洪祥","民营企业","SSE","L","山东嘉华生物科技股份有限公司","Shandong Sinoglory Health Food Co., Ltd."
"603183.SH","603183","建研院","江苏","建筑工程","jyy","主板","20170905","吴小翔","民营企业","SSE","L","苏州市建筑科学研究院集团股份有限公司","Suzhou Institute of Building Science Group Co.,Ltd"
"603185.SH","603185","弘元绿能","江苏","电气设备","hyln","主板","20181228","","","SSE","L","弘元绿色能源股份有限公司","Hongyuan Green Energy Co.,Ltd."
"603186.SH","603186","华正新材","浙江","元器件","hzxc","主板","20170103","","","SSE","L","浙江华正新材料股份有限公司","Zhejiang Wazam New Materials Co., Ltd."
"603187.SH","603187","海容冷链","山东","机械基件","hrll","主板","20181129","","","SSE","L","青岛海容商用冷链股份有限公司","Qingdao Hiron Commercial Cold Chain Co., Ltd."
"603188.SH","603188","亚邦股份","江苏","染料涂料","ybgf","主板","20140909","许芸霞","民营企业","SSE","L","江苏亚邦染料股份有限公司","Jiangsu Yabang Dyestuff Co.,Ltd"
"603189.SH","603189","网达软件","上海","软件服务","wdrj","主板","20160914","","","SSE","L","上海网达软件股份有限公司","Shanghai Wondertek Software Co., Ltd"
"603190.SH","603190","亚通精工","山东","汽车配件","ytjg","主板","20230217","焦召明","民营企业","SSE","L","烟台亚通精工机械股份有限公司","Yantai Yatong Precision Mechanical Corporation"
"603191.SH","603191","望变电气","重庆","电气设备","wbdq","主板","20220428","杨泽民","民营企业","SSE","L","重庆望变电气(集团)股份有限公司","Chongqing Wangbian Electric (Group) Corp.,Ltd."
"603192.SH","603192","汇得科技","上海","化工原料","hdkj","主板","20180828","","","SSE","L","上海汇得科技股份有限公司","Shanghai Huide Science & Technology Co.,Ltd"
"603193.SH","603193","润本股份","广东","日用化工","rbgf","主板","20231017","赵贵钦","民营企业","SSE","L","润本生物技术股份有限公司","Runben Biotechnology Co., Ltd."
"603194.SH","603194","中力股份","浙江","工程机械","zlgf","主板","20241224","何金辉","民营企业","SSE","L","浙江中力机械股份有限公司","Zhejiang E-P Equipment Co., Ltd."
"603195.SH","603195","公牛集团","浙江","家用电器","gnjt","主板","20200206","","","SSE","L","公牛集团股份有限公司","Goneo Group Co.,Ltd."
"603196.SH","603196","日播时尚","上海","服饰","rbss","主板","20170531","","","SSE","L","日播时尚集团股份有限公司","Ribo Fashion Group Co., Ltd."
"603197.SH","603197","保隆科技","上海","汽车配件","blkj","主板","20170519","","","SSE","L","上海保隆汽车科技股份有限公司","Shanghai Baolong Automotive Corporation"
"603198.SH","603198","迎驾贡酒","安徽","白酒","yjgj","主板","20150528","","","SSE","L","安徽迎驾贡酒股份有限公司","Anhui Ying Jia Distillery Co.,Ltd."
"603199.SH","603199","九华旅游","安徽","旅游景点","jhly","主板","20150326","池州市政府国有资产监督管理委员会","地方国企","SSE","L","安徽九华山旅游发展股份有限公司","Anhui Jiuhuashan Tourism Development Co., Ltd."
"603200.SH","603200","上海洗霸","上海","环境保护","shxb","主板","20170601","","","SSE","L","上海洗霸科技股份有限公司","Shanghai Emperor of Cleaning Hi-Tech Co., Ltd"
"603201.SH","603201","常润股份","江苏","汽车配件","crgf","主板","20220729","JUN JI","外资企业","SSE","L","常熟通润汽车零部件股份有限公司","Changshu Tongrun Auto Accessory Co., Ltd."
"603202.SH","603202","天有为","黑龙江","汽车配件","tyw","主板","20250424","王文博","民营企业","SSE","L","黑龙江天有为电子股份有限公司","Heilongjiang Tianyouwei Electronics Co., Ltd."
"603203.SH","603203","快克智能","江苏","专用机械","kkzn","主板","20161108","","","SSE","L","快克智能装备股份有限公司","Quick Intelligent Equipment Co.,Ltd."
"603205.SH","603205","健尔康","江苏","医疗保健","jek","主板","20241107","陈国平","民营企业","SSE","L","健尔康医疗科技股份有限公司","Jianerkang Medical Co., Ltd."
"603206.SH","603206","嘉环科技","江苏","通信设备","jhkj","主板","20220506","宗琰","民营企业","SSE","L","嘉环科技股份有限公司","Bestlink Technologies Co.,Ltd."
"603207.SH","603207","小方制药","上海","化学制药","xfzy","主板","20240826","方之光","外资企业","SSE","L","上海小方制药股份有限公司","Shanghai Xiao Fang Pharmaceutical Co.,Ltd."
"603208.SH","603208","江山欧派","浙江","家居用品","jsop","主板","20170210","","","SSE","L","江山欧派门业股份有限公司","Jiangshan Oupai Door Industry Co., Ltd"
"603209.SH","603209","兴通股份","福建","水运","xtgf","主板","20220324","陈兴明","民营企业","SSE","L","兴通海运股份有限公司","Xingtong Shipping Co., Ltd."
"603210.SH","603210","泰鸿万立","浙江","汽车配件","thwl","主板","20250409","应正才","民营企业","SSE","L","浙江泰鸿万立科技股份有限公司","Zhejiang Tion Vanly Tech. Co., Ltd."
"603211.SH","603211","晋拓股份","上海","汽车配件","jtgf","主板","20220725","张东","民营企业","SSE","L","晋拓科技股份有限公司","Jintuo Technology Co.,Ltd"
"603212.SH","603212","赛伍技术","江苏","塑料","swjs","主板","20200430","","","SSE","L","苏州赛伍应用技术股份有限公司","Cybrid Technologies Inc."
"603213.SH","603213","镇洋发展","浙江","化工原料","zyfz","主板","20211111","浙江省交通投资集团有限公司","地方国企","SSE","L","浙江镇洋发展股份有限公司","Zhejiang Oceanking Development Co., Ltd."
"603214.SH","603214","爱婴室","上海","百货","ays","主板","20180330","施琼","民营企业","SSE","L","上海爱婴室商务服务股份有限公司","Shanghai Aiyingshi Co., Ltd"
"603215.SH","603215","比依股份","浙江","家用电器","bygf","主板","20220218","闻继望","外资企业","SSE","L","浙江比依电器股份有限公司","Zhejiang Biyi Electric Appliance Co., Ltd."
"603216.SH","603216","梦天家居","浙江","家居用品","mtjj","主板","20211215","余静渊","民营企业","SSE","L","梦天家居集团股份有限公司","Mengtian Furniture Group Co., Ltd."
"603217.SH","603217","元利科技","山东","化工原料","ylkj","主板","20190620","","","SSE","L","元利化学集团股份有限公司","Yuanli Chemical Group Co.,Ltd."
"603218.SH","603218","日月股份","浙江","电气设备","rygf","主板","20161228","傅明康","民营企业","SSE","L","日月重工股份有限公司","Riyue Heavy Industry Co.,Ltd"
"603219.SH","603219","富佳股份","浙江","家用电器","fjgf","主板","20211122","王跃旦","民营企业","SSE","L","宁波富佳实业股份有限公司","Ningbo Fujia Industrial Co., Ltd."
"603220.SH","603220","中贝通信","湖北","通信设备","zbtx","主板","20181115","","","SSE","L","中贝通信集团股份有限公司","China Bester Group Telecom Co.,Ltd."
"603221.SH","603221","爱丽家居","江苏","家居用品","aljj","主板","20200323","宋正兴","民营企业","SSE","L","爱丽家居科技股份有限公司","Elegant Home-Tech Co., Ltd."
"603222.SH","603222","济民健康","浙江","医疗保健","jmjk","主板","20150217","李丽莎","民营企业","SSE","L","济民健康管理股份有限公司","Chimin Health Management Co., Ltd."
"603223.SH","603223","恒通股份","山东","公路","htgf","主板","20150630","龙口市东江街道南山村村民委员会","民营企业","SSE","L","恒通物流股份有限公司","Hengtong Logistics Co., Ltd."
"603225.SH","603225","新凤鸣","浙江","化纤","xfm","主板","20170418","","","SSE","L","新凤鸣集团股份有限公司","Xinfengming Group Co.,Ltd"
"603226.SH","603226","菲林格尔","上海","家居用品","flge","主板","20170615","丁福如","外资企业","SSE","L","菲林格尔家居科技股份有限公司","Vohringer Home Technology Co., Ltd."
"603227.SH","603227","雪峰科技","新疆","化工原料","xfkj","主板","20150515","","","SSE","L","新疆雪峰科技(集团)股份有限公司","Xinjiang Xuefeng Sci-Tech (Group) Co.,Ltd"
"603228.SH","603228","景旺电子","深圳","元器件","jwdz","主板","20170106","刘绍柏","民营企业","SSE","L","深圳市景旺电子股份有限公司","Shenzhen Kinwong Electronic Co.,Ltd."
"603229.SH","603229","奥翔药业","浙江","化学制药","axyy","主板","20170509","","","SSE","L","浙江奥翔药业股份有限公司","Zhejiang Ausun Pharmaceutical Co., Ltd."
"603230.SH","603230","内蒙新华","内蒙","出版业","nmxh","主板","20211224","内蒙古自治区人民政府","地方国企","SSE","L","内蒙古新华发行集团股份有限公司","Inner Mongolia Xinhua Distribution Group Co.,Ltd."
"603231.SH","603231","索宝蛋白","浙江","食品","sbdb","主板","20231215","刘季善","民营企业","SSE","L","宁波索宝蛋白科技股份有限公司","Solbar Ningbo Protein Technology Co., Ltd."
"603232.SH","603232","格尔软件","上海","软件服务","gerj","主板","20170421","","","SSE","L","格尔软件股份有限公司","Koal Software Co., Ltd"
"603233.SH","603233","大参林","广东","医药商业","dsl","主板","20170731","","","SSE","L","大参林医药集团股份有限公司","Dashenlin Pharmaceutical Group Co.,Ltd"
"603235.SH","603235","天新药业","江西","化学制药","txyy","主板","20220712","许江南","民营企业","SSE","L","江西天新药业股份有限公司","Jiangxi Tianxin Pharmaceutical Co., Ltd."
"603236.SH","603236","移远通信","上海","通信设备","yytx","主板","20190716","","","SSE","L","上海移远通信技术股份有限公司","Quectel Wireless Solutions Co.,Ltd."
"603237.SH","603237","五芳斋","浙江","食品","wfz","主板","20220831","厉建平","外资企业","SSE","L","浙江五芳斋实业股份有限公司","Zhejiang Wufangzhai Industry Co., Ltd."
"603238.SH","603238","诺邦股份","浙江","纺织","nbgf","主板","20170222","","","SSE","L","杭州诺邦无纺股份有限公司","HangZhou Nbond Nonwovens Co., Ltd."
"603239.SH","603239","浙江仙通","浙江","汽车配件","zjxt","主板","20161230","台州市人民政府国有资产监督管理委员会","地方国企","SSE","L","浙江仙通橡塑股份有限公司","Zhejiang Xiantong Rubber&Plastic Co.,Ltd"
"603255.SH","603255","鼎际得","辽宁","化工原料","djd","主板","20220818","张再明","民营企业","SSE","L","辽宁鼎际得石化股份有限公司","Liaoning Dingjide Petrochemical Co., Ltd."
"603256.SH","603256","宏和科技","上海","玻璃","hhkj","主板","20190719","","","SSE","L","宏和电子材料科技股份有限公司","Grace Fabric Technology Co.,Ltd."
"603257.SH","603257","中国瑞林","江西","建筑工程","zgrl","主板","20250408","无实际控制人","无","SSE","L","中国瑞林工程技术股份有限公司","China Nerin Engineering Co., Ltd"
"603258.SH","603258","电魂网络","浙江","互联网","dhwl","主板","20161026","胡建平","民营企业","SSE","L","杭州电魂网络科技股份有限公司","Hangzhou Electronic Soul Network Technology Co.,Ltd"
"603259.SH","603259","药明康德","江苏","化学制药","ymkd","主板","20180508","GeLi(李革)","外资企业","SSE","L","无锡药明康德新药开发股份有限公司","Wuxi Apptec Co.,Ltd."
"603260.SH","603260","合盛硅业","浙江","化工原料","hsgy","主板","20171030","罗立国","民营企业","SSE","L","合盛硅业股份有限公司","Hoshine Silicon Industry Co.,Ltd."
"603261.SH","603261","*ST立航","四川","航空","stlh","主板","20220315","刘随阳","民营企业","SSE","L","成都立航科技股份有限公司","Chengdu Lihang Technology Co.,Ltd."
"603262.SH","603262","技源集团","江苏","食品","jyjt","主板","20250723","龙玲","民营企业","SSE","L","技源集团股份有限公司","TSI Group Co., Ltd."
"603266.SH","603266","天龙股份","浙江","汽车配件","tlgf","主板","20170110","胡建立","民营企业","SSE","L","宁波天龙电子股份有限公司","Ningbo Tianlong Electronics Co., Ltd."
"603267.SH","603267","鸿远电子","北京","元器件","hydz","主板","20190515","","","SSE","L","北京元六鸿远电子科技股份有限公司","Beijing Yuanliu Hongyuan Electronic Technology Co., Ltd."
"603268.SH","603268","*ST松发","广东","船舶","stsf","主板","20150319","","","SSE","L","广东松发陶瓷股份有限公司","Guangdong Songfa Ceramics Co., Ltd."
"603269.SH","603269","海鸥股份","江苏","机械基件","hogf","主板","20170517","","","SSE","L","江苏海鸥冷却塔股份有限公司","Jiangsu Seagull Cooling Tower Co.,Ltd."
"603270.SH","603270","金帝股份","山东","机械基件","jdgf","主板","20230901","郑广会","民营企业","SSE","L","山东金帝精密机械科技股份有限公司","Shandong Golden Empire Precision Machinery Technology Co., Ltd."
"603271.SH","603271","永杰新材","浙江","铝","yjxc","主板","20250311","沈建国","民营企业","SSE","L","永杰新材料股份有限公司","Yong Jie New Material Co.,Ltd."
"603272.SH","603272","联翔股份","浙江","家居用品","lxgf","主板","20220520","卜晓华","民营企业","SSE","L","浙江联翔智能家居股份有限公司","Zhejiang Lianxiang Smart Home Co., Ltd"
"603273.SH","603273","天元智能","江苏","专用机械","tyzn","主板","20231023","吴逸中","民营企业","SSE","L","江苏天元智能装备股份有限公司","Jiangsu Teeyer Intelligent Equipment Co.,Ltd."
"603275.SH","603275","众辰科技","上海","电器仪表","zckj","主板","20230823","张建军","民营企业","SSE","L","上海众辰电子科技股份有限公司","Shanghai Zhongchen Electronic Technology Co.,Ltd."
"603276.SH","603276","恒兴新材","江苏","化工原料","hxxc","主板","20230925","张千","民营企业","SSE","L","江苏恒兴新材料科技股份有限公司","Jiangsu Hengxing New Material Technology Co.,Ltd."
"603277.SH","603277","银都股份","浙江","专用机械","ydgf","主板","20170911","","","SSE","L","银都餐饮设备股份有限公司","Yindu Kitchen Equipment Co.,Ltd"
"603278.SH","603278","大业股份","山东","钢加工","dygf","主板","20171113","","","SSE","L","山东大业股份有限公司","Shandong Daye Co.,Ltd."
"603279.SH","603279","景津装备","山东","环境保护","jjzb","主板","20190729","","","SSE","L","景津装备股份有限公司","Jingjin Equipment Inc."
"603280.SH","603280","南方路机","福建","工程机械","nflj","主板","20221108","方庆熙","民营企业","SSE","L","福建南方路面机械股份有限公司","Fujian South Highway Machinery Co., Ltd."
"603281.SH","603281","江瀚新材","湖北","化工原料","jhxc","主板","20230131","甘书官","民营企业","SSE","L","湖北江瀚新材料股份有限公司","Hubei Jianghan New Materials Co., Ltd."
"603282.SH","603282","亚光股份","浙江","专用机械","yggf","主板","20230315","陈国华","民营企业","SSE","L","浙江亚光科技股份有限公司","Zhejiang Yaguang Technology Co.,Ltd."
"603283.SH","603283","赛腾股份","江苏","专用机械","stgf","主板","20171225","","","SSE","L","苏州赛腾精密电子股份有限公司","Suzhou Secote Precision Electronic Co., Ltd."
"603285.SH","603285","键邦股份","山东","化工原料","jbgf","主板","20240705","朱剑波","民营企业","SSE","L","山东键邦新材料股份有限公司","Shandong Jianbang New Material Co., Ltd."
"603286.SH","603286","日盈电子","江苏","汽车配件","rydz","主板","20170627","","","SSE","L","江苏日盈电子股份有限公司","Jiangsu Riying Electronics Co., Ltd."
"603288.SH","603288","海天味业","广东","食品","htwy","主板","20140211","庞康","民营企业","SSE","L","佛山市海天调味食品股份有限公司","Foshan Haitian Flavouring and Food Company Ltd."
"603289.SH","603289","泰瑞机器","浙江","专用机械","trjq","主板","20171031","","","SSE","L","泰瑞机器股份有限公司","Tederic Machinery Co., Ltd"
"603290.SH","603290","斯达半导","浙江","半导体","sdbd","主板","20200204","沈华","外资企业","SSE","L","斯达半导体股份有限公司","StarPower Semiconductor Ltd."
"603291.SH","603291","联合水务","江苏","水务","lhsw","主板","20230327","俞伟景","外资企业","SSE","L","江苏联合水务科技股份有限公司","Jiangsu United Water Technology Co.,Ltd."
"603296.SH","603296","华勤技术","上海","元器件","hqjs","主板","20230808","邱文生","民营企业","SSE","L","华勤技术股份有限公司","Huaqin Technology Co., Ltd."
"603297.SH","603297","永新光学","浙江","元器件","yxgx","主板","20180910","曹其东","外资企业","SSE","L","宁波永新光学股份有限公司","Ningbo Yong Xin Optics Co., Ltd"
"603298.SH","603298","杭叉集团","浙江","工程机械","hcjt","主板","20161227","","","SSE","L","杭叉集团股份有限公司","Hangcha Group Co.,Ltd"
"603299.SH","603299","苏盐井神","江苏","食品","syjs","主板","20151231","江苏省政府国有资产监督管理委员会","地方国企","SSE","L","江苏苏盐井神股份有限公司","Jiang Su Suyan Jingshen Co.,Ltd"
"603300.SH","603300","海南华铁","浙江","多元金融","hnht","主板","20150529","胡丹锋","民营企业","SSE","L","浙江海控南科华铁数智科技股份有限公司","Zhejiang Haikong Nanke Huatie Digital Intelligence & Technology Co.,Ltd"
"603301.SH","603301","振德医疗","浙江","医疗保健","zdyl","主板","20180412","","","SSE","L","振德医疗用品股份有限公司","Zhende Medical Co., Ltd."
"603303.SH","603303","得邦照明","浙江","家用电器","dbzm","主板","20170330","东阳市横店社团经济企业联合会","集体企业","SSE","L","横店集团得邦照明股份有限公司","Hengdian Group Tospo Lighting Co.,Ltd."
"603305.SH","603305","旭升集团","浙江","汽车配件","xsjt","主板","20170710","","","SSE","L","宁波旭升集团股份有限公司","Ningbo Xusheng Group Co., Ltd."
"603306.SH","603306","华懋科技","福建","汽车配件","hmkj","主板","20140926","赖方静静","外资企业","SSE","L","华懋(厦门)新材料科技股份有限公司","HMT(Xiamen) New Technical Materials Co.,Ltd."
"603307.SH","603307","扬州金泉","江苏","文教休闲","yzjq","主板","20230216","林明稳","民营企业","SSE","L","扬州金泉旅游用品股份有限公司","Yangzhou Jinquan Travelling Goods Co., Ltd."
"603308.SH","603308","应流股份","安徽","机械基件","ylgf","主板","20140122","","","SSE","L","安徽应流机电股份有限公司","Anhui Yingliu Electromechanical Co.,Ltd"
"603309.SH","603309","维力医疗","广东","医疗保健","wlyl","主板","20150302","向彬","外资企业","SSE","L","广州维力医疗器械股份有限公司","Well Lead Medical Co., Ltd."
"603310.SH","603310","巍华新材","浙江","化工原料","whxc","主板","20240814","吴江伟","民营企业","SSE","L","浙江巍华新材料股份有限公司","Zhejiang Weihua New Material Co., Ltd."
"603311.SH","603311","金海高科","浙江","家用电器","jhgk","主板","20150518","","","SSE","L","浙江金海高科股份有限公司","Zhejiang Goldensea Hi-Tech Co., Ltd"
"603312.SH","603312","西典新能","江苏","电气设备","xdxn","主板","20240111","SHENG JIAN HUA","外资企业","SSE","L","苏州西典新能源电气股份有限公司","Suzhou West Deane New Power Electric Co.,Ltd."
"603313.SH","603313","梦百合","江苏","家居用品","mbh","主板","20161013","","","SSE","L","梦百合家居科技股份有限公司","Healthcare Co.,Ltd."
"603315.SH","603315","福鞍股份","辽宁","环境保护","fagf","主板","20150424","","","SSE","L","辽宁福鞍重工股份有限公司","Liaoning Fu-An Heavy Industry Co.,Ltd"
"603316.SH","603316","诚邦股份","浙江","建筑工程","cbgf","主板","20170619","","","SSE","L","诚邦生态环境股份有限公司","Chengbang EcoEnvironment Co.,Ltd."
"603317.SH","603317","天味食品","四川","食品","twsp","主板","20190416","","","SSE","L","四川天味食品集团股份有限公司","Sichuan Teway Food Group Co.,Ltd"
"603318.SH","603318","水发燃气","辽宁","供气供热","sfrq","主板","20150424","山东省人民政府国有资产监督管理委员会","地方国企","SSE","L","水发派思燃气股份有限公司","Shuifa Gas Co., Ltd."
"603319.SH","603319","美湖股份","湖南","汽车配件","mhgf","主板","20161130","","","SSE","L","湖南美湖智造股份有限公司","Hunan Meihu Intelligent Manufacturing Co., Ltd."
"603320.SH","603320","迪贝电气","浙江","电气设备","dbdq","主板","20170502","","","SSE","L","浙江迪贝电气股份有限公司","Zhejiang Dibay Electric Co.,Ltd."
"603321.SH","603321","梅轮电梯","浙江","运输设备","mldt","主板","20170915","","","SSE","L","浙江梅轮电梯股份有限公司","Zhejiang Meilun Elevator Co.,Ltd"
"603322.SH","603322","超讯通信","广东","通信设备","cxtx","主板","20160728","","","SSE","L","超讯通信股份有限公司","Super Telecom Co.,Ltd"
"603323.SH","603323","苏农银行","江苏","银行","snyh","主板","20161129","","","SSE","L","江苏苏州农村商业银行股份有限公司","Jiangsu Suzhou Rural Commercial Bank Co.,Ltd"
"603324.SH","603324","盛剑科技","上海","环境保护","sjkj","主板","20210407","张伟明","民营企业","SSE","L","上海盛剑科技股份有限公司","Shanghai Shengjian Technology Co., Ltd."
"603325.SH","603325","博隆技术","上海","化工机械","bljs","主板","20240110","张玲珑","民营企业","SSE","L","上海博隆装备技术股份有限公司","Shanghai Bloom Technology Inc."
"603326.SH","603326","我乐家居","江苏","家居用品","wljj","主板","20170616","NINA YANTI MIAO","外资企业","SSE","L","南京我乐家居股份有限公司","Nanjing Olo Home Furnishing Co.,Ltd"
"603327.SH","603327","福蓉科技","四川","元器件","frkj","主板","20190523","","","SSE","L","四川福蓉科技股份公司","Sichuan Furong Technology Co., Ltd."
"603328.SH","603328","依顿电子","广东","元器件","yddz","主板","20140701","李永强","外资企业","SSE","L","广东依顿电子科技股份有限公司","Guangdong Ellington Electronics Technology Co.,Ltd"
"603329.SH","603329","上海雅仕","上海","仓储物流","shys","主板","20171229","","","SSE","L","上海雅仕投资发展股份有限公司","Shanghai Ace Investment&Development Co., Ltd"
"603330.SH","603330","天洋新材","上海","塑料","tyxc","主板","20170213","","","SSE","L","天洋新材(上海)科技股份有限公司","Tianyang New Materials(Shanghai)Technology Co., Ltd."
"603331.SH","603331","百达精工","浙江","专用机械","bdjg","主板","20170705","施小友","民营企业","SSE","L","浙江百达精工股份有限公司","Zhejiang Baida Precision Manufacturing Corp."
"603332.SH","603332","苏州龙杰","江苏","化纤","szlj","主板","20190117","","","SSE","L","苏州龙杰特种纤维股份有限公司","Suzhou Longjie Special Fiber Co.,Ltd."
"603333.SH","603333","尚纬股份","四川","电气设备","swgf","主板","20120507","李广胜","民营企业","SSE","L","尚纬股份有限公司","Sunway Co., Ltd."
"603335.SH","603335","迪生力","广东","汽车配件","dsl","主板","20170620","","","SSE","L","广东迪生力汽配股份有限公司","Guangdong Dcenti Auto-Parts Stock Limited Company"
"603336.SH","603336","宏辉果蔬","广东","农业综合","hhgs","主板","20161124","","","SSE","L","宏辉果蔬股份有限公司","Great-Sun Foods Co.,Ltd."
"603337.SH","603337","杰克科技","浙江","纺织机械","jkkj","主板","20170119","","","SSE","L","杰克科技股份有限公司","Jack Technology Co., Ltd"
"603338.SH","603338","浙江鼎力","浙江","工程机械","zjdl","主板","20150325","","","SSE","L","浙江鼎力机械股份有限公司","Zhejiang Dingli Machinery Co.,Ltd"
"603339.SH","603339","四方科技","江苏","专用机械","sfkj","主板","20160519","","","SSE","L","四方科技集团股份有限公司","Square Technology Group Co., Ltd"
"603341.SH","603341","龙旗科技","上海","通信设备","lqkj","主板","20240301","杜军红","民营企业","SSE","L","上海龙旗科技股份有限公司","Shanghai Longcheer Technology Co., Ltd."
"603344.SH","603344","星德胜","江苏","电气设备","xds","主板","20240320","朱云舫","民营企业","SSE","L","星德胜科技(苏州)股份有限公司","Cinderson Tech (Suzhou) Co., Ltd."
"603345.SH","603345","安井食品","福建","食品","ajsp","主板","20170222","","","SSE","L","安井食品集团股份有限公司","Anjoy Foods Group Co.,Ltd."
"603348.SH","603348","文灿股份","广东","汽车配件","wcgf","主板","20180426","","","SSE","L","文灿集团股份有限公司","Wencan Group Co.,Ltd."
"603350.SH","603350","安乃达","上海","电气设备","and","主板","20240703","黄洪岳","民营企业","SSE","L","安乃达驱动技术(上海)股份有限公司","Ananda Drive Techniques(Shanghai)Co., Ltd."
"603351.SH","603351","威尔药业","江苏","化学制药","weyy","主板","20190130","","","SSE","L","南京威尔药业集团股份有限公司","Nanjing Well Pharmaceutical Group Co.,Ltd."
"603353.SH","603353","和顺石油","湖南","石油贸易","hssy","主板","20200407","","","SSE","L","湖南和顺石油股份有限公司","Hunan Heshun Petroleum Co.,Ltd."
"603355.SH","603355","莱克电气","江苏","家用电器","lkdq","主板","20150513","","","SSE","L","莱克电气股份有限公司","Kingclean Electric Co.,Ltd"
"603356.SH","603356","华菱精工","安徽","运输设备","hljg","主板","20180124","","","SSE","L","宣城市华菱精工科技股份有限公司","Xuancheng Valin Precision Technology Co.,Ltd."
"603357.SH","603357","设计总院","安徽","建筑工程","sjzy","主板","20170801","","","SSE","L","安徽省交通规划设计研究总院股份有限公司","Anhui Transport Consulting & Design Institute Co.,Ltd."
"603358.SH","603358","华达科技","江苏","汽车配件","hdkj","主板","20170125","","","SSE","L","华达汽车科技股份有限公司","Huada Automotive Technology Corp.,Ltd"
"603359.SH","603359","东珠生态","江苏","建筑工程","dzst","主板","20170901","席惠明","民营企业","SSE","L","东珠生态环保股份有限公司","Dongzhu Ecological Environment Protection Co.,Ltd"
"603360.SH","603360","百傲化学","辽宁","农药化肥","bahx","主板","20170206","刘宪武","民营企业","SSE","L","大连百傲化学股份有限公司","Dalian BIO-CHEM Company Limited"
"603363.SH","603363","傲农生物","福建","饲料","answ","主板","20170926","","","SSE","L","福建傲农生物科技集团股份有限公司","Fujian Aonong Biological Technology Group Incorporation Limited"
"603365.SH","603365","水星家纺","上海","纺织","sxjf","主板","20171120","","","SSE","L","上海水星家用纺织品股份有限公司","Shanghai Shuixing Home Textile Co., Ltd"
"603366.SH","603366","日出东方","江苏","家用电器","rcdf","主板","20120521","","","SSE","L","日出东方控股股份有限公司","Solareast Holdings Co., Ltd."
"603367.SH","603367","辰欣药业","山东","化学制药","cxyy","主板","20170929","","","SSE","L","辰欣药业股份有限公司","Cisen Pharmaceutical Co.,Ltd."
"603368.SH","603368","柳药集团","广西","医药商业","lyjt","主板","20141204","","","SSE","L","广西柳药集团股份有限公司","Guangxi Liuyao Group Co., Ltd"
"603369.SH","603369","今世缘","江苏","白酒","jsy","主板","20140703","涟水县人民政府","地方国企","SSE","L","江苏今世缘酒业股份有限公司","Jiangsu King's Luck Brewery Joint-Stock Co., Ltd."
"603370.SH","603370","华新精科","江苏","电气设备","hxjk","主板","20250905","郭云蓉","民营企业","SSE","L","江阴华新精密科技股份有限公司","Jiangyin Huaxin Precision Technology Corporation"
"603373.SH","603373","安邦护卫","浙江","仓储物流","abhw","主板","20231220","浙江省人民政府国有资产监督管理委员会","地方国企","SSE","L","安邦护卫集团股份有限公司","Anbang Save-Guard Group Co., Ltd"
"603375.SH","603375","盛景微","江苏","半导体","sjw","主板","20240124","张永刚","民营企业","SSE","L","无锡盛景微电子股份有限公司","Wuxi Holyview Microelectronics Co.,Ltd."
"603377.SH","603377","ST东时","北京","汽车服务","stds","主板","20160205","","","SSE","L","东方时尚驾驶学校股份有限公司","Eastern Pioneer Driving School Co., Ltd."
"603378.SH","603378","亚士创能","上海","染料涂料","yscn","主板","20170928","","","SSE","L","亚士创能科技(上海)股份有限公司","Asia Cuanon Technology (ShangHai) Co.,Ltd."
"603379.SH","603379","三美股份","浙江","化工原料","smgf","主板","20190402","","","SSE","L","浙江三美化工股份有限公司","Zhejiang Sanmei Chemical Industry Co., Ltd."
"603380.SH","603380","易德龙","江苏","元器件","ydl","主板","20170622","","","SSE","L","苏州易德龙科技股份有限公司","Suzhou Etron Technologies Co.,Ltd."
"603381.SH","603381","永臻股份","江苏","电气设备","yzgf","主板","20240626","汪献利","民营企业","SSE","L","永臻科技股份有限公司","Yonz Technology Co.,Ltd."
"603382.SH","603382","海阳科技","江苏","化纤","hykj","主板","20250612","陆信才","民营企业","SSE","L","海阳科技股份有限公司","Haiyang Technology Co., Ltd."
"603383.SH","603383","顶点软件","福建","软件服务","ddrj","主板","20170522","","","SSE","L","福建顶点软件股份有限公司","Fujian Apex Software Co.,Ltd"
"603385.SH","603385","惠达卫浴","河北","家居用品","hdwy","主板","20170405","","","SSE","L","惠达卫浴股份有限公司","Huida Sanitary Ware Co., Ltd"
"603386.SH","603386","骏亚科技","广东","元器件","jykj","主板","20170912","叶晓彬","外资企业","SSE","L","广东骏亚电子科技股份有限公司","Guangdong Champion Asia Electronics Co.,Ltd."
"603387.SH","603387","基蛋生物","江苏","医疗保健","jdsw","主板","20170717","","","SSE","L","基蛋生物科技股份有限公司","Getein Biotech, Inc"
"603388.SH","603388","*ST元成","浙江","建筑工程","styc","主板","20170324","","","SSE","L","元成环境股份有限公司","Yuancheng Environment Co., Ltd."
"603389.SH","603389","*ST亚振","江苏","家居用品","styz","主板","20161215","","","SSE","L","亚振家居股份有限公司","A-Zenith Home Furnishings Co.,Ltd"
"603390.SH","603390","通达电气","广东","汽车配件","tddq","主板","20191125","","","SSE","L","广州通达汽车电气股份有限公司","Guangzhou Tongda Auto Electric Co., Ltd"
"603391.SH","603391","力聚热能","浙江","专用机械","ljrn","主板","20240731","何俊南","民营企业","SSE","L","浙江力聚热能装备股份有限公司","Zhejiang Liju Thermal Equipment Co., Ltd."
"603392.SH","603392","万泰生物","北京","生物制药","wtsw","主板","20200429","钟睒睒","民营企业","SSE","L","北京万泰生物药业股份有限公司","Beijing Wantai Biological Pharmacy Enterprise Co., Ltd."
"603393.SH","603393","新天然气","新疆","供气供热","xtrq","主板","20160912","","","SSE","L","新疆鑫泰天然气股份有限公司","Xinjiang Xintai Natural Gas Co.,Ltd."
"603395.SH","603395","红四方","安徽","农药化肥","hsf","主板","20241126","中国盐业集团有限公司","中央国企","SSE","L","中盐安徽红四方肥业股份有限公司","CNSIG Anhui Hongsifang Fertilizer Co., Ltd."
"603396.SH","603396","金辰股份","辽宁","专用机械","jcgf","主板","20171018","","","SSE","L","营口金辰机械股份有限公司","Yingkou Jinchen Machinery Co., Ltd."
"603398.SH","603398","*ST沐邦","江西","电气设备","stmb","主板","20151209","廖志远","民营企业","SSE","L","江西沐邦高科股份有限公司","Mubang High-Tech Co., Ltd."
"603399.SH","603399","永杉锂业","辽宁","小金属","ysly","主板","20120824","","","SSE","L","锦州永杉锂业股份有限公司","Jinzhou Yongshan Lithium Co.,Ltd"
"603400.SH","603400","华之杰","江苏","机械基件","hzj","主板","20250620","陆亚洲","民营企业","SSE","L","苏州华之杰电讯股份有限公司","Suzhou Huazhijie Telecom Co., Ltd."
"603406.SH","603406","天富龙","江苏","化纤","tfl","主板","20250808","朱大庆","民营企业","SSE","L","扬州天富龙集团股份有限公司","Yangzhou Tinfulong Group Co., Ltd."
"603408.SH","603408","建霖家居","福建","家居用品","jljj","主板","20200730","吕理镇","外资企业","SSE","L","厦门建霖健康家居股份有限公司","Runner(Xiamen) Corp."
"603409.SH","603409","汇通控股","安徽","汽车配件","htkg","主板","20250304","陈王保","民营企业","SSE","L","合肥汇通控股股份有限公司","Hefei Conver Holding Co.,Ltd."
"603416.SH","603416","信捷电气","江苏","电器仪表","xjdq","主板","20161221","","","SSE","L","无锡信捷电气股份有限公司","WuXi Xinje Electric Co.,Ltd."
"603418.SH","603418","友升股份","上海","汽车配件","ysgf","主板","20250923","","","SSE","L","上海友升铝业股份有限公司","Shanghai Unison Aluminium Products Co., Ltd."
"603421.SH","603421","鼎信通讯","山东","通信设备","dxtx","主板","20161011","","","SSE","L","青岛鼎信通讯股份有限公司","Qingdao Topscomm Communication Inc."
"603429.SH","603429","集友股份","安徽","广告包装","jygf","主板","20170124","","","SSE","L","安徽集友新材料股份有限公司","Anhui Genuine New Materials Co.,Ltd."
"603439.SH","603439","贵州三力","贵州","中成药","gzsl","主板","20200428","张海","民营企业","SSE","L","贵州三力制药股份有限公司","Guizhou Sanli Pharmaceutical Co.,Ltd"
"603444.SH","603444","吉比特","福建","互联网","jbt","主板","20170104","","","SSE","L","厦门吉比特网络技术股份有限公司","G-Bits Network Technology(Xiamen)Co., Ltd."
"603456.SH","603456","九洲药业","浙江","医疗保健","jzyy","主板","20141010","","","SSE","L","浙江九洲药业股份有限公司","Zhejiang Jiuzhou Pharmaceutical Co., Ltd."
"603458.SH","603458","勘设股份","贵州","建筑工程","ksgf","主板","20170809","","","SSE","L","贵州省交通规划勘察设计研究院股份有限公司","Guizhou Transportation Planning Survey&Design Academe Co.,Ltd."
"603466.SH","603466","风语筑","上海","文教休闲","fyz","主板","20171020","","","SSE","L","上海风语筑文化科技股份有限公司","Shanghai Fengyuzhu Culture Technology Co., Ltd."
"603477.SH","603477","巨星农牧","四川","农业综合","jxnm","主板","20171218","","","SSE","L","乐山巨星农牧股份有限公司","Leshan Giantstar Farming&Husbandry Corporation Limited"
"603486.SH","603486","科沃斯","江苏","家用电器","kws","主板","20180528","","","SSE","L","科沃斯机器人股份有限公司","Ecovacs Robotics Co., Ltd"
"603488.SH","603488","展鹏科技","江苏","运输设备","zpkj","主板","20170516","金培荣","民营企业","SSE","L","展鹏科技股份有限公司","Flying Technology Co.,Ltd."
"603489.SH","603489","八方股份","江苏","电气设备","bfgf","主板","20191111","","","SSE","L","八方电气(苏州)股份有限公司","Bafang Electric( Suzhou) Co.,Ltd."
"603496.SH","603496","恒为科技","上海","IT设备","hwkj","主板","20170607","","","SSE","L","恒为科技(上海)股份有限公司","EmbedWay Technologies (Shanghai) Corporation"
"603499.SH","603499","翔港科技","上海","广告包装","xgkj","主板","20171016","","","SSE","L","上海翔港包装科技股份有限公司","Shanghai Sunglow Packaging Technology Co., Ltd."
"603500.SH","603500","祥和实业","浙江","运输设备","xhsy","主板","20170904","","","SSE","L","浙江天台祥和实业股份有限公司","Zhejiang Tiantai Xianghe Industrial Co., Ltd."
"603501.SH","603501","豪威集团","上海","半导体","hwjt","主板","20170504","","","SSE","L","豪威集成电路(集团)股份有限公司","OmniVision Integrated Circuits Group, Inc."
"603505.SH","603505","金石资源","浙江","化工原料","jszy","主板","20170503","","","SSE","L","金石资源集团股份有限公司","China Kings Resources Group Co., Ltd."
"603506.SH","603506","南都物业","浙江","房产服务","ndwy","主板","20180201","","","SSE","L","南都物业服务集团股份有限公司","Nacity Property Service Group Co.,Ltd."
"603507.SH","603507","振江股份","江苏","电气设备","zjgf","主板","20171106","","","SSE","L","江苏振江新能源装备股份有限公司","Jiangsu Zhenjiang New Energy Equipment Co., Ltd."
"603508.SH","603508","思维列控","河南","IT设备","swlk","主板","20151224","","","SSE","L","河南思维自动化设备股份有限公司","Henan Thinker Automatic Equipment Co., Ltd."
"603511.SH","603511","爱慕股份","北京","服饰","amgf","主板","20210531","张荣明","民营企业","SSE","L","爱慕股份有限公司","Aimer Co.,Ltd."
"603515.SH","603515","欧普照明","上海","家用电器","opzm","主板","20160819","","","SSE","L","欧普照明股份有限公司","Opple Lighting Co., Ltd"
"603516.SH","603516","淳中科技","北京","IT设备","czkj","主板","20180202","","","SSE","L","北京淳中科技股份有限公司","Beijing Tricolor Technology Co.,Ltd."
"603517.SH","603517","ST绝味","湖南","食品","stjw","主板","20170317","","","SSE","L","绝味食品股份有限公司","Juewei Food Co., Ltd"
"603518.SH","603518","锦泓集团","江苏","服饰","jhjt","主板","20141203","","","SSE","L","锦泓时装集团股份有限公司","Jinhong Fashion Group Co.,Ltd."
"603519.SH","603519","立霸股份","江苏","家用电器","lbgf","主板","20150319","","","SSE","L","江苏立霸实业股份有限公司","Jiangsu Liba Enterprise Joint-Stock Co.,Ltd"
"603520.SH","603520","司太立","浙江","化学制药","stl","主板","20160309","","","SSE","L","浙江司太立制药股份有限公司","Zhejiang Starry Pharmaceutical Co., Ltd."
"603527.SH","603527","众源新材","安徽","铜","zyxc","主板","20170907","","","SSE","L","安徽众源新材料股份有限公司","Anhui Zhongyuan New Materials Co.,Ltd."
"603528.SH","603528","多伦科技","江苏","软件服务","dlkj","主板","20160503","章安强","外资企业","SSE","L","多伦科技股份有限公司","Duolun Technology Corporation Ltd."
"603529.SH","603529","爱玛科技","天津","摩托车","amkj","主板","20210615","张剑","民营企业","SSE","L","爱玛科技集团股份有限公司","Aima Technology Group Co.,Ltd."
"603530.SH","603530","神马电力","江苏","电气设备","smdl","主板","20190805","","","SSE","L","江苏神马电力股份有限公司","Jiangsu Shemar Electric Co.,Ltd"
"603533.SH","603533","掌阅科技","北京","互联网","zykj","主板","20170921","","","SSE","L","掌阅科技股份有限公司","IReader Technology Co., Ltd."
"603535.SH","603535","嘉诚国际","广东","仓储物流","jcgj","主板","20170808","","","SSE","L","广州市嘉诚国际物流股份有限公司","Guangzhou Jiacheng International Logistics Co.,Ltd."
"603536.SH","603536","惠发食品","山东","食品","hfsp","主板","20170613","","","SSE","L","山东惠发食品股份有限公司","Shandong Huifa Foodstuff Co.,Ltd."
"603538.SH","603538","美诺华","浙江","化学制药","mnh","主板","20170407","","","SSE","L","宁波美诺华药业股份有限公司","Ningbo Menovo Pharmaceutical Co., Ltd."
"603551.SH","603551","奥普科技","浙江","家居用品","apkj","主板","20200115","Fang James","外资企业","SSE","L","奥普智能科技股份有限公司","AUPU Intelligent Technology Corporation Limited"
"603556.SH","603556","海兴电力","浙江","电器仪表","hxdl","主板","20161110","周良璋","民营企业","SSE","L","杭州海兴电力科技股份有限公司","Hexing Electrical Co.,Ltd."
"603557.SH","603557","ST起步","浙江","服饰","stqb","主板","20170818","章利民","外资企业","SSE","L","起步股份有限公司","Qibu Corporation Limited"
"603558.SH","603558","健盛集团","浙江","纺织","jsjt","主板","20150127","","","SSE","L","浙江健盛集团股份有限公司","Zhejiang Jasan Holding Group Co.,Ltd."
"603559.SH","603559","ST通脉","吉林","通信设备","sttm","主板","20161202","王世超","民营企业","SSE","L","中通国脉通信股份有限公司","Zhongtongguomai Communication Co.,Ltd."
"603565.SH","603565","中谷物流","上海","水运","zgwl","主板","20200925","","","SSE","L","上海中谷物流股份有限公司","Shanghai Zhonggu Logistics Co., Ltd."
"603566.SH","603566","普莱柯","河南","农业综合","plk","主板","20150518","","","SSE","L","普莱柯生物工程股份有限公司","Pulike Biological Engineering,Inc."
"603567.SH","603567","珍宝岛","黑龙江","中成药","zbd","主板","20150424","方同华","民营企业","SSE","L","黑龙江珍宝岛药业股份有限公司","Heilongjiang ZBD Pharmaceutical Co.,Ltd."
"603568.SH","603568","伟明环保","浙江","环境保护","wmhb","主板","20150528","","","SSE","L","浙江伟明环保股份有限公司","Zhejiang Weiming Environment Protection Co.,Ltd."
"603569.SH","603569","长久物流","北京","公路","cjwl","主板","20160810","","","SSE","L","北京长久物流股份有限公司","Beijing Changjiu Logistics Corp."
"603577.SH","603577","汇金通","山东","电气设备","hjt","主板","20161222","韩敬远","民营企业","SSE","L","青岛汇金通电力设备股份有限公司","Qingdao Huijintong Power Equipment Co.,Ltd."
"603578.SH","603578","三星新材","浙江","家用电器","sxxc","主板","20170306","","","SSE","L","浙江三星新材股份有限公司","Zhejiang Three Stars New Materials Co.,Ltd."
"603579.SH","603579","荣泰健康","上海","家用电器","rtjk","主板","20170111","","","SSE","L","上海荣泰健康科技股份有限公司","Shanghai Rongtai Health Technology Corporation Limited"
"603580.SH","603580","*ST艾艾","上海","塑料","staa","主板","20170525","","","SSE","L","艾艾精密工业输送系统(上海)股份有限公司","AA Industrial Belting (Shanghai) Co., Ltd"
"603583.SH","603583","捷昌驱动","浙江","电气设备","jcqd","主板","20180921","","","SSE","L","浙江捷昌线性驱动科技股份有限公司","Zhejiang Jiecang Linear Motion Technology Co., Ltd."
"603585.SH","603585","苏利股份","江苏","农药化肥","slgf","主板","20161214","","","SSE","L","江苏苏利精细化工股份有限公司","Suli Co., Ltd."
"603586.SH","603586","金麒麟","山东","汽车配件","jql","主板","20170406","","","SSE","L","山东金麒麟股份有限公司","Shandong Gold Phoenix Co.,Ltd"
"603587.SH","603587","地素时尚","上海","服饰","dsss","主板","20180622","","","SSE","L","地素时尚股份有限公司","Dazzle Fashion Co.,Ltd"
"603588.SH","603588","高能环境","北京","环境保护","gnhj","主板","20141229","","","SSE","L","北京高能时代环境技术股份有限公司","Beijing Geoenviron Engineering & Technology, Inc."
"603589.SH","603589","口子窖","安徽","白酒","kzj","主板","20150629","","","SSE","L","安徽口子酒业股份有限公司","Anhui Kouzi Distillery Co.,Ltd."
"603590.SH","603590","康辰药业","北京","生物制药","kcyy","主板","20180827","","","SSE","L","北京康辰药业股份有限公司","Beijing Konruns Pharmaceutical Co.,Ltd."
"603595.SH","603595","东尼电子","浙江","元器件","dndz","主板","20170712","","","SSE","L","浙江东尼电子股份有限公司","Zhejiang Tony Electronic Co., Ltd"
"603596.SH","603596","伯特利","安徽","汽车配件","btl","主板","20180427","","","SSE","L","芜湖伯特利汽车安全系统股份有限公司","Bethel Automotive Safety Systems Co., Ltd."
"603598.SH","603598","引力传媒","北京","互联网","ylcm","主板","20150527","","","SSE","L","引力传媒股份有限公司","Inly Media Co., Ltd."
"603599.SH","603599","广信股份","安徽","农药化肥","gxgf","主板","20150513","","","SSE","L","安徽广信农化股份有限公司","Anhui Guangxin Agrochemical Co., Ltd."
"603600.SH","603600","永艺股份","浙江","家居用品","yygf","主板","20150123","","","SSE","L","永艺家具股份有限公司","UE Furniture Co., Ltd"
"603601.SH","603601","再升科技","重庆","玻璃","zskj","主板","20150122","","","SSE","L","重庆再升科技股份有限公司","Chongqing Zaisheng Technology Corp., Ltd"
"603602.SH","603602","纵横通信","浙江","通信设备","zhtx","主板","20170810","","","SSE","L","杭州纵横通信股份有限公司","Hangzhou Freely Communication Co., Ltd."
"603605.SH","603605","珀莱雅","浙江","日用化工","bly","主板","20171115","","","SSE","L","珀莱雅化妆品股份有限公司","Proya Cosmetics Co., Ltd."
"603606.SH","603606","东方电缆","浙江","电气设备","dfdl","主板","20141015","","","SSE","L","宁波东方电缆股份有限公司","Ningbo Orient Wires & Cables Co.,Ltd."
"603607.SH","603607","京华激光","浙江","造纸","jhjg","主板","20171025","","","SSE","L","浙江京华激光科技股份有限公司","Zhejiang Jinghua Laser Technology Co.,Ltd"
"603608.SH","603608","天创时尚","广东","服饰","tcss","主板","20160218","梁耀华","外资企业","SSE","L","天创时尚股份有限公司","Topscore Fashion Co.,Ltd."
"603609.SH","603609","禾丰股份","辽宁","饲料","hfgf","主板","20140808","","","SSE","L","禾丰食品股份有限公司","Wellhope Foods Co., Ltd."
"603610.SH","603610","麒盛科技","浙江","家居用品","qskj","主板","20191029","","","SSE","L","麒盛科技股份有限公司","Keeson Technology Corporation Limited"
"603611.SH","603611","诺力股份","浙江","专用机械","nlgf","主板","20150128","","","SSE","L","诺力智能装备股份有限公司","Noblelift Intelligent Equipment Co.,Ltd."
"603612.SH","603612","索通发展","山东","矿物制品","stfz","主板","20170718","","","SSE","L","索通发展股份有限公司","Sunstone Development Co., Ltd"
"603613.SH","603613","国联股份","北京","互联网","glgf","主板","20190730","","","SSE","L","北京国联视讯信息技术股份有限公司","Beijing United Information Technology Co.,Ltd."
"603615.SH","603615","茶花股份","福建","家居用品","chgf","主板","20170213","","","SSE","L","茶花现代家居用品股份有限公司","Chahua Modern Housewares Co.,Ltd."
"603616.SH","603616","韩建河山","北京","水泥","hjhs","主板","20150611","北京市房山区韩村河镇韩村河村经济合作社","无","SSE","L","北京韩建河山管业股份有限公司","Beijing Hanjian Heshan Pipeline Co.,Ltd."
"603617.SH","603617","君禾股份","浙江","机械基件","jhgf","主板","20170703","","","SSE","L","君禾泵业股份有限公司","Junhe Pumps Holding Co., Ltd"
"603618.SH","603618","杭电股份","浙江","电气设备","hdgf","主板","20150217","孙庆炎","民营企业","SSE","L","杭州电缆股份有限公司","Hangzhou Cable Co., Ltd."
"603619.SH","603619","中曼石油","上海","石油开采","zmsy","主板","20171117","","","SSE","L","中曼石油天然气集团股份有限公司","Zhongman Petroleum and Natural Gas Group Corp.,Ltd."
"603626.SH","603626","科森科技","江苏","元器件","kskj","主板","20170209","","","SSE","L","昆山科森科技股份有限公司","Kunshan Kersen Science & Technology Co.,Ltd"
"603628.SH","603628","清源股份","福建","电气设备","qygf","主板","20170112","Hong Daniel","外资企业","SSE","L","清源科技股份有限公司","Clenergy Technology Co.,Ltd."
"603629.SH","603629","利通电子","江苏","元器件","ltdz","主板","20181224","","","SSE","L","江苏利通电子股份有限公司","Jiangsu Lettall Electronic Co.,Ltd."
"603630.SH","603630","拉芳家化","广东","日用化工","lfjh","主板","20170313","","","SSE","L","拉芳家化股份有限公司","Lafang China Co.,Ltd"
"603633.SH","603633","徕木股份","上海","汽车配件","lmgf","主板","20161117","","","SSE","L","上海徕木电子股份有限公司","Shanghai Laimu Electronics Co.,Ltd."
"603636.SH","603636","南威软件","福建","软件服务","nwrj","主板","20141230","吴志雄","民营企业","SSE","L","南威软件股份有限公司","Linewell Software Co., Ltd."
"603637.SH","603637","镇海股份","浙江","建筑工程","zhgf","主板","20170208","余姚市国有资产管理办公室","地方国企","SSE","L","镇海石化工程股份有限公司","Zhenhai Petrochemical Engineering Co., LTD"
"603638.SH","603638","艾迪精密","山东","专用机械","adjm","主板","20170120","冯晓鸿","外资企业","SSE","L","烟台艾迪精密机械股份有限公司","Yantai Eddie Precision Machinery Co.,Ltd"
"603639.SH","603639","海利尔","山东","农药化肥","hle","主板","20170112","","","SSE","L","海利尔药业集团股份有限公司","Hailir Pesticides and Chemicals Group Co.,Ltd."
"603648.SH","603648","畅联股份","上海","仓储物流","clgf","主板","20170913","上海市浦东新区国有资产监督管理委员会","地方国企","SSE","L","上海畅联国际物流股份有限公司","Shanghai Shine-Link International Logistics Co., Ltd."
"603650.SH","603650","彤程新材","上海","化工原料","tcxc","主板","20180627","Zhang Ning","外资企业","SSE","L","彤程新材料集团股份有限公司","Red Avenue New Materials Group Co., Ltd."
"603655.SH","603655","朗博科技","江苏","汽车配件","lbkj","主板","20171229","戚建国","民营企业","SSE","L","常州朗博密封科技股份有限公司","Changzhou Langbo Sealing Technologies Co.,Ltd."
"603656.SH","603656","泰禾智能","安徽","专用机械","thzn","主板","20170321","","","SSE","L","合肥泰禾智能科技集团股份有限公司","Hefei Taihe Intelligent Technology Group Co.,Ltd."
"603657.SH","603657","春光科技","浙江","家用电器","cgkj","主板","20180730","","","SSE","L","金华春光橡塑科技股份有限公司","Jinhua Chunguang Technology Co.,Ltd"
"603658.SH","603658","安图生物","河南","医疗保健","atsw","主板","20160901","","","SSE","L","郑州安图生物工程股份有限公司","Autobio Diagnostics CO.,Ltd"
"603659.SH","603659","璞泰来","上海","化工原料","ptl","主板","20171103","","","SSE","L","上海璞泰来新能源科技股份有限公司","Shanghai Putailai New Energy Technology Co.,Ltd."
"603660.SH","603660","苏州科达","江苏","IT设备","szkd","主板","20161201","","","SSE","L","苏州科达科技股份有限公司","Suzhou Keda Technology Co.,Ltd"
"603661.SH","603661","恒林股份","浙江","家居用品","hlgf","主板","20171121","","","SSE","L","恒林家居股份有限公司","Henglin Home Furnishings Co.,Ltd"
"603662.SH","603662","柯力传感","浙江","电器仪表","klcg","主板","20190806","","","SSE","L","宁波柯力传感科技股份有限公司","Keli Sensing Technology (Ningbo) Co.,Ltd."
"603663.SH","603663","三祥新材","福建","小金属","sxxc","主板","20160801","","","SSE","L","三祥新材股份有限公司","Sanxiang Advanced Materials Co., Ltd."
"603665.SH","603665","康隆达","浙江","服饰","kld","主板","20170313","","","SSE","L","浙江康隆达特种防护科技股份有限公司","Zhejiang Kanglongda Special Protection Technology Co., Ltd."
"603666.SH","603666","亿嘉和","江苏","专用机械","yjh","主板","20180612","","","SSE","L","亿嘉和科技股份有限公司","Yijiahe Technology Co.,Ltd."
"603667.SH","603667","五洲新春","浙江","机械基件","wzxc","主板","20161025","","","SSE","L","浙江五洲新春集团股份有限公司","Zhejiang XCC Group Co.,Ltd."
"603668.SH","603668","天马科技","福建","饲料","tmkj","主板","20170117","","","SSE","L","福建天马科技集团股份有限公司","Fujian Tianma Science and Technology Group Co.,Ltd"
"603669.SH","603669","灵康药业","西藏","化学制药","lkyy","主板","20150528","","","SSE","L","灵康药业集团股份有限公司","Lionco Pharmaceutical Group Co.,Ltd."
"603676.SH","603676","卫信康","西藏","化学制药","wxk","主板","20170721","","","SSE","L","西藏卫信康医药股份有限公司","Xizang Weixinkang Pharmaceutical Co., Ltd."
"603677.SH","603677","奇精机械","浙江","家用电器","qjjx","主板","20170206","宁波市人民政府国有资产监督管理委员会","地方国企","SSE","L","奇精机械股份有限公司","Qijing Machinery Co., Ltd."
"603678.SH","603678","火炬电子","福建","元器件","hjdz","主板","20150126","","","SSE","L","福建火炬电子科技股份有限公司","Fujian Torch Electron Technology Co.,Ltd."
"603679.SH","603679","华体科技","四川","电气设备","htkj","主板","20170621","","","SSE","L","四川华体照明科技股份有限公司","Sichuan Huati Lighting Technology Co.,Ltd."
"603680.SH","603680","今创集团","江苏","运输设备","jcjt","主板","20180227","","","SSE","L","今创集团股份有限公司","Ktk Group Co.,Ltd."
"603681.SH","603681","永冠新材","上海","化工原料","ygxc","主板","20190326","","","SSE","L","上海永冠众诚新材料科技(集团)股份有限公司","Shanghai Yongguan Adhesive Products Corp.,Ltd"
"603682.SH","603682","锦和商管","上海","房产服务","jhsg","主板","20200421","郁敏珺","民营企业","SSE","L","上海锦和商业经营管理股份有限公司","Shanghai Golden Union Commercial Management Co.,Ltd."
"603683.SH","603683","晶华新材","上海","化工原料","jhxc","主板","20171020","","","SSE","L","上海晶华胶粘新材料股份有限公司","Shanghai Smith Adhesive New Material Co., Ltd"
"603685.SH","603685","晨丰科技","浙江","电气设备","cfkj","主板","20171127","丁闵","民营企业","SSE","L","浙江晨丰科技股份有限公司","Zhejiang Chenfeng Technology Co., Ltd."
"603686.SH","603686","福龙马","福建","环境保护","flm","主板","20150126","","","SSE","L","福龙马集团股份有限公司","Fulongma Group Co.,Ltd."
"603687.SH","603687","大胜达","浙江","广告包装","dsd","主板","20190726","","","SSE","L","浙江大胜达包装股份有限公司","Zhejiang Great Shengda Packaging Co.,Ltd"
"603688.SH","603688","石英股份","江苏","矿物制品","sygf","主板","20141031","","","SSE","L","江苏太平洋石英股份有限公司","Jiangsu Pacific Quartz Co.,Ltd."
"603689.SH","603689","皖天然气","安徽","供气供热","wtrq","主板","20170110","","","SSE","L","安徽省天然气开发股份有限公司","Anhui Province Natural Gas Development Co.,Ltd."
"603690.SH","603690","至纯科技","上海","半导体","zckj","主板","20170113","","","SSE","L","上海至纯洁净系统科技股份有限公司","PNC Process Systems Co., Ltd"
"603693.SH","603693","江苏新能","江苏","新型电力","jsxn","主板","20180703","","","SSE","L","江苏省新能源开发股份有限公司","Jiangsu New Energy Development Co., Ltd."
"603696.SH","603696","安记食品","福建","食品","ajsp","主板","20151209","","","SSE","L","安记食品股份有限公司","Anji Foodstuff Co., Ltd"
"603697.SH","603697","有友食品","重庆","食品","yysp","主板","20190508","","","SSE","L","有友食品股份有限公司","Youyou Foods Co.,Ltd."
"603698.SH","603698","航天工程","北京","专用机械","htgc","主板","20150128","","","SSE","L","航天长征化学工程股份有限公司","Changzheng Engineering Technology Co.,Ltd"
"603699.SH","603699","纽威股份","江苏","机械基件","nwgf","主板","20140117","","","SSE","L","苏州纽威阀门股份有限公司","Neway Valve (Suzhou) Co., Ltd."
"603700.SH","603700","宁水集团","浙江","电器仪表","nsjt","主板","20190122","","","SSE","L","宁波水表(集团)股份有限公司","Ningbo Water Meter (Group) Co., Ltd."
"603701.SH","603701","德宏股份","浙江","汽车配件","dhgf","主板","20160412","宁波市镇海区国有资产管理服务中心","地方国企","SSE","L","浙江德宏汽车电子电器股份有限公司","Zhejiang Dehong Automotive Electronic & Electrical Co., Ltd."
"603703.SH","603703","盛洋科技","浙江","元器件","sykj","主板","20150423","","","SSE","L","浙江盛洋科技股份有限公司","Zhejiang Shengyang Science and Technology Co., Ltd."
"603706.SH","603706","东方环宇","新疆","供气供热","dfhy","主板","20180709","李明","民营企业","SSE","L","新疆东方环宇燃气股份有限公司","Xinjiang East Universe Gas Co., Ltd."
"603707.SH","603707","健友股份","江苏","生物制药","jygf","主板","20170719","唐咏群","外资企业","SSE","L","南京健友生化制药股份有限公司","Nanjing King-Friend Biochemical Pharmaceutical Co., Ltd"
"603708.SH","603708","家家悦","山东","超市连锁","jjy","主板","20161213","","","SSE","L","家家悦集团股份有限公司","Jiajiayue Group Co., Ltd."
"603709.SH","603709","中源家居","浙江","家居用品","zyjj","主板","20180208","","","SSE","L","中源家居股份有限公司","ZOY Home Furnishing Co.,Ltd"
"603711.SH","603711","香飘飘","浙江","软饮料","xpp","主板","20171130","","","SSE","L","香飘飘食品股份有限公司","Xiangpiaopiao Food Co., Ltd"
"603712.SH","603712","七一二","天津","通信设备","qye","主板","20180226","","","SSE","L","天津七一二通信广播股份有限公司","Tianjin 712 Communication & Broadcasting Co., Ltd"
"603713.SH","603713","密尔克卫","上海","仓储物流","mekw","主板","20180713","","","SSE","L","密尔克卫智能供应链服务集团股份有限公司","Milkyway Intelligent Supply Chain Service Group Co.,Ltd."
"603716.SH","603716","塞力医疗","湖北","医药商业","slyl","主板","20161031","","","SSE","L","塞力斯医疗科技集团股份有限公司","Thalys Medical Technology Group Corporation."
"603717.SH","603717","天域生物","重庆","农业综合","tysw","主板","20170327","","","SSE","L","天域生物科技股份有限公司","Tianyu Bio-Technology Co.,Ltd."
"603718.SH","603718","海利生物","上海","农业综合","hlsw","主板","20150515","","","SSE","L","上海海利生物技术股份有限公司","Shanghai Hile Bio-Technology Co.,Ltd"
"603719.SH","603719","良品铺子","湖北","食品","lppz","主板","20200224","","","SSE","L","良品铺子股份有限公司","Bestore Co.,Ltd"
"603721.SH","603721","*ST天择","湖南","影视音像","sttz","主板","20170811","长沙广播电视集团(长沙电视台、长沙人民广播电台)","地方国企","SSE","L","中广天择传媒股份有限公司","TVZone Media Co., Ltd."
"603722.SH","603722","阿科力","江苏","化工原料","akl","主板","20171025","朱学军","民营企业","SSE","L","无锡阿科力科技股份有限公司","Wuxi Acryl Technology Co.,Ltd"
"603725.SH","603725","天安新材","广东","塑料","taxc","主板","20170906","","","SSE","L","广东天安新材料股份有限公司","Guangdong Tianan New Material Co.,Ltd."
"603726.SH","603726","朗迪集团","浙江","家用电器","ldjt","主板","20160421","","","SSE","L","浙江朗迪集团股份有限公司","Zhejiang Langdi Group Co., Ltd."
"603727.SH","603727","博迈科","天津","石油开采","bmk","主板","20161122","","","SSE","L","博迈科海洋工程股份有限公司","BOMESC Offshore Engineering Company Limited"
"603728.SH","603728","鸣志电器","上海","电气设备","mzdq","主板","20170509","","","SSE","L","上海鸣志电器股份有限公司","Shanghai Moons' Electric Co., Ltd."
"603729.SH","603729","龙韵股份","上海","广告包装","lygf","主板","20150324","","","SSE","L","上海龙韵文创科技集团股份有限公司","Shanghai Longyun Cultural Creation & Technology Group Co., Ltd."
"603730.SH","603730","岱美股份","上海","汽车配件","dmgf","主板","20170728","","","SSE","L","上海岱美汽车内饰件股份有限公司","Shanghai Daimay Automotive Interior Co., Ltd"
"603733.SH","603733","仙鹤股份","浙江","造纸","xhgf","主板","20180420","","","SSE","L","仙鹤股份有限公司","Xianhe Co.,Ltd"
"603737.SH","603737","三棵树","福建","染料涂料","sks","主板","20160603","","","SSE","L","三棵树涂料股份有限公司","Skshu Paint Co., Ltd."
"603738.SH","603738","泰晶科技","湖北","元器件","tjkj","主板","20160928","喻信东","民营企业","SSE","L","泰晶科技股份有限公司","TKD Science and Technology Co., Ltd."
"603739.SH","603739","蔚蓝生物","山东","农业综合","wlsw","主板","20190116","","","SSE","L","青岛蔚蓝生物股份有限公司","Qingdao Vland Biotech Inc."
"603755.SH","603755","日辰股份","山东","食品","rcgf","主板","20190828","","","SSE","L","青岛日辰食品股份有限公司","Qingdao Richen Food Co.,Ltd."
"603757.SH","603757","大元泵业","浙江","机械基件","dyby","主板","20170711","","","SSE","L","浙江大元泵业股份有限公司","Zhejiang Dayuan Pumps Industry Co., Ltd"
"603758.SH","603758","秦安股份","重庆","汽车配件","qagf","主板","20170517","","","SSE","L","重庆秦安机电股份有限公司","Chongqing Qin'an M&E PLC."
"603759.SH","603759","海天股份","四川","水务","htgf","主板","20210326","费功全","民营企业","SSE","L","海天水务集团股份公司","Haitian Water Group Co.,Ltd."
"603766.SH","603766","隆鑫通用","重庆","摩托车","lxty","主板","20120810","","","SSE","L","隆鑫通用动力股份有限公司","Loncin Motor Co., Ltd."
"603767.SH","603767","中马传动","浙江","汽车配件","zmcd","主板","20170613","","","SSE","L","浙江中马传动股份有限公司","Zhejiang Zomax Transmission Co.,Ltd."
"603768.SH","603768","常青股份","安徽","汽车配件","cqgf","主板","20170324","","","SSE","L","合肥常青机械股份有限公司","Changqing Machinery Company Limited"
"603773.SH","603773","沃格光电","江西","元器件","wggd","主板","20180417","","","SSE","L","江西沃格光电集团股份有限公司","WG Tech (Jiangxi) Group Co.,Ltd."
"603776.SH","603776","永安行","江苏","公共交通","yax","主板","20170817","","","SSE","L","永安行科技股份有限公司","Youon Technology Co.,Ltd"
"603777.SH","603777","来伊份","上海","食品","lyf","主板","20161012","","","SSE","L","上海来伊份股份有限公司","Shanghai Laiyifen Co.,Ltd"
"603778.SH","603778","国晟科技","北京","电气设备","gskj","主板","20151231","","","SSE","L","国晟世安科技股份有限公司","Grand Sunergy Tech Co.,Ltd."
"603779.SH","603779","威龙股份","山东","红黄酒","wlgf","主板","20160516","无实际控制人","无","SSE","L","威龙葡萄酒股份有限公司","Weilong Grape Wine Co., Ltd"
"603786.SH","603786","科博达","上海","汽车配件","kbd","主板","20191015","","","SSE","L","科博达技术股份有限公司","Keboda Technology Co., Ltd."
"603787.SH","603787","新日股份","江苏","摩托车","xrgf","主板","20170427","","","SSE","L","江苏新日电动车股份有限公司","Jiangsu Xinri E-Vehicle Co., Ltd."
"603788.SH","603788","宁波高发","浙江","汽车配件","nbgf","主板","20150120","","","SSE","L","宁波高发汽车控制系统股份有限公司","Ningbo Gaofa Automotive Control System Co.,Ltd"
"603789.SH","603789","*ST星农","浙江","农用机械","stxn","主板","20150427","无实际控制人","无","SSE","L","星光农机股份有限公司","Thinker Agricultural Machinery Co., Ltd."
"603790.SH","603790","雅运股份","上海","染料涂料","yygf","主板","20180912","","","SSE","L","上海雅运纺织化工股份有限公司","Argus (Shanghai) Textile Chemicals Co.,Ltd."
"603797.SH","603797","联泰环保","广东","环境保护","lthb","主板","20170413","","","SSE","L","广东联泰环保股份有限公司","Guangdong Liantai Environmental Protection Co.,Ltd."
"603798.SH","603798","康普顿","山东","石油加工","kpd","主板","20160406","","","SSE","L","青岛康普顿科技股份有限公司","Qingdao Copton Technology Company Limited"
"603799.SH","603799","华友钴业","浙江","小金属","hygy","主板","20150129","谢伟通","外资企业","SSE","L","浙江华友钴业股份有限公司","Zhejiang Huayou Cobalt Co., Ltd"
"603800.SH","603800","洪田股份","江苏","专用机械","htgf","主板","20151210","赵伟斌","民营企业","SSE","L","江苏洪田科技股份有限公司","Jiangsu Hongtian Technology Co.,Ltd."
"603801.SH","603801","志邦家居","安徽","家居用品","zbjj","主板","20170630","","","SSE","L","志邦家居股份有限公司","Zbom Home Collection Co.,Ltd"
"603803.SH","603803","瑞斯康达","北京","通信设备","rskd","主板","20170420","朱春城","民营企业","SSE","L","瑞斯康达科技发展股份有限公司","Raisecom Technology Co., Ltd."
"603806.SH","603806","福斯特","浙江","塑料","fst","主板","20140905","","","SSE","L","杭州福斯特应用材料股份有限公司","Hangzhou First Applied Material Co., Ltd."
"603808.SH","603808","歌力思","深圳","服饰","gls","主板","20150422","夏国新","民营企业","SSE","L","深圳歌力思服饰股份有限公司","Shenzhen Ellassay Fashion Co., Ltd."
"603809.SH","603809","豪能股份","四川","汽车配件","hngf","主板","20171128","向朝东","民营企业","SSE","L","成都豪能科技股份有限公司","Chengdu Haoneng Technology Co., Ltd."
"603810.SH","603810","丰山集团","江苏","农药化肥","fsjt","主板","20180917","","","SSE","L","江苏丰山集团股份有限公司","Jiangsu Fengshan Group Co., Ltd"
"603811.SH","603811","诚意药业","浙江","化学制药","cyyy","主板","20170315","","","SSE","L","浙江诚意药业股份有限公司","Zhejiang Cheng Yi Pharmaceutical Co.,Ltd."
"603813.SH","603813","*ST原尚","广东","公路","stys","主板","20170918","","","SSE","L","广东原尚物流股份有限公司","Guangdong Gensho Logistics Co.,Ltd."
"603815.SH","603815","交建股份","安徽","建筑工程","jjgf","主板","20191021","","","SSE","L","安徽省交通建设股份有限公司","Anhui Gourgen Traffic Construction Co.,Ltd."
"603816.SH","603816","顾家家居","浙江","家居用品","gjjj","主板","20161014","","","SSE","L","顾家家居股份有限公司","Jason Furniture(Hangzhou)Co.,Ltd."
"603817.SH","603817","海峡环保","福建","环境保护","hxhb","主板","20170220","福州市人民政府国有资产监督管理委员会","地方国企","SSE","L","福建海峡环保集团股份有限公司","Fujian Haixia Environmental Protection Group Co.,Ltd."
"603818.SH","603818","曲美家居","北京","家居用品","qmjj","主板","20150422","","","SSE","L","曲美家居集团股份有限公司","QuMei Home Furnishings Group Co., Ltd"
"603819.SH","603819","神力股份","江苏","电气设备","slgf","主板","20161125","","","SSE","L","常州神力电机股份有限公司","Changzhou Shenli Electrical Machine Incorporated Company"
"603822.SH","603822","嘉澳环保","浙江","化工原料","jahb","主板","20160428","","","SSE","L","浙江嘉澳环保科技股份有限公司","Zhejiang Jiaao Enprotech Stock Co., Ltd."
"603823.SH","603823","百合花","浙江","染料涂料","bhh","主板","20161220","","","SSE","L","百合花集团股份有限公司","Lily Group Co.,Ltd."
"603825.SH","603825","ST华扬","湖南","互联网","sthy","主板","20170802","","","SSE","L","华扬联众数字技术股份有限公司","Hylink Digital Solutions Co., Ltd"
"603826.SH","603826","坤彩科技","福建","染料涂料","kckj","主板","20170414","","","SSE","L","福建坤彩材料科技股份有限公司","Fujian Kuncai Material Technology Co.,Ltd."
"603828.SH","603828","ST柯利达","江苏","装修装饰","stkld","主板","20150226","顾益明","民营企业","SSE","L","苏州柯利达装饰股份有限公司","Suzhou Kelida Building & Decoration Co., Ltd."
"603829.SH","603829","洛凯股份","江苏","电气设备","lkgf","主板","20171017","","","SSE","L","江苏洛凯机电股份有限公司","Jiangsu Luokai Mechanical & Electrical Co., Ltd ."
"603833.SH","603833","欧派家居","广东","家居用品","opjj","主板","20170328","","","SSE","L","欧派家居集团股份有限公司","Oppein Home Group Inc."
"603836.SH","603836","海程邦达","山东","仓储物流","hcbd","主板","20210526","唐海","民营企业","SSE","L","海程邦达供应链管理股份有限公司","Bondex Supply Chain Management Co., Ltd."
"603838.SH","603838","*ST四通","广东","家居用品","stst","主板","20150701","黄建平","民营企业","SSE","L","广东四通集团股份有限公司","Guang Dong Sitong Group Co., Ltd."
"603839.SH","603839","安正时尚","浙江","服饰","azss","主板","20170214","","","SSE","L","安正时尚集团股份有限公司","Anzheng Fashion Group Co.,Ltd"
"603843.SH","603843","*ST正平","青海","建筑工程","stzp","主板","20160905","","","SSE","L","正平路桥建设股份有限公司","Zhengping Road & Bridge Construction Co., Ltd."
"603848.SH","603848","好太太","广东","家居用品","htt","主板","20171201","","","SSE","L","广东好太太科技集团股份有限公司","Guangdong Hotata Technology Group Co.,Ltd"
"603855.SH","603855","华荣股份","上海","专用机械","hrgf","主板","20170524","","","SSE","L","华荣科技股份有限公司","Warom Technology Incorporated Company"
"603856.SH","603856","东宏股份","山东","塑料","dhgf","主板","20171106","","","SSE","L","山东东宏管业股份有限公司","Shandong Donghong Pipe Industry Co.,Ltd."
"603858.SH","603858","步长制药","山东","中成药","bczy","主板","20161118","赵涛","外资企业","SSE","L","山东步长制药股份有限公司","Shandong Buchang Pharmaceuticals Co., Ltd"
"603859.SH","603859","能科科技","北京","软件服务","nkkj","主板","20161021","祖军","民营企业","SSE","L","能科科技股份有限公司","Nancal Technology Co.,Ltd"
"603860.SH","603860","中公高科","北京","建筑工程","zggk","主板","20170802","交通运输部公路科学研究所","中央国企","SSE","L","中公高科养护科技股份有限公司","Roadmaint Co.,Ltd."
"603861.SH","603861","白云电器","广东","电气设备","bydq","主板","20160322","","","SSE","L","广州白云电器设备股份有限公司","Guangzhou Baiyun Electric Equipment Co., Ltd."
"603863.SH","603863","松炀资源","广东","造纸","syzy","主板","20190621","王壮鹏","民营企业","SSE","L","广东松炀再生资源股份有限公司","GuangDong SongYang Recycle Resources CO.,LTD"
"603866.SH","603866","桃李面包","辽宁","食品","tlmb","主板","20151222","","","SSE","L","桃李面包股份有限公司","Toly Bread Co.,Ltd."
"603867.SH","603867","新化股份","浙江","化工原料","xhgf","主板","20190627","","","SSE","L","浙江新化化工股份有限公司","Zhejiang Xinhua Chemical Co., Ltd."
"603868.SH","603868","飞科电器","上海","家用电器","fkdq","主板","20160418","","","SSE","L","上海飞科电器股份有限公司","Shanghai Flyco Electrical Appliance Co., Ltd"
"603869.SH","603869","ST智知","广西","软件服务","stzz","主板","20150326","","","SSE","L","新智认知数字科技股份有限公司","ENC Digital Technology Co., Ltd"
"603871.SH","603871","嘉友国际","北京","仓储物流","jygj","主板","20180206","","","SSE","L","嘉友国际物流股份有限公司","Jiayou International Logistics Co.,Ltd"
"603876.SH","603876","鼎胜新材","江苏","铝","dsxc","主板","20180418","","","SSE","L","江苏鼎胜新能源材料股份有限公司","Jiangsu Dingsheng New Materials Joint-Stock Co.,Ltd"
"603877.SH","603877","太平鸟","浙江","服饰","tpn","主板","20170109","","","SSE","L","宁波太平鸟时尚服饰股份有限公司","Ningbo Peacebird Fashion Co.,Ltd."
"603878.SH","603878","武进不锈","江苏","钢加工","wjbx","主板","20161219","","","SSE","L","江苏武进不锈股份有限公司","Jiangsu Wujin Stainless Steel Pipe Group Co., Ltd."
"603879.SH","603879","永悦科技","江苏","化工原料","yykj","主板","20170614","陈翔","民营企业","SSE","L","永悦科技股份有限公司","Yongyue Science&Technology Co.,Ltd"
"603880.SH","603880","南卫股份","江苏","医疗保健","nwgf","主板","20170807","","","SSE","L","江苏南方卫材医药股份有限公司","Jiangsu Nanfang Medical Co., Ltd."
"603881.SH","603881","数据港","上海","软件服务","sjg","主板","20170208","上海市静安区国有资产监督管理委员会(上海市静安区集体资产监督管理委员会)","地方国企","SSE","L","上海数据港股份有限公司","Shanghai AtHub Co., Ltd."
"603882.SH","603882","金域医学","广东","医疗保健","jyyx","主板","20170908","","","SSE","L","广州金域医学检验集团股份有限公司","Guangzhou Kingmed Diagnostics Group Co.,Ltd."
"603883.SH","603883","老百姓","湖南","医药商业","lbx","主板","20150423","","","SSE","L","老百姓大药房连锁股份有限公司","LBX Pharmacy Chain Joint Stock Company"
"603885.SH","603885","吉祥航空","上海","空运","jxhk","主板","20150527","","","SSE","L","上海吉祥航空股份有限公司","Juneyao Airlines Co., Ltd"
"603886.SH","603886","元祖股份","上海","食品","yzgf","主板","20161228","张秀琬","外资企业","SSE","L","上海元祖梦果子股份有限公司","Ganso Co., Ltd."
"603887.SH","603887","城地香江","上海","软件服务","cdxj","主板","20161010","","","SSE","L","上海城地香江数据科技股份有限公司","Shanghai CDXJ Digital Technology Co.,LTD."
"603888.SH","603888","新华网","北京","互联网","xhw","主板","20161028","","","SSE","L","新华网股份有限公司","Xinhuanet Co., Ltd"
"603889.SH","603889","新澳股份","浙江","纺织","xagf","主板","20141231","","","SSE","L","浙江新澳纺织股份有限公司","Zhejiang Xinao Textiles Inc."
"603890.SH","603890","春秋电子","江苏","元器件","cqdz","主板","20171212","","","SSE","L","苏州春秋电子科技股份有限公司","Suzhou Chunqiu Electronic Technology Co., Ltd"
"603893.SH","603893","瑞芯微","福建","半导体","rxw","主板","20200207","励民","民营企业","SSE","L","瑞芯微电子股份有限公司","Rockchip Electronics Co., Ltd."
"603895.SH","603895","天永智能","上海","专用机械","tyzn","主板","20180122","","","SSE","L","上海天永智能装备股份有限公司","Shanghai Tianyong Engineering Co.,Ltd."
"603896.SH","603896","寿仙谷","浙江","中成药","sxg","主板","20170510","","","SSE","L","浙江寿仙谷医药股份有限公司","Zhejiang Shouxiangu Pharmaceutical Co., Ltd."
"603897.SH","603897","长城科技","浙江","电气设备","cckj","主板","20180410","","","SSE","L","浙江长城电工科技股份有限公司","Zhejiang Grandwall Electric Science&Technology Co.,Ltd."
"603898.SH","603898","好莱客","广东","家居用品","hlk","主板","20150217","","","SSE","L","广州好莱客创意家居股份有限公司","Guangzhou Holike Creative Home Co.,Ltd."
"603899.SH","603899","晨光股份","上海","文教休闲","cggf","主板","20150127","","","SSE","L","上海晨光文具股份有限公司","Shanghai M&G Stationery Inc."
"603900.SH","603900","莱绅通灵","江苏","服饰","lstl","主板","20161123","沈东军","民营企业","SSE","L","莱绅通灵珠宝股份有限公司","Leysen Jewellery Inc."
"603901.SH","603901","永创智能","浙江","专用机械","yczn","主板","20150529","","","SSE","L","杭州永创智能设备股份有限公司","Hangzhou Youngsun Intelligent Equipment Co.,Ltd."
"603903.SH","603903","中持股份","北京","环境保护","zcgf","主板","20170314","无实际控制人","无","SSE","L","中持水务股份有限公司","CSD Water Service Co., Ltd."
"603906.SH","603906","龙蟠科技","江苏","电气设备","lpkj","主板","20170410","","","SSE","L","江苏龙蟠科技集团股份有限公司","Jiangsu Lopal Tech. Group Co., Ltd."
"603908.SH","603908","牧高笛","浙江","纺织","mgd","主板","20170307","","","SSE","L","牧高笛户外用品股份有限公司","Comefly Outdoor Co.,Ltd"
"603909.SH","603909","建发合诚","福建","建筑工程","jfhc","主板","20160628","黄和宾","民营企业","SSE","L","建发合诚工程咨询股份有限公司","C&D Holsin Engineering Consulting Co., Ltd."
"603912.SH","603912","佳力图","江苏","专用机械","jlt","主板","20171101","","","SSE","L","南京佳力图机房环境技术股份有限公司","Nanjing Canatal Data-Centre Environmental Tech Co.,Ltd"
"603915.SH","603915","国茂股份","江苏","机械基件","gmgf","主板","20190614","","","SSE","L","江苏国茂减速机股份有限公司","Jiangsu Guomao Reducer Co.,Ltd."
"603916.SH","603916","苏博特","江苏","化工原料","sbt","主板","20171110","","","SSE","L","江苏苏博特新材料股份有限公司","Sobute New Materials Co., Ltd"
"603917.SH","603917","合力科技","浙江","汽车配件","hlkj","主板","20171204","","","SSE","L","宁波合力科技股份有限公司","Ningbo Heli Technology Co., Ltd."
"603918.SH","603918","金桥信息","上海","软件服务","jqxx","主板","20150528","","","SSE","L","上海金桥信息股份有限公司","Shanghai Golden Bridge InfoTech Co., Ltd"
"603919.SH","603919","金徽酒","甘肃","白酒","jhj","主板","20160310","郭广昌","民营企业","SSE","L","金徽酒股份有限公司","Jinhui Liquor Co.,Ltd."
"603920.SH","603920","世运电路","广东","元器件","sydl","主板","20170426","","","SSE","L","广东世运电路科技股份有限公司","Olympic Circuit Technology Co.,Ltd"
"603922.SH","603922","金鸿顺","江苏","汽车配件","jhs","主板","20171023","洪建沧","外资企业","SSE","L","苏州金鸿顺汽车部件股份有限公司","Suzhou Jinhongshun Auto Parts Co., Ltd."
"603926.SH","603926","铁流股份","浙江","汽车配件","tlgf","主板","20170510","国宁","民营企业","SSE","L","铁流股份有限公司","Tieliu Co.,Ltd"
"603927.SH","603927","中科软","北京","软件服务","zkr","主板","20190909","","","SSE","L","中科软科技股份有限公司","Sinosoft Co., Ltd"
"603928.SH","603928","兴业股份","江苏","化工原料","xygf","主板","20161212","","","SSE","L","苏州兴业材料科技股份有限公司","Suzhou Xingye Materials Technology Co., Ltd."
"603929.SH","603929","亚翔集成","江苏","装修装饰","yxjc","主板","20161230","姚祖骧","外资企业","SSE","L","亚翔系统集成科技(苏州)股份有限公司","L&K Engineering (Suzhou) Co.,Ltd."
"603931.SH","603931","格林达","浙江","化工原料","gld","主板","20200819","黄招有","民营企业","SSE","L","杭州格林达电子材料股份有限公司","Hangzhou Greenda Electronic Materials Co., Ltd"
"603933.SH","603933","睿能科技","福建","元器件","rnkj","主板","20170706","杨维坚","外资企业","SSE","L","福建睿能科技股份有限公司","Fujian Raynen Technology Co.,Ltd"
"603936.SH","603936","博敏电子","广东","元器件","bmdz","主板","20151209","","","SSE","L","博敏电子股份有限公司","Bomin Electronics Co.,Ltd."
"603937.SH","603937","丽岛新材","江苏","铝","ldxc","主板","20171102","","","SSE","L","江苏丽岛新材料股份有限公司","Jiangsu Lidao New Material Co., Ltd."
"603938.SH","603938","三孚股份","河北","化工原料","sfgf","主板","20170628","","","SSE","L","唐山三孚硅业股份有限公司","Tangshan Sunfar Silicon Industries Co.,Ltd."
"603939.SH","603939","益丰药房","湖南","医药商业","yfyf","主板","20150217","","","SSE","L","益丰大药房连锁股份有限公司","Yifeng Pharmacy Chain Co., Ltd."
"603948.SH","603948","建业股份","浙江","化工原料","jygf","主板","20200302","冯烈","民营企业","SSE","L","浙江建业化工股份有限公司","Zhejiang Jianye Chemical Co., Ltd."
"603949.SH","603949","雪龙集团","浙江","汽车配件","xljt","主板","20200310","","","SSE","L","雪龙集团股份有限公司","Xuelong Group Co., Ltd"
"603950.SH","603950","长源东谷","湖北","汽车配件","cydg","主板","20200526","李佐元","外资企业","SSE","L","襄阳长源东谷实业股份有限公司","Xiangyang Changyuandonggu Industry Co.,Ltd."
"603955.SH","603955","大千生态","江苏","建筑工程","dqst","主板","20170310","","","SSE","L","大千生态环境集团股份有限公司","Daqian Ecology & Environment Group Co., Ltd."
"603956.SH","603956","威派格","上海","专用机械","wpg","主板","20190222","","","SSE","L","上海威派格智慧水务股份有限公司","WPG (Shanghai) Smart Water Public Co.,Ltd"
"603958.SH","603958","哈森股份","江苏","服饰","hsgf","主板","20160629","陈玉珍","外资企业","SSE","L","哈森商贸(中国)股份有限公司","Harson Trading(China)Co., Ltd."
"603959.SH","603959","百利科技","湖南","建筑工程","blkj","主板","20160517","","","SSE","L","湖南百利工程科技股份有限公司","Hunan Baili Engineering Sci&Tech Co.,Ltd"
"603960.SH","603960","克来机电","上海","汽车配件","kljd","主板","20170314","","","SSE","L","上海克来机电自动化工程股份有限公司","Shanghai Kelai Mechatronics Engineering Co.,Ltd."
"603966.SH","603966","法兰泰克","江苏","专用机械","fltk","主板","20170125","","","SSE","L","法兰泰克重工股份有限公司","Eurocrane(China) Co., Ltd."
"603967.SH","603967","中创物流","山东","仓储物流","zcwl","主板","20190429","","","SSE","L","中创物流股份有限公司","China Master Logistics Co., Ltd."
"603968.SH","603968","醋化股份","江苏","化工原料","chgf","主板","20150518","","","SSE","L","南通醋酸化工股份有限公司","Nantong Acetic Acid Chemical Co.,Ltd."
"603969.SH","603969","银龙股份","天津","其他建材","ylgf","主板","20150227","谢志峰","民营企业","SSE","L","天津银龙预应力材料股份有限公司","Silvery Dragon Prestressed Materials Co., Ltd.Tianjin"
"603970.SH","603970","中农立华","北京","农药化肥","znlh","主板","20171116","","","SSE","L","中农立华生物科技股份有限公司","Sino-Agri Leading Biosciences Co.,Ltd"
"603976.SH","603976","正川股份","重庆","医疗保健","zcgf","主板","20170822","","","SSE","L","重庆正川医药包装材料股份有限公司","ChongQing Zhengchuan Pharmaceutical Packaging Co.,Ltd"
"603977.SH","603977","国泰集团","江西","化工原料","gtjt","主板","20161111","江西省国有资产监督管理委员会","地方国企","SSE","L","江西国泰集团股份有限公司","Jiangxi Guotai Group Co.,Ltd."
"603978.SH","603978","深圳新星","深圳","小金属","szxx","主板","20170807","","","SSE","L","深圳市新星轻合金材料股份有限公司","Shen Zhen Sunxing Light Alloys Materials Co.,Ltd."
"603979.SH","603979","金诚信","北京","铜","jcx","主板","20150630","","","SSE","L","金诚信矿业管理股份有限公司","JCHX Mining Management Co.,Ltd."
"603980.SH","603980","吉华集团","浙江","染料涂料","jhjt","主板","20170615","邵伯金","民营企业","SSE","L","浙江吉华集团股份有限公司","Zhejiang Jihua Group Co.,Ltd"
"603982.SH","603982","泉峰汽车","江苏","汽车配件","qfqc","主板","20190522","潘龙泉","外资企业","SSE","L","南京泉峰汽车精密技术股份有限公司","Nanjing Chervon Auto Precision Technology Co.,Ltd"
"603983.SH","603983","丸美生物","广东","日用化工","wmsw","主板","20190725","孙怀庆","民营企业","SSE","L","广东丸美生物技术股份有限公司","Guangdong Marubi Biotechnology Co., Ltd."
"603985.SH","603985","恒润股份","江苏","电气设备","hrgf","主板","20170505","山东省济宁市人民政府国有资产监督管理委员会","地方国企","SSE","L","江阴市恒润重工股份有限公司","Jiangyin Hengrun Heavy Industries Co.,Ltd"
"603986.SH","603986","兆易创新","北京","半导体","zycx","主板","20160818","","","SSE","L","兆易创新科技集团股份有限公司","Gigadevice Semiconductor Inc."
"603987.SH","603987","康德莱","上海","医疗保健","kdl","主板","20161121","","","SSE","L","上海康德莱企业发展集团股份有限公司","Shanghai Kindly Enterprise Development Group Co.,Ltd."
"603988.SH","603988","中电电机","江苏","电气设备","zddj","主板","20141104","","","SSE","L","中电电机股份有限公司","SEC Electric Machinery Co., Ltd."
"603989.SH","603989","艾华集团","湖南","元器件","ahjt","主板","20150515","","","SSE","L","湖南艾华集团股份有限公司","Hunan Aihua Group Co.,Ltd."
"603990.SH","603990","麦迪科技","江苏","软件服务","mdkj","主板","20161208","绵阳市安州区国有资产监督管理办公室","地方国企","SSE","L","苏州麦迪斯顿医疗科技股份有限公司","Suzhou Medicalsystem Technology Co.,Ltd."
"603991.SH","603991","至正股份","深圳","塑料","zzgf","主板","20170308","王强","民营企业","SSE","L","深圳至正高分子材料股份有限公司","Shenzhen Original Advanced Compounds Co., Ltd."
"603992.SH","603992","松霖科技","福建","家居用品","slkj","主板","20190826","","","SSE","L","厦门松霖科技股份有限公司","Xiamen Solex High-Tech Industries Co., Ltd."
"603993.SH","603993","洛阳钼业","河南","小金属","lymy","主板","20121009","","","SSE","L","洛阳栾川钼业集团股份有限公司","CMOC Group Limited"
"603995.SH","603995","甬金股份","浙江","特种钢","yjgf","主板","20191224","虞纪群","外资企业","SSE","L","甬金科技集团股份有限公司","Yongjin Technology Group Co., Ltd"
"603997.SH","603997","继峰股份","浙江","汽车配件","jfgf","主板","20150302","","","SSE","L","宁波继峰汽车零部件股份有限公司","Ningbo Jifeng Auto Parts Co., Ltd."
"603998.SH","603998","方盛制药","湖南","中成药","fszy","主板","20141205","","","SSE","L","湖南方盛制药股份有限公司","Hunan Fangsheng Pharmaceutical Co.,Ltd"
"603999.SH","603999","读者传媒","甘肃","出版业","dzcm","主板","20151210","","","SSE","L","读者出版传媒股份有限公司","Duzhe Publish&Media Co.,Ltd"
"605001.SH","605001","威奥股份","山东","运输设备","wagf","主板","20200522","孙汉本","民营企业","SSE","L","青岛威奥轨道股份有限公司","Qingdao Victall Railway Co., Ltd."
"605003.SH","605003","众望布艺","浙江","纺织","zwby","主板","20200908","杨林山","民营企业","SSE","L","众望布艺股份有限公司","Zhongwang Fabric Co., Ltd."
"605005.SH","605005","合兴股份","浙江","汽车配件","hxgf","主板","20210119","陈文葆","民营企业","SSE","L","合兴汽车电子股份有限公司","CWB Automotive Electronics Co., Ltd."
"605006.SH","605006","山东玻纤","山东","玻璃","sdbx","主板","20200903","山东省人民政府国有资产监督管理委员会","地方国企","SSE","L","山东玻纤集团股份有限公司","Shandong Fiberglass Group Co., Ltd"
"605007.SH","605007","五洲特纸","浙江","造纸","wztz","主板","20201110","赵磊","民营企业","SSE","L","五洲特种纸业集团股份有限公司","Wuzhou Special Paper Group Co., Ltd."
"605008.SH","605008","长鸿高科","浙江","橡胶","chgk","主板","20200821","陶春风","民营企业","SSE","L","宁波长鸿高分子科技股份有限公司","Ningbo Changhong Polymer Scientific and Technical Inc."
"605009.SH","605009","豪悦护理","浙江","造纸","hyhl","主板","20200911","李志彪","民营企业","SSE","L","杭州豪悦护理用品股份有限公司","Hangzhou Haoyue Personal Care Co., Ltd"
"605011.SH","605011","杭州热电","浙江","供气供热","hzrd","主板","20210630","杭州市城市建设投资集团有限公司","地方国企","SSE","L","杭州热电集团股份有限公司","Hangzhou Cogeneration Group Co., Ltd."
"605016.SH","605016","百龙创园","山东","食品","blcy","主板","20210421","窦宝德","民营企业","SSE","L","山东百龙创园生物科技股份有限公司","Shandong Bailong Chuangyuan Bio-Tech Co., Ltd."
"605018.SH","605018","长华集团","浙江","汽车配件","chjt","主板","20200929","王长土","民营企业","SSE","L","长华控股集团股份有限公司","Changhua Holding Group Co., Ltd."
"605020.SH","605020","永和股份","浙江","化工原料","yhgf","主板","20210709","童建国","民营企业","SSE","L","浙江永和制冷股份有限公司","Zhejiang Yonghe Refrigerant Co., Ltd."
"605028.SH","605028","世茂能源","浙江","供气供热","smny","主板","20210712","李立峰","民营企业","SSE","L","宁波世茂能源股份有限公司","Ningbo Shimao Energy Co.,Ltd."
"605033.SH","605033","美邦股份","陕西","农药化肥","mbgf","主板","20210916","张少武","民营企业","SSE","L","陕西美邦药业集团股份有限公司","Shaanxi Meibang Pharmaceutical Group Co., Ltd."
"605050.SH","605050","福然德","上海","仓储物流","frd","主板","20200924","崔建华","民营企业","SSE","L","福然德股份有限公司","Friend Co.,Ltd."
"605055.SH","605055","迎丰股份","浙江","纺织","yfgf","主板","20210129","傅双利","民营企业","SSE","L","浙江迎丰科技股份有限公司","Zhejiang Yingfeng Technology Co.,Ltd."
"605056.SH","605056","咸亨国际","浙江","电器仪表","xhgj","主板","20210720","王来兴","民营企业","SSE","L","咸亨国际科技股份有限公司","Xianheng International Science&Technology Co., Ltd."
"605058.SH","605058","澳弘电子","江苏","元器件","ahdz","主板","20201021","陈定红","民营企业","SSE","L","常州澳弘电子股份有限公司","Changzhou Aohong Electronics Co., Ltd."
"605060.SH","605060","联德股份","浙江","机械基件","ldgf","主板","20210301","孙袁","民营企业","SSE","L","杭州联德精密机械股份有限公司","Allied Machinery Co.,Ltd."
"605066.SH","605066","天正电气","浙江","电气设备","tzdq","主板","20200807","高天乐","民营企业","SSE","L","浙江天正电气股份有限公司","Zhejiang Tengen Electrics Co.,Ltd."
"605068.SH","605068","明新旭腾","浙江","汽车配件","mxxt","主板","20201123","庄君新","民营企业","SSE","L","明新旭腾新材料股份有限公司","Mingxin New Material Co.,Ltd."
"605069.SH","605069","正和生态","北京","环境保护","zhst","主板","20210816","张熠君","民营企业","SSE","L","北京正和恒基滨水生态环境治理股份有限公司","Beijing ZEHO Waterfront Ecological Environment Treatment Co.,Ltd."
"605077.SH","605077","华康股份","浙江","食品","hkgf","主板","20210209","陈德水","民营企业","SSE","L","浙江华康药业股份有限公司","Zhejiang Huakang Pharmaceutical Co., Ltd."
"605080.SH","605080","浙江自然","浙江","文教休闲","zjzr","主板","20210506","夏永辉","民营企业","SSE","L","浙江大自然户外用品股份有限公司","Zhejiang Natural Outdoor Goods Inc."
"605081.SH","605081","*ST太和","上海","环境保护","stth","主板","20210209","何文辉","民营企业","SSE","L","上海太和水科技发展股份有限公司","Shanghai Taihe Water Technology Development Co., Ltd."
"605086.SH","605086","龙高股份","福建","矿物制品","lggf","主板","20210416","福建省龙岩市人民政府国有资产监督管理委员会","地方国企","SSE","L","龙岩高岭土股份有限公司","Longyan Kaolin Clay Co., Ltd."
"605088.SH","605088","冠盛股份","浙江","汽车配件","gsgf","主板","20200817","周家儒","民营企业","SSE","L","温州市冠盛汽车零部件集团股份有限公司","GSP Automotive Group Wenzhou Co., Ltd"
"605089.SH","605089","味知香","江苏","食品","wzx","主板","20210427","夏靖","民营企业","SSE","L","苏州市味知香食品股份有限公司","Suzhou Weizhixiang Food Co., Ltd."
"605090.SH","605090","九丰能源","江西","供气供热","jfny","主板","20210525","张建国","民营企业","SSE","L","江西九丰能源股份有限公司","Jiangxi Jovo Energy Co., Ltd."
"605098.SH","605098","行动教育","上海","文教休闲","xdjy","主板","20210421","李践","外资企业","SSE","L","上海行动教育科技股份有限公司","Shanghai Action Education Technology Co.,Ltd."
"605099.SH","605099","共创草坪","江苏","文教休闲","gccp","主板","20200930","王强翔","民营企业","SSE","L","江苏共创人造草坪股份有限公司","Cocreation Grass Co., Ltd"
"605100.SH","605100","华丰股份","山东","机械基件","hfgf","主板","20200811","徐华东","民营企业","SSE","L","华丰动力股份有限公司","Power HF Co., Ltd."
"605108.SH","605108","同庆楼","安徽","酒店餐饮","tql","主板","20200716","","","SSE","L","同庆楼餐饮股份有限公司","TongQingLou Catering Corporation Limited."
"605111.SH","605111","新洁能","江苏","半导体","xjn","主板","20200928","朱袁正","民营企业","SSE","L","无锡新洁能股份有限公司","Wuxi Nce Power Co.,Ltd."
"605116.SH","605116","奥锐特","浙江","化学制药","art","主板","20200921","彭志恩","民营企业","SSE","L","奥锐特药业股份有限公司","Aurisco Pharmaceutical Co.,Ltd."
"605117.SH","605117","德业股份","浙江","电气设备","dygf","主板","20210420","张和君","民营企业","SSE","L","宁波德业科技股份有限公司","Ningbo Deye Technology Co., Ltd"
"605118.SH","605118","力鼎光电","福建","元器件","ldgd","主板","20200730","吴富宝","民营企业","SSE","L","厦门力鼎光电股份有限公司","Xiamen Leading Optics Co., Ltd."
"605122.SH","605122","四方新材","重庆","水泥","sfxc","主板","20210310","李德志","民营企业","SSE","L","重庆四方新材股份有限公司","Chongqing Sifang New Material Co., Ltd."
"605123.SH","605123","派克新材","江苏","航空","pkxc","主板","20200825","是玉丰","民营企业","SSE","L","无锡派克新材料科技股份有限公司","Wuxi Paike New Materials Technology Co.,Ltd."
"605128.SH","605128","上海沿浦","上海","汽车配件","shyp","主板","20200915","周建清","民营企业","SSE","L","上海沿浦精工科技(集团)股份有限公司","Shanghai Yanpu Precision Technology (Group) Co., Ltd."
"605133.SH","605133","嵘泰股份","江苏","汽车配件","rtgf","主板","20210224","夏诚亮","民营企业","SSE","L","江苏嵘泰工业股份有限公司","Jiangsu Rongtai Industry Co., Ltd."
"605136.SH","605136","丽人丽妆","上海","其他商业","lrlz","主板","20200929","黄韬","民营企业","SSE","L","上海丽人丽妆化妆品股份有限公司","Shanghai Lily & Beauty Cosmetics Co.,Ltd."
"605138.SH","605138","盛泰集团","浙江","服饰","stjt","主板","20211027","徐磊","外资企业","SSE","L","盛泰智造集团股份有限公司","Sunrise Intelligent Manufacturing Group Co.,Ltd."
"605151.SH","605151","西上海","上海","汽车配件","xsh","主板","20201215","","","SSE","L","西上海汽车服务股份有限公司","West Shanghai Automotive Service Co.,Ltd."
"605155.SH","605155","西大门","浙江","家居用品","xdm","主板","20201231","柳庆华","民营企业","SSE","L","浙江西大门新材料股份有限公司","Zhejiang Xidamen New Material Co., Ltd."
"605158.SH","605158","华达新材","浙江","钢加工","hdxc","主板","20200805","邵明祥","民营企业","SSE","L","浙江华达新型材料股份有限公司","Zhejiang Huada New Materials Co., Ltd."
"605162.SH","605162","新中港","浙江","供气供热","xzg","主板","20210707","谢百军","民营企业","SSE","L","浙江新中港热电股份有限公司","Zhejiang Xinzhonggang Thermal Power Co., LTD."
"605166.SH","605166","聚合顺","浙江","化纤","jhs","主板","20200618","傅昌宝","民营企业","SSE","L","聚合顺新材料股份有限公司","Juheshun Advanced Material Co.,Ltd"
"605167.SH","605167","利柏特","江苏","建筑工程","lbt","主板","20210726","沈斌强","民营企业","SSE","L","江苏利柏特股份有限公司","Jiangsu Libert Inc."
"605168.SH","605168","三人行","陕西","互联网","srx","主板","20200528","钱俊冬","民营企业","SSE","L","三人行传媒集团股份有限公司","Three's Company Media Group Co., Ltd."
"605169.SH","605169","洪通燃气","新疆","供气供热","htrq","主板","20201030","刘洪兵","民营企业","SSE","L","新疆洪通燃气股份有限公司","Xinjiang Hongtong Natural Gas Co., Ltd."
"605177.SH","605177","东亚药业","浙江","化学制药","dyyy","主板","20201125","池正明","民营企业","SSE","L","浙江东亚药业股份有限公司","Zhejiang East-Asia Pharmaceutical Co., Ltd."
"605178.SH","605178","时空科技","北京","装修装饰","skkj","主板","20200821","宫殿海","民营企业","SSE","L","北京新时空科技股份有限公司","Beijing New Space Technology Co., Ltd."
"605179.SH","605179","一鸣食品","浙江","乳制品","ymsp","主板","20201228","朱立科","民营企业","SSE","L","浙江一鸣食品股份有限公司","Zhejiang Yiming Food Co., Ltd."
"605180.SH","605180","华生科技","浙江","纺织","hskj","主板","20210430","","","SSE","L","浙江华生科技股份有限公司","Zhejiang Huasheng Technology Co.,Ltd"
"605183.SH","605183","确成股份","江苏","化工原料","qcgf","主板","20201207","阙伟东","外资企业","SSE","L","确成硅化学股份有限公司","Quechen Silicon Chemical Co.,Ltd."
"605186.SH","605186","健麾信息","上海","专用机械","jhxx","主板","20201222","戴建伟","民营企业","SSE","L","上海健麾信息技术股份有限公司","Shanghai General Healthy Information and Technology Co., Ltd."
"605188.SH","605188","国光连锁","江西","超市连锁","ggls","主板","20200728","胡金根","民营企业","SSE","L","江西国光商业连锁股份有限公司","Jiangxi Guoguang Commercial Chains Co., Ltd."
"605189.SH","605189","富春染织","安徽","纺织","fcrz","主板","20210528","何培富","民营企业","SSE","L","芜湖富春染织股份有限公司","Wuhu Fuchun Dye and Weave Co.,Ltd."
"605196.SH","605196","华通线缆","河北","电气设备","htxl","主板","20210511","张文东","民营企业","SSE","L","河北华通线缆集团股份有限公司","Hebei Huatong Wires & Cables Group Co.,Ltd"
"605198.SH","605198","安德利","山东","软饮料","adl","主板","20200918","王安","民营企业","SSE","L","烟台北方安德利果汁股份有限公司","Yantai North Andre Juice Co., Ltd."
"605199.SH","605199","ST葫芦娃","海南","中成药","sthlw","主板","20200710","刘景萍","民营企业","SSE","L","海南葫芦娃药业集团股份有限公司","Hainan Huluwa Pharmaceutical Group Co., Ltd."
"605208.SH","605208","永茂泰","上海","铝","ymt","主板","20210308","徐宏","民营企业","SSE","L","上海永茂泰汽车科技股份有限公司","Shanghai Yongmaotai Automotive Technology Co., Ltd"
"605218.SH","605218","伟时电子","江苏","元器件","wsdz","主板","20200928","渡边庸一","外资企业","SSE","L","伟时电子股份有限公司","Ways Electron Co.,Ltd."
"605222.SH","605222","起帆电缆","上海","电气设备","qfdl","主板","20200731","周供华","民营企业","SSE","L","上海起帆电缆股份有限公司","Shanghai QiFan Cable Co., Ltd"
"605228.SH","605228","神通科技","浙江","汽车配件","stkj","主板","20210120","","","SSE","L","神通科技集团股份有限公司","Shentong Technology Group Co.,Ltd."
"605255.SH","605255","天普股份","浙江","汽车配件","tpgf","主板","20200825","尤建义","民营企业","SSE","L","宁波市天普橡胶科技股份有限公司","Ningbo TIP Rubber Technology Co.,Ltd."
"605258.SH","605258","协和电子","江苏","元器件","xhdz","主板","20201203","张南国","民营企业","SSE","L","江苏协和电子股份有限公司","Jiangsu Xiehe Electronic Co.,Ltd."
"605259.SH","605259","绿田机械","浙江","农用机械","ltjx","主板","20210615","罗昌国","民营企业","SSE","L","绿田机械股份有限公司","Lutian Machinery Co., Ltd."
"605266.SH","605266","健之佳","云南","医药商业","jzj","主板","20201201","蓝波","民营企业","SSE","L","健之佳医药连锁集团股份有限公司","JZJ Chain Drugstore Corporation"
"605268.SH","605268","王力安防","浙江","家居用品","wlaf","主板","20210224","王跃斌","民营企业","SSE","L","王力安防科技股份有限公司","Wangli Security & Surveillance Product Co., Ltd"
"605277.SH","605277","新亚电子","浙江","元器件","xydz","主板","20210106","赵战兵","民营企业","SSE","L","新亚电子股份有限公司","Xinya Electronic Co., Ltd"
"605286.SH","605286","同力日升","江苏","运输设备","tlrs","主板","20210322","李国平","民营企业","SSE","L","江苏同力日升机械股份有限公司","Jiangsu Tongli Risheng Machinery Co., Ltd."
"605287.SH","605287","德才股份","山东","装修装饰","dcgf","主板","20210706","叶德才","民营企业","SSE","L","德才装饰股份有限公司","Decai Decoration Co.,Ltd"
"605288.SH","605288","凯迪股份","江苏","电气设备","kdgf","主板","20200601","周荣清","民营企业","SSE","L","常州市凯迪电器股份有限公司","ChangZhou KAIDI Electrical Inc."
"605289.SH","605289","罗曼股份","上海","建筑工程","lmgf","主板","20210426","孙建鸣","民营企业","SSE","L","上海罗曼科技股份有限公司","Shanghai Luoman Technologies Inc."
"605296.SH","605296","神农集团","云南","农业综合","snjt","主板","20210528","何祖训","民营企业","SSE","L","云南神农农业产业集团股份有限公司","Yunnan Shennong Agricultural Industry Group Co.,Ltd."
"605298.SH","605298","必得科技","江苏","运输设备","bdkj","主板","20210301","王坚群","民营企业","SSE","L","江苏必得科技股份有限公司","Jiangsu Bide Science and Technology Co., Ltd."
"605299.SH","605299","舒华体育","福建","文教休闲","shty","主板","20201215","张维建","民营企业","SSE","L","舒华体育股份有限公司","Shuhua Sports Co., Ltd."
"605300.SH","605300","佳禾食品","江苏","乳制品","jhsp","主板","20210430","柳新荣","民营企业","SSE","L","佳禾食品工业股份有限公司","Jiahe Foods Industry Co., Ltd."
"605303.SH","605303","园林股份","浙江","建筑工程","ylgf","主板","20210301","吴光洪","民营企业","SSE","L","杭州市园林绿化股份有限公司","Hangzhou Landscaping Co.,Ltd."
"605305.SH","605305","中际联合","北京","工程机械","zjlh","主板","20210506","刘志欣","民营企业","SSE","L","中际联合(北京)科技股份有限公司","3S Industry Group Inc."
"605318.SH","605318","法狮龙","浙江","其他建材","fsl","主板","20200803","沈正华","民营企业","SSE","L","法狮龙家居建材股份有限公司","Fsilon Furnishing and Construction Materials Corporation"
"605319.SH","605319","无锡振华","江苏","汽车配件","wxzh","主板","20210607","钱犇","民营企业","SSE","L","无锡市振华汽车部件股份有限公司","Wuxi Zhenhua Auto Parts Co., Ltd."
"605333.SH","605333","沪光股份","江苏","汽车配件","hggf","主板","20200818","成三荣","民营企业","SSE","L","昆山沪光汽车电器股份有限公司","Kunshan Huguang Auto Harness Co., Ltd."
"605336.SH","605336","帅丰电器","浙江","家用电器","sfdq","主板","20201019","商若云","民营企业","SSE","L","浙江帅丰电器股份有限公司","Zhejiang Sanfer Electric Co., Ltd"
"605337.SH","605337","李子园","浙江","乳制品","lzy","主板","20210208","李国平","民营企业","SSE","L","浙江李子园食品股份有限公司","Zhe Jiang Li Zi Yuan Food Co.,Ltd."
"605338.SH","605338","巴比食品","上海","食品","bbsp","主板","20201012","刘会平","民营企业","SSE","L","中饮巴比食品股份有限公司","Zhongyin Babi Food Co.,Ltd"
"605339.SH","605339","南侨食品","上海","食品","nqsp","主板","20210518","陈正文","外资企业","SSE","L","南侨食品集团(上海)股份有限公司","Namchow Food Group( Shanghai) Co., Ltd."
"605358.SH","605358","立昂微","浙江","半导体","law","主板","20200911","王敏文","民营企业","SSE","L","杭州立昂微电子股份有限公司","Hangzhou Lion Microelectronics Co.,Ltd"
"605365.SH","605365","立达信","福建","家用电器","ldx","主板","20210720","李江淮","民营企业","SSE","L","立达信物联科技股份有限公司","Leedarson Iot Technology Inc."
"605366.SH","605366","宏柏新材","江西","化工原料","hbxc","主板","20200812","纪金树","外资企业","SSE","L","江西宏柏新材料股份有限公司","Jiangxi Hungpai New Material Co., Ltd."
"605368.SH","605368","蓝天燃气","河南","供气供热","ltrq","主板","20210129","","","SSE","L","河南蓝天燃气股份有限公司","Henan Lantian Gas Co.,Ltd."
"605369.SH","605369","拱东医疗","浙江","医疗保健","gdyl","主板","20200916","施慧勇","民营企业","SSE","L","浙江拱东医疗器械股份有限公司","Zhejiang Gongdong Medical Technology Co.,Ltd."
"605376.SH","605376","博迁新材","江苏","小金属","bqxc","主板","20201208","王利平","民营企业","SSE","L","江苏博迁新材料股份有限公司","Jiangsu Boqian New Materials Stock Co., Ltd."
"605377.SH","605377","华旺科技","浙江","造纸","hwkj","主板","20201228","钭江浩","民营企业","SSE","L","杭州华旺新材料科技股份有限公司","Hangzhou Huawang New Material Technology Co.,Ltd."
"605378.SH","605378","野马电池","浙江","电气设备","ymdc","主板","20210412","陈一军","民营企业","SSE","L","浙江野马电池股份有限公司","Zhejiang Mustang Battery Co., Ltd"
"605388.SH","605388","均瑶健康","湖北","乳制品","jyjk","主板","20200818","","","SSE","L","湖北均瑶大健康饮品股份有限公司","Juneyao Grand Healthy Drinks Co.,Ltd."
"605389.SH","605389","长龄液压","江苏","机械基件","clyy","主板","20210322","","","SSE","L","江苏长龄液压股份有限公司","JiangSu Changling Hydraulic Co.,Ltd"
"605398.SH","605398","新炬网络","上海","软件服务","xjwl","主板","20210121","孙星炎","民营企业","SSE","L","上海新炬网络信息技术股份有限公司","Shanghai New Centurion Network Information Technology Co., Ltd."
"605399.SH","605399","晨光新材","江西","化工原料","cgxc","主板","20200804","丁建峰","民营企业","SSE","L","江西晨光新材料股份有限公司","Jiang Xi Chenguang New Materials Company Limited"
"605488.SH","605488","福莱新材","浙江","塑料","flxc","主板","20210513","夏厚君","民营企业","SSE","L","浙江福莱新材料股份有限公司","Zhejiang Fulai New Material Co., Ltd."
"605499.SH","605499","东鹏饮料","深圳","软饮料","dpyl","主板","20210527","林木勤","民营企业","SSE","L","东鹏饮料(集团)股份有限公司","Eastroc Beverage (Group) Co.,Ltd."
"605500.SH","605500","森林包装","浙江","造纸","slbz","主板","20201222","林启军","民营企业","SSE","L","森林包装集团股份有限公司","Forest Packaging Group Co.,Ltd."
"605507.SH","605507","国邦医药","浙江","化学制药","gbyy","主板","20210802","邱家军","民营企业","SSE","L","国邦医药集团股份有限公司","Guobang Pharma Ltd."
"605555.SH","605555","德昌股份","浙江","家用电器","dcgf","主板","20211021","黄裕昌","民营企业","SSE","L","宁波德昌电机股份有限公司","Ningbo Dechang Electrical Machinery Made Co., Ltd."
"605566.SH","605566","福莱蒽特","浙江","染料涂料","flet","主板","20211025","李百春","民营企业","SSE","L","杭州福莱蒽特股份有限公司","Hangzhou Flariant Co., Ltd"
"605567.SH","605567","春雪食品","山东","食品","cxsp","主板","20211013","郑维新","民营企业","SSE","L","春雪食品集团股份有限公司","Springsnow Food Group Co., Ltd."
"605577.SH","605577","龙版传媒","黑龙江","出版业","lbcm","主板","20210824","黑龙江出版集团有限公司","地方国企","SSE","L","黑龙江出版传媒股份有限公司","Heilongjiang Publishing&Media Holdings Co., Ltd"
"605580.SH","605580","恒盛能源","浙江","供气供热","hsny","主板","20210819","余国旭","民营企业","SSE","L","恒盛能源股份有限公司","Hengsheng Energy Co.,Ltd."
"605588.SH","605588","冠石科技","江苏","元器件","gskj","主板","20210812","张建巍","民营企业","SSE","L","南京冠石科技股份有限公司","Keystone Technology Co.,Ltd."
"605589.SH","605589","圣泉集团","山东","化工原料","sqjt","主板","20210810","唐一林","民营企业","SSE","L","济南圣泉集团股份有限公司","Jinan Shengquan Group Share Holding Co.,Ltd."
"605598.SH","605598","上海港湾","上海","建筑工程","shgw","主板","20210917","徐士龙","民营企业","SSE","L","上海港湾基础建设(集团)股份有限公司","Shanghai Geoharbour Construction Group Co., Ltd."
"605599.SH","605599","菜百股份","北京","服饰","cbgf","主板","20210909","北京市西城区人民政府国有资产监督管理委员会","地方国企","SSE","L","北京菜市口百货股份有限公司","Beijing Caishikou Department Store Co.,Ltd."
"688001.SH","688001","华兴源创","江苏","专用机械","hxyc","科创板","20190722","","","SSE","L","苏州华兴源创科技股份有限公司","Suzhou HYC Technology Co.,Ltd"
"688002.SH","688002","睿创微纳","山东","通信设备","rcwn","科创板","20190722","","","SSE","L","烟台睿创微纳技术股份有限公司","Raytron Technology Co.,Ltd."
"688003.SH","688003","天准科技","江苏","专用机械","tzkj","科创板","20190722","","","SSE","L","苏州天准科技股份有限公司","Suzhou Tztek Technology Co.,Ltd"
"688004.SH","688004","博汇科技","北京","软件服务","bhkj","科创板","20200612","","","SSE","L","北京市博汇科技股份有限公司","Beijing Bohui Science & Technology Co.,Ltd"
"688005.SH","688005","容百科技","浙江","电气设备","rbkj","科创板","20190722","","","SSE","L","宁波容百新能源科技股份有限公司","Ningbo Ronbay New Energy Technology Co.,Ltd."
"688006.SH","688006","杭可科技","浙江","电气设备","hkkj","科创板","20190722","","","SSE","L","浙江杭可科技股份有限公司","Zhejiang Hangke Technology Incorporated Company"
"688007.SH","688007","光峰科技","深圳","元器件","gfkj","科创板","20190722","","","SSE","L","深圳光峰科技股份有限公司","Appotronics Corporation Limited"
"688008.SH","688008","澜起科技","上海","半导体","lqkj","科创板","20190722","","","SSE","L","澜起科技股份有限公司","Montage Technology Co.,Ltd"
"688009.SH","688009","中国通号","北京","运输设备","zgth","科创板","20190722","","","SSE","L","中国铁路通信信号股份有限公司","China Railway Signal & Communication Corporation Limited"
"688010.SH","688010","福光股份","福建","元器件","fggf","科创板","20190722","","","SSE","L","福建福光股份有限公司","Fujian Forecam Optics Co.,Ltd."
"688011.SH","688011","新光光电","黑龙江","元器件","xggd","科创板","20190722","","","SSE","L","哈尔滨新光光电科技股份有限公司","Harbin Xinguang Optic-Electronics Technology Co.,Ltd."
"688012.SH","688012","中微公司","上海","半导体","zwgs","科创板","20190722","","","SSE","L","中微半导体设备(上海)股份有限公司","Advanced Micro-Fabrication Equipment Inc. China"
"688013.SH","688013","天臣医疗","江苏","医疗保健","tcyl","科创板","20200928","","","SSE","L","天臣国际医疗科技股份有限公司","Touchstone International Medical Science Co., Ltd."
"688015.SH","688015","交控科技","北京","运输设备","jkkj","科创板","20190722","","","SSE","L","交控科技股份有限公司","Traffic Control Technology Co., Ltd."
"688016.SH","688016","心脉医疗","上海","医疗保健","xmyl","科创板","20190722","","","SSE","L","上海微创心脉医疗科技(集团)股份有限公司","Shanghai Microport Endovascular Medtech(Group) Co.,Ltd."
"688017.SH","688017","绿的谐波","江苏","机械基件","ldxb","科创板","20200828","","","SSE","L","苏州绿的谐波传动科技股份有限公司","Leader Harmonious Drive Systems Co., Ltd"
"688018.SH","688018","乐鑫科技","上海","半导体","lxkj","科创板","20190722","","","SSE","L","乐鑫信息科技(上海)股份有限公司","Espressif Systems (Shanghai) Co., Ltd."
"688019.SH","688019","安集科技","上海","半导体","ajkj","科创板","20190722","","","SSE","L","安集微电子科技(上海)股份有限公司","Anji Microelectronics Technology (Shanghai) Co., Ltd."
"688020.SH","688020","方邦股份","广东","元器件","fbgf","科创板","20190722","","","SSE","L","广州方邦电子股份有限公司","Guangzhou Fangbang Electronics Co.,Ltd"
"688021.SH","688021","奥福科技","山东","汽车配件","afkj","科创板","20191106","","","SSE","L","山东奥福环保科技股份有限公司","Aofu Environmental Technology Co., Ltd."
"688022.SH","688022","瀚川智能","江苏","专用机械","hczn","科创板","20190722","","","SSE","L","苏州瀚川智能科技股份有限公司","Suzhou Harmontronics Automation Technology Co.,Ltd"
"688023.SH","688023","安恒信息","浙江","软件服务","ahxx","科创板","20191105","","","SSE","L","杭州安恒信息技术股份有限公司","DBAPPSecurity Co., Ltd."
"688025.SH","688025","杰普特","深圳","专用机械","jpt","科创板","20191031","","","SSE","L","深圳市杰普特光电股份有限公司","Shenzhen JPT Opto-Electronics Co., Ltd."
"688026.SH","688026","洁特生物","广东","医疗保健","jtsw","科创板","20200122","","","SSE","L","广州洁特生物过滤股份有限公司","Guangzhou Jet Bio-Filtration Co.,Ltd"
"688027.SH","688027","国盾量子","安徽","通信设备","gdlz","科创板","20200709","","","SSE","L","科大国盾量子技术股份有限公司","Quantumctek Co., Ltd."
"688028.SH","688028","沃尔德","北京","机械基件","wed","科创板","20190722","","","SSE","L","北京沃尔德金刚石工具股份有限公司","Beijing Worldia Diamond Tools Co.,Ltd."
"688029.SH","688029","南微医学","江苏","医疗保健","nwyx","科创板","20190722","","","SSE","L","南微医学科技股份有限公司","Micro-Tech (Nanjing) Co.,Ltd"
"688030.SH","688030","山石网科","江苏","软件服务","sswk","科创板","20190930","","","SSE","L","山石网科通信技术股份有限公司","Hillstone Networks Co., Ltd."
"688031.SH","688031","星环科技-U","上海","软件服务","xhkj","科创板","20221018","","","SSE","L","星环信息科技(上海)股份有限公司","Transwarp Technology(Shanghai)Co.,Ltd."
"688032.SH","688032","禾迈股份","浙江","电气设备","hmgf","科创板","20211220","","","SSE","L","杭州禾迈电力电子股份有限公司","Hoymiles Power Electronics Inc."
"688033.SH","688033","天宜新材","北京","电气设备","tyxc","科创板","20190722","","","SSE","L","北京天宜上佳高新材料股份有限公司","Beijing Tianyishangjia New Material Corp., Ltd."
"688035.SH","688035","德邦科技","山东","半导体","dbkj","科创板","20220919","","","SSE","L","烟台德邦科技股份有限公司","Darbond Technology Co., Ltd"
"688036.SH","688036","传音控股","深圳","通信设备","cykg","科创板","20190930","","","SSE","L","深圳传音控股股份有限公司","Shenzhen Transsion Holdings Co., Ltd."
"688037.SH","688037","芯源微","辽宁","半导体","xyw","科创板","20191216","","","SSE","L","沈阳芯源微电子设备股份有限公司","KINGSEMI Co.,Ltd."
"688038.SH","688038","中科通达","湖北","软件服务","zktd","科创板","20210713","","","SSE","L","武汉中科通达高新技术股份有限公司","Wuhan Citms Technology Co.,Ltd"
"688039.SH","688039","当虹科技","浙江","软件服务","dhkj","科创板","20191211","","","SSE","L","杭州当虹科技股份有限公司","Hangzhou Arcvideo Technology Co., Ltd."
"688041.SH","688041","海光信息","天津","半导体","hgxx","科创板","20220812","","","SSE","L","海光信息技术股份有限公司","Hygon Information Technology Co., Ltd."
"688045.SH","688045","必易微","深圳","半导体","byw","科创板","20220526","","","SSE","L","深圳市必易微电子股份有限公司","Shenzhen Kiwi Instruments Co., Ltd."
"688046.SH","688046","药康生物","江苏","生物制药","yksw","科创板","20220425","","","SSE","L","江苏集萃药康生物科技股份有限公司","Gempharmatech Co., Ltd"
"688047.SH","688047","龙芯中科","北京","半导体","lxzk","科创板","20220624","","","SSE","L","龙芯中科技术股份有限公司","Loongson Technology Corporation Limited"
"688048.SH","688048","长光华芯","江苏","半导体","cghx","科创板","20220401","","","SSE","L","苏州长光华芯光电技术股份有限公司","Suzhou Everbright Photonics Co.,Ltd"
"688049.SH","688049","炬芯科技","广东","半导体","jxkj","科创板","20211129","","","SSE","L","炬芯科技股份有限公司","Actions Technology Co., Ltd."
"688050.SH","688050","爱博医疗","北京","医疗保健","abyl","科创板","20200729","","","SSE","L","爱博诺德(北京)医疗科技股份有限公司","Eyebright Medical Technology (Beijing) Co., Ltd."
"688051.SH","688051","佳华科技","北京","软件服务","jhkj","科创板","20200320","","","SSE","L","罗克佳华科技集团股份有限公司","Rockontrol Technology Group Co.,Ltd."
"688052.SH","688052","纳芯微","江苏","半导体","nxw","科创板","20220422","","","SSE","L","苏州纳芯微电子股份有限公司","Suzhou Novosense Microelectronics Co., Ltd."
"688053.SH","688053","ST思科瑞","四川","元器件","stskr","科创板","20220708","","","SSE","L","成都思科瑞微电子股份有限公司","Chengdu Screen Micro-Electronics Co.,Ltd."
"688055.SH","688055","龙腾光电","江苏","元器件","ltgd","科创板","20200817","","","SSE","L","昆山龙腾光电股份有限公司","Infovision Optoelectronics( Kunshan) Co., Ltd."
"688056.SH","688056","莱伯泰科","北京","电器仪表","lbtk","科创板","20200902","","","SSE","L","北京莱伯泰科仪器股份有限公司","Beijing LabTech Instruments Co., Ltd."
"688057.SH","688057","金达莱","江西","环境保护","jdl","科创板","20201111","","","SSE","L","江西金达莱环保股份有限公司","Jiangxi Jdl Environmental Protection Co. Ltd."
"688058.SH","688058","宝兰德","北京","软件服务","bld","科创板","20191101","","","SSE","L","北京宝兰德软件股份有限公司","Beijing Baolande Software Corporation."
"688059.SH","688059","华锐精密","湖南","机械基件","hrjm","科创板","20210208","","","SSE","L","株洲华锐精密工具股份有限公司","Zhuzhou Huarui Precision Cutting Tools.Co.,Ltd."
"688060.SH","688060","云涌科技","江苏","IT设备","yykj","科创板","20200710","","","SSE","L","江苏云涌电子科技股份有限公司","Jiangsu Yunyong Electronics and Technology Co.,Ltd"
"688061.SH","688061","灿瑞科技","上海","半导体","crkj","科创板","20221018","","","SSE","L","上海灿瑞科技股份有限公司","Shanghai Orient-Chip Technology Co.,Ltd."
"688062.SH","688062","迈威生物-U","上海","生物制药","mwsw","科创板","20220118","","","SSE","L","迈威(上海)生物科技股份有限公司","Mabwell (Shanghai) Bioscience Co., Ltd."
"688063.SH","688063","派能科技","上海","电气设备","pnkj","科创板","20201230","","","SSE","L","上海派能能源科技股份有限公司","Pylon Technologies Co., Ltd."
"688065.SH","688065","凯赛生物","上海","化工原料","kssw","科创板","20200812","","","SSE","L","上海凯赛生物技术股份有限公司","Cathay Biotech Inc."
"688066.SH","688066","航天宏图","北京","软件服务","htht","科创板","20190722","","","SSE","L","航天宏图信息技术股份有限公司","Piesat Information Technology Co., Ltd."
"688067.SH","688067","爱威科技","湖南","医疗保健","awkj","科创板","20210616","","","SSE","L","爱威科技股份有限公司","AVE Science&Technology Co.,Ltd."
"688068.SH","688068","热景生物","北京","医疗保健","rjsw","科创板","20190930","","","SSE","L","北京热景生物技术股份有限公司","Beijing Hotgen Biotech Co.,Ltd."
"688069.SH","688069","德林海","江苏","环境保护","dlh","科创板","20200722","","","SSE","L","无锡德林海环保科技股份有限公司","Wuxi Delinhai Environmental Technology Co., Ltd"
"688070.SH","688070","纵横股份","四川","航空","zhgf","科创板","20210210","","","SSE","L","成都纵横自动化技术股份有限公司","Chengdu Jouav Automation Tech Co.,Ltd"
"688071.SH","688071","华依科技","上海","专用机械","hykj","科创板","20210729","","","SSE","L","上海华依科技集团股份有限公司","Shanghai W-Ibeda High Tech.Group Co.,Ltd."
"688072.SH","688072","拓荆科技","辽宁","半导体","tjkj","科创板","20220420","","","SSE","L","拓荆科技股份有限公司","Piotech Inc."
"688073.SH","688073","毕得医药","上海","化学制药","bdyy","科创板","20221011","","","SSE","L","上海毕得医药科技股份有限公司","Bide Pharmatech Co., Ltd."
"688075.SH","688075","安旭生物","浙江","医疗保健","axsw","科创板","20211118","","","SSE","L","杭州安旭生物科技股份有限公司","Assure Tech (Hangzhou) Co., Ltd."
"688076.SH","688076","ST诺泰","江苏","生物制药","stnt","科创板","20210520","","","SSE","L","江苏诺泰澳赛诺生物制药股份有限公司","Jiangsu Sinopep-Allsino Biopharmaceutical Co., Ltd."
"688077.SH","688077","大地熊","安徽","矿物制品","ddx","科创板","20200722","","","SSE","L","安徽大地熊新材料股份有限公司","Earth-Panda Advanced Magnetic Material Co.,Ltd."
"688078.SH","688078","龙软科技","北京","软件服务","lrkj","科创板","20191230","","","SSE","L","北京龙软科技股份有限公司","Beijing LongRuan Technologies Inc."
"688079.SH","688079","美迪凯","浙江","元器件","mdk","科创板","20210302","","","SSE","L","杭州美迪凯光电科技股份有限公司","Hangzhou Mdk Opto Electronics Co.,Ltd"
"688080.SH","688080","映翰通","北京","通信设备","yht","科创板","20200212","","","SSE","L","北京映翰通网络技术股份有限公司","Beijing InHand Networks Technology Co.,Ltd."
"688081.SH","688081","兴图新科","湖北","软件服务","xtxk","科创板","20200106","","","SSE","L","武汉兴图新科电子股份有限公司","Wuhan Xingtu Xinke Electronics Co.,Ltd."
"688082.SH","688082","盛美上海","上海","半导体","smsh","科创板","20211118","","","SSE","L","盛美半导体设备(上海)股份有限公司","Acm Research(Shanghai),Inc."
"688083.SH","688083","中望软件","广东","软件服务","zwrj","科创板","20210311","","","SSE","L","广州中望龙腾软件股份有限公司","Zwsoft Co.,Ltd.(Guangzhou)"
"688084.SH","688084","晶品特装","北京","专用机械","jptz","科创板","20221208","","","SSE","L","北京晶品特装科技股份有限公司","Beijing Jingpintezhuang Science and Technology Co.,Ltd"
"688085.SH","688085","三友医疗","上海","医疗保健","syyl","科创板","20200409","","","SSE","L","上海三友医疗器械股份有限公司","Shanghai Sanyou Medical Co., Ltd."
"688087.SH","688087","英科再生","山东","环境保护","ykzs","科创板","20210709","","","SSE","L","英科再生资源股份有限公司","Intco Recycling Resources Co., Ltd."
"688088.SH","688088","虹软科技","浙江","软件服务","hrkj","科创板","20190722","","","SSE","L","虹软科技股份有限公司","ArcSoft Corporation Limited"
"688089.SH","688089","嘉必优","湖北","食品","jby","科创板","20191219","","","SSE","L","嘉必优生物技术(武汉)股份有限公司","Cabio Biotech(Wuhan) Co., Ltd."
"688090.SH","688090","瑞松科技","广东","专用机械","rskj","科创板","20200217","","","SSE","L","广州瑞松智能科技股份有限公司","Guangzhou Risong Intelligent Technology Holding Co., Ltd."
"688091.SH","688091","上海谊众","上海","化学制药","shyz","科创板","20210909","","","SSE","L","上海谊众药业股份有限公司","Shanghai Yizhong Pharmaceutical Co., Ltd."
"688092.SH","688092","爱科科技","浙江","专用机械","akkj","科创板","20210319","","","SSE","L","杭州爱科科技股份有限公司","Hangzhou Iecho Science & Technology Co., Ltd."
"688093.SH","688093","世华科技","江苏","化工原料","shkj","科创板","20200930","","","SSE","L","苏州世华新材料科技股份有限公司","Suzhou Shihua New Material Technology Co., Ltd."
"688095.SH","688095","福昕软件","福建","软件服务","fxrj","科创板","20200908","","","SSE","L","福建福昕软件开发股份有限公司","Fujian Fuxin Software Development Joint Stock Co., Ltd."
"688096.SH","688096","京源环保","江苏","环境保护","jyhb","科创板","20200409","","","SSE","L","江苏京源环保股份有限公司","Jiangsu Jingyuan Environmental Protection Co.,Ltd."
"688097.SH","688097","博众精工","江苏","专用机械","bzjg","科创板","20210512","","","SSE","L","博众精工科技股份有限公司","Bozhon Precision Industry Technology Co.,Ltd."
"688098.SH","688098","申联生物","上海","农业综合","slsw","科创板","20191028","","","SSE","L","申联生物医药(上海)股份有限公司","Shanghai Shen Lian Biomedical Corporation"
"688099.SH","688099","晶晨股份","上海","半导体","jcgf","科创板","20190808","","","SSE","L","晶晨半导体(上海)股份有限公司","Amlogic (Shanghai) Co.,Ltd."
"688100.SH","688100","威胜信息","湖南","通信设备","wsxx","科创板","20200121","","","SSE","L","威胜信息技术股份有限公司","Willfar Information Technology Co., Ltd."
"688101.SH","688101","三达膜","陕西","环境保护","sdm","科创板","20191115","","","SSE","L","三达膜环境技术股份有限公司","Suntar Environmental Technology Co., Ltd."
"688102.SH","688102","斯瑞新材","陕西","铜","srxc","科创板","20220316","","","SSE","L","陕西斯瑞新材料股份有限公司","Shaanxi Sirui Advanced Materials Co.,Ltd."
"688103.SH","688103","国力电子","江苏","元器件","gldz","科创板","20210910","","","SSE","L","昆山国力电子科技股份有限公司","Kunshan GLVAC Electronic Technology Co.,Ltd."
"688105.SH","688105","诺唯赞","江苏","生物制药","nwz","科创板","20211115","","","SSE","L","南京诺唯赞生物科技股份有限公司","Nanjing Vazyme Biotech Co., Ltd"
"688106.SH","688106","金宏气体","江苏","化工原料","jhqt","科创板","20200616","","","SSE","L","金宏气体股份有限公司","Jinhong Gas Co., Ltd."
"688107.SH","688107","安路科技","上海","半导体","alkj","科创板","20211112","","","SSE","L","上海安路信息科技股份有限公司","Shanghai Anlogic Infotech Co., Ltd."
"688108.SH","688108","赛诺医疗","天津","医疗保健","snyl","科创板","20191030","","","SSE","L","赛诺医疗科学技术股份有限公司","Sino Medical Sciences Technology Inc."
"688109.SH","688109","品茗科技","浙江","软件服务","pmkj","科创板","20210330","","","SSE","L","品茗科技股份有限公司","Pinming Technology Co., Ltd"
"688110.SH","688110","东芯股份","上海","半导体","dxgf","科创板","20211210","","","SSE","L","东芯半导体股份有限公司","Dosilicon Co., Ltd."
"688111.SH","688111","金山办公","北京","软件服务","jsbg","科创板","20191118","","","SSE","L","北京金山办公软件股份有限公司","Beijing Kingsoft Office Software, Inc."
"688112.SH","688112","鼎阳科技","深圳","电器仪表","dykj","科创板","20211201","","","SSE","L","深圳市鼎阳科技股份有限公司","Siglent Technologies Co., Ltd."
"688113.SH","688113","联测科技","江苏","专用机械","lckj","科创板","20210506","","","SSE","L","江苏联测机电科技股份有限公司","Jiangsu Liance Electromechanical Technology Co., Ltd."
"688114.SH","688114","华大智造","深圳","医疗保健","hdzz","科创板","20220909","","","SSE","L","深圳华大智造科技股份有限公司","MGI Tech Co., Ltd."
"688115.SH","688115","思林杰","广东","电器仪表","slj","科创板","20220314","","","SSE","L","广州思林杰科技股份有限公司","Smartgiant Technology Co., Ltd."
"688116.SH","688116","天奈科技","江苏","化工原料","tnkj","科创板","20190925","","","SSE","L","江苏天奈科技股份有限公司","Jiangsu Cnano Technology Co.,Ltd."
"688117.SH","688117","圣诺生物","四川","生物制药","snsw","科创板","20210603","","","SSE","L","成都圣诺生物科技股份有限公司","ChengDu Sheng Nuo Biotec Co.,Ltd."
"688118.SH","688118","普元信息","上海","软件服务","pyxx","科创板","20191204","","","SSE","L","普元信息技术股份有限公司","Primeton Information Technologies, Inc."
"688119.SH","688119","中钢洛耐","河南","其他建材","zgln","科创板","20220606","","","SSE","L","中钢洛耐科技股份有限公司","Sinosteel Luonai Materials Technology Co., Ltd."
"688120.SH","688120","华海清科","天津","半导体","hhqk","科创板","20220608","","","SSE","L","华海清科股份有限公司","Hwatsing Technology Co.,Ltd."
"688121.SH","688121","卓然股份","上海","专用机械","zrgf","科创板","20210906","","","SSE","L","上海卓然工程技术股份有限公司","Shanghai Supezet Engineering Technology Corp., Ltd."
"688122.SH","688122","西部超导","陕西","小金属","xbcd","科创板","20190722","","","SSE","L","西部超导材料科技股份有限公司","Western Superconducting Technologies Co., Ltd."
"688123.SH","688123","聚辰股份","上海","半导体","jcgf","科创板","20191223","","","SSE","L","聚辰半导体股份有限公司","Giantec Semiconductor Corporation"
"688125.SH","688125","安达智能","广东","专用机械","adzn","科创板","20220415","","","SSE","L","广东安达智能装备股份有限公司","Guangdong Anda Automation Solutions Co.,Ltd."
"688126.SH","688126","沪硅产业","上海","半导体","hgcy","科创板","20200420","","","SSE","L","上海硅产业集团股份有限公司","National Silicon Industry Group Co.,Ltd."
"688127.SH","688127","蓝特光学","浙江","元器件","ltgx","科创板","20200921","","","SSE","L","浙江蓝特光学股份有限公司","Zhejiang Lante Optics Co.,Ltd."
"688128.SH","688128","中国电研","广东","专用机械","zgdy","科创板","20191105","","","SSE","L","中国电器科学研究院股份有限公司","China National Electric Apparatus Research Institute Co., Ltd."
"688129.SH","688129","东来技术","上海","染料涂料","dljs","科创板","20201023","","","SSE","L","东来涂料技术(上海)股份有限公司","Donglai Coating Technology( Shanghai) Co.,Ltd"
"688130.SH","688130","晶华微","浙江","半导体","jhw","科创板","20220729","","","SSE","L","杭州晶华微电子股份有限公司","Hangzhou Sdic Microelectronics Inc."
"688131.SH","688131","皓元医药","上海","化学制药","hyyy","科创板","20210608","","","SSE","L","上海皓元医药股份有限公司","Shanghai Haoyuan Chemexpress Co.,Ltd."
"688132.SH","688132","邦彦技术","深圳","通信设备","byjs","科创板","20220923","","","SSE","L","邦彦技术股份有限公司","Bangyan Technology Co.,Ltd."
"688133.SH","688133","泰坦科技","上海","化工原料","ttkj","科创板","20201030","","","SSE","L","上海泰坦科技股份有限公司","Shanghai Titan Scientific Co.,Ltd."
"688135.SH","688135","利扬芯片","广东","半导体","lyxp","科创板","20201111","","","SSE","L","广东利扬芯片测试股份有限公司","Guangdong Leadyo IC Testing Co.,Ltd."
"688136.SH","688136","科兴制药","山东","生物制药","kxzy","科创板","20201214","","","SSE","L","科兴生物制药股份有限公司","Kexing Biopharm Co., Ltd."
"688137.SH","688137","近岸蛋白","江苏","生物制药","jadb","科创板","20220929","","","SSE","L","苏州近岸蛋白质科技股份有限公司","Novoprotein Scientific Inc."
"688138.SH","688138","清溢光电","深圳","半导体","qygd","科创板","20191120","","","SSE","L","深圳清溢光电股份有限公司","Shenzhen Qingyi Photomask Limited"
"688139.SH","688139","海尔生物","山东","医疗保健","hesw","科创板","20191025","","","SSE","L","青岛海尔生物医疗股份有限公司","Qingdao Haier Biomedical Co.,Ltd"
"688141.SH","688141","杰华特","浙江","半导体","jht","科创板","20221223","","","SSE","L","杰华特微电子股份有限公司","JoulWatt Technology Co., Ltd."
"688143.SH","688143","长盈通","湖北","通信设备","cyt","科创板","20221212","","","SSE","L","武汉长盈通光电技术股份有限公司","Yangtze Optical Electronic Co., Ltd"
"688146.SH","688146","中船特气","河北","半导体","zctq","科创板","20230421","","","SSE","L","中船(邯郸)派瑞特种气体股份有限公司","Peric Special Gases Co., Ltd."
"688147.SH","688147","微导纳米","江苏","专用机械","wdnm","科创板","20221223","","","SSE","L","江苏微导纳米科技股份有限公司","Jiangsu Leadmicro Nano Technology Co., Ltd."
"688148.SH","688148","芳源股份","广东","电气设备","fygf","科创板","20210806","","","SSE","L","广东芳源新材料集团股份有限公司","Guangdong Fangyuan New Materials Group Co.,Ltd."
"688150.SH","688150","莱特光电","陕西","元器件","ltgd","科创板","20220318","","","SSE","L","陕西莱特光电材料股份有限公司","Shaanxi Lighte Optoelectronics Material Co.,Ltd"
"688151.SH","688151","华强科技","湖北","医疗保健","hqkj","科创板","20211206","","","SSE","L","湖北华强科技股份有限公司","Hubei Huaqiang High-Tech Co., Ltd."
"688152.SH","688152","麒麟信安","湖南","软件服务","qlxa","科创板","20221028","","","SSE","L","湖南麒麟信安科技股份有限公司","Hunan Kylinsec Technology Co., Ltd."
"688153.SH","688153","唯捷创芯","天津","半导体","wjcx","科创板","20220412","","","SSE","L","唯捷创芯(天津)电子技术股份有限公司","Vanchip(Tianjin) Technology Co.,Ltd."
"688155.SH","688155","先惠技术","上海","电气设备","xhjs","科创板","20200811","","","SSE","L","上海先惠自动化技术股份有限公司","Shanghai SK Automation Technology Co., Ltd"
"688156.SH","688156","路德环境","湖北","饲料","ldhj","科创板","20200922","","","SSE","L","路德生物环保科技股份有限公司","Road Biology Environmental Protection Technology Co.,Ltd."
"688157.SH","688157","松井股份","湖南","染料涂料","sjgf","科创板","20200609","","","SSE","L","松井新材料集团股份有限公司","Sokan New Materials Group Co.,Ltd."
"688158.SH","688158","优刻得-W","上海","软件服务","ykd","科创板","20200120","","","SSE","L","优刻得科技股份有限公司","UCloud Technology Co., Ltd."
"688159.SH","688159","有方科技","深圳","通信设备","yfkj","科创板","20200123","","","SSE","L","深圳市有方科技股份有限公司","Shenzhen Neoway Technology Co.,Ltd."
"688160.SH","688160","步科股份","上海","电器仪表","bkgf","科创板","20201112","","","SSE","L","上海步科自动化股份有限公司","Kinco Automation(Shanghai)Co., Ltd."
"688161.SH","688161","威高骨科","山东","医疗保健","wggk","科创板","20210630","","","SSE","L","山东威高骨科材料股份有限公司","Shandong Weigao Orthopaedic Device Co.,Ltd."
"688162.SH","688162","巨一科技","安徽","专用机械","jykj","科创板","20211110","","","SSE","L","安徽巨一科技股份有限公司","JEE Technology Co., Ltd."
"688163.SH","688163","赛伦生物","上海","生物制药","slsw","科创板","20220311","","","SSE","L","上海赛伦生物技术股份有限公司","Shanghai Serum Bio-Technology Co., Ltd."
"688165.SH","688165","埃夫特-U","安徽","专用机械","aft","科创板","20200715","","","SSE","L","埃夫特智能机器人股份有限公司","EFORT Intelligent Robot Co.,Ltd."
"688166.SH","688166","博瑞医药","江苏","化学制药","bryy","科创板","20191108","","","SSE","L","博瑞生物医药(苏州)股份有限公司","Brightgene Bio-Medical Technology Co., Ltd."
"688167.SH","688167","炬光科技","陕西","元器件","jgkj","科创板","20211224","","","SSE","L","西安炬光科技股份有限公司","Focuslight Technologies Inc."
"688168.SH","688168","安博通","北京","软件服务","abt","科创板","20190906","","","SSE","L","北京安博通科技股份有限公司","Beijing ABT Networks Co.,Ltd."
"688169.SH","688169","石头科技","北京","家用电器","stkj","科创板","20200221","","","SSE","L","北京石头世纪科技股份有限公司","Beijing Roborock Technology Co., Ltd."
"688170.SH","688170","德龙激光","江苏","专用机械","dljg","科创板","20220429","","","SSE","L","苏州德龙激光股份有限公司","Suzhou Delphi Laser Co., Ltd."
"688171.SH","688171","纬德信息","广东","软件服务","wdxx","科创板","20220127","","","SSE","L","广东纬德信息科技股份有限公司","Guangdong Weide Information Technology Co,.Ltd."
"688172.SH","688172","燕东微","北京","半导体","ydw","科创板","20221216","","","SSE","L","北京燕东微电子股份有限公司","Beijing Yandong Micro Electronic Co.,Ltd."
"688173.SH","688173","希荻微","广东","半导体","xdw","科创板","20220121","","","SSE","L","希荻微电子集团股份有限公司","Halo Microelectronics Co.,Ltd."
"688175.SH","688175","高凌信息","广东","通信设备","glxx","科创板","20220315","","","SSE","L","珠海高凌信息科技股份有限公司","Zhuhai Comleader Information Science&Technology Co., Ltd"
"688176.SH","688176","亚虹医药-U","江苏","化学制药","yhyy","科创板","20220107","","","SSE","L","江苏亚虹医药科技股份有限公司","Jiangsu Yahong Meditech Co., Ltd."
"688177.SH","688177","百奥泰","广东","生物制药","bat","科创板","20200221","","","SSE","L","百奥泰生物制药股份有限公司","Bio-Thera Solutions, Ltd."
"688178.SH","688178","万德斯","江苏","环境保护","wds","科创板","20200114","","","SSE","L","南京万德斯环保科技股份有限公司","Nanjing Wondux Environmental Protection Technology Corp.,Ltd"
"688179.SH","688179","阿拉丁","上海","化学制药","ald","科创板","20201026","","","SSE","L","上海阿拉丁生化科技股份有限公司","Shanghai Aladdin Biochemical Technology Co., Ltd."
"688180.SH","688180","君实生物-U","上海","生物制药","jssw","科创板","20200715","","","SSE","L","上海君实生物医药科技股份有限公司","Shanghai Junshi Biosciences Co.,Ltd."
"688181.SH","688181","八亿时空","北京","元器件","bysk","科创板","20200106","","","SSE","L","北京八亿时空液晶科技股份有限公司","Beijing Bayi Space LCD Technology Co., Ltd."
"688182.SH","688182","灿勤科技","江苏","通信设备","cqkj","科创板","20211116","","","SSE","L","江苏灿勤科技股份有限公司","Jiangsu Cai Qin Technology Co., LTD"
"688183.SH","688183","生益电子","广东","元器件","sydz","科创板","20210225","","","SSE","L","生益电子股份有限公司","Shengyi Electronics Co., Ltd."
"688184.SH","688184","ST帕瓦","浙江","电气设备","stpw","科创板","20220919","","","SSE","L","浙江帕瓦新能源股份有限公司","Zhejiang Power New Energy Co., Ltd"
"688185.SH","688185","康希诺","天津","生物制药","kxn","科创板","20200813","","","SSE","L","康希诺生物股份公司","Cansino Biologics Inc."
"688186.SH","688186","广大特材","江苏","特种钢","gdtc","科创板","20200211","","","SSE","L","张家港广大特材股份有限公司","Zhangjiagang Guangda Special Material Co., Ltd."
"688187.SH","688187","时代电气","湖南","运输设备","sddq","科创板","20210907","","","SSE","L","株洲中车时代电气股份有限公司","Zhuzhou CRRC Times Electric Co. Ltd."
"688188.SH","688188","柏楚电子","上海","专用机械","bcdz","科创板","20190808","","","SSE","L","上海柏楚电子科技股份有限公司","Shanghai BOCHU Electronic Technology Corporation Limited."
"688189.SH","688189","南新制药","湖南","化学制药","nxzy","科创板","20200326","","","SSE","L","湖南南新制药股份有限公司","Hunan Nucien Pharmaceutical Co., Ltd."
"688190.SH","688190","云路股份","山东","矿物制品","ylgf","科创板","20211126","","","SSE","L","青岛云路先进材料技术股份有限公司","Qingdao Yunlu Advanced Materials Technology Co., Ltd."
"688191.SH","688191","智洋创新","山东","软件服务","zycx","科创板","20210408","","","SSE","L","智洋创新科技股份有限公司","Zhiyang Innovation Technology Co.,Ltd."
"688192.SH","688192","迪哲医药-U","江苏","生物制药","dzyy","科创板","20211210","","","SSE","L","迪哲(江苏)医药股份有限公司","Dizal (Jiangsu) Pharmaceutical Co., Ltd."
"688193.SH","688193","仁度生物","上海","医疗保健","rdsw","科创板","20220330","","","SSE","L","上海仁度生物科技股份有限公司","Shanghai Rendu Biotechnology Co., Ltd."
"688195.SH","688195","腾景科技","福建","元器件","tjkj","科创板","20210326","","","SSE","L","腾景科技股份有限公司","Optowide Technologies Co., Ltd."
"688196.SH","688196","卓越新能","福建","环境保护","zyxn","科创板","20191121","","","SSE","L","龙岩卓越新能源股份有限公司","Longyan Zhuoyue New Energy Co., Ltd."
"688197.SH","688197","首药控股-U","北京","化学制药","sykg","科创板","20220323","","","SSE","L","首药控股(北京)股份有限公司","Shouyao Holdings Co.,Ltd"
"688198.SH","688198","佰仁医疗","北京","医疗保健","bryl","科创板","20191209","","","SSE","L","北京佰仁医疗科技股份有限公司","Beijing Balance Medical Technology Co.,Ltd."
"688199.SH","688199","久日新材","天津","化工原料","jrxc","科创板","20191105","","","SSE","L","天津久日新材料股份有限公司","Tianjin Jiuri New Materials Co., Ltd."
"688200.SH","688200","华峰测控","北京","半导体","hfck","科创板","20200218","","","SSE","L","北京华峰测控技术股份有限公司","Beijing Huafeng Test & Control Technology Co.,Ltd."
"688201.SH","688201","信安世纪","北京","软件服务","xasj","科创板","20210421","","","SSE","L","北京信安世纪科技股份有限公司","Beijing Infosec Technologies Co.,Ltd"
"688202.SH","688202","美迪西","上海","医疗保健","mdx","科创板","20191105","","","SSE","L","上海美迪西生物医药股份有限公司","Shanghai Medicilon Inc."
"688203.SH","688203","海正生材","浙江","塑料","hzsc","科创板","20220816","","","SSE","L","浙江海正生物材料股份有限公司","Zhejiang Hisun Biomaterials Co.Ltd."
"688205.SH","688205","德科立","江苏","通信设备","dkl","科创板","20220809","","","SSE","L","无锡市德科立光电子技术股份有限公司","Wuxi Taclink Optoelectronics Technology Co., Ltd."
"688206.SH","688206","概伦电子","上海","半导体","gldz","科创板","20211228","","","SSE","L","上海概伦电子股份有限公司","Primarius Technologies Co., Ltd."
"688207.SH","688207","格灵深瞳","北京","软件服务","glst","科创板","20220317","","","SSE","L","北京格灵深瞳信息技术股份有限公司","Beijing Deep Glint Technology Co., Ltd."
"688208.SH","688208","道通科技","深圳","IT设备","dtkj","科创板","20200213","","","SSE","L","深圳市道通科技股份有限公司","Autel Intelligent Technology Corp.,Ltd."
"688209.SH","688209","英集芯","深圳","半导体","yjx","科创板","20220419","","","SSE","L","深圳英集芯科技股份有限公司","Shenzhen Injoinic Technology Co., Ltd."
"688210.SH","688210","统联精密","深圳","元器件","tljm","科创板","20211227","","","SSE","L","深圳市泛海统联精密制造股份有限公司","Shenzhen Pacific Union Precision Manufacturing Co., Ltd"
"688211.SH","688211","中科微至","江苏","专用机械","zkwz","科创板","20211026","","","SSE","L","中科微至科技股份有限公司","Wayzim Technology Co., Ltd."
"688212.SH","688212","澳华内镜","上海","医疗保健","ahnj","科创板","20211115","","","SSE","L","上海澳华内镜股份有限公司","Shanghai Aohua Photoelectricity Endoscope Co., Ltd."
"688213.SH","688213","思特威-W","上海","半导体","stw","科创板","20220520","","","SSE","L","思特威(上海)电子科技股份有限公司","Smartsens Technology (Shanghai) Co., Ltd."
"688215.SH","688215","瑞晟智能","浙江","专用机械","rszn","科创板","20200828","","","SSE","L","浙江瑞晟智能科技股份有限公司","Zhejiang Risun Intelligent Technology Co.,Ltd."
"688216.SH","688216","气派科技","深圳","半导体","qpkj","科创板","20210623","","","SSE","L","气派科技股份有限公司","China Chippacking Technology Co.,Ltd."
"688217.SH","688217","睿昂基因","上海","医疗保健","rajy","科创板","20210517","","","SSE","L","上海睿昂基因科技股份有限公司","Shanghai Rightongene Biotechnology Co., Ltd."
"688218.SH","688218","江苏北人","江苏","专用机械","jsbr","科创板","20191211","","","SSE","L","江苏北人智能制造科技股份有限公司","Jiangsu Beiren Smart Manufacturing Technology Co., Ltd."
"688219.SH","688219","会通股份","安徽","塑料","htgf","科创板","20201118","","","SSE","L","会通新材料股份有限公司","Orinko Advanced Plastics Co.,Ltd."
"688220.SH","688220","翱捷科技-U","上海","半导体","ajkj","科创板","20220114","","","SSE","L","翱捷科技股份有限公司","ASR Microelectronics Co., Ltd."
"688221.SH","688221","前沿生物-U","江苏","生物制药","qysw","科创板","20201028","","","SSE","L","前沿生物药业(南京)股份有限公司","Frontier Biotechnologies Inc."
"688222.SH","688222","成都先导","四川","化学制药","cdxd","科创板","20200416","","","SSE","L","成都先导药物开发股份有限公司","HitGen Inc."
"688223.SH","688223","晶科能源","江西","电气设备","jkny","科创板","20220126","","","SSE","L","晶科能源股份有限公司","Jinko Solar Co., Ltd."
"688225.SH","688225","亚信安全","江苏","软件服务","yxaq","科创板","20220209","","","SSE","L","亚信安全科技股份有限公司","Asiainfo Security Technologies Co.,Ltd."
"688226.SH","688226","威腾电气","江苏","电气设备","wtdq","科创板","20210707","","","SSE","L","威腾电气集团股份有限公司","Wetown Electric Group Co., Ltd"
"688227.SH","688227","品高股份","广东","软件服务","pggf","科创板","20211230","","","SSE","L","广州市品高软件股份有限公司","Bingo Software Co., Ltd."
"688228.SH","688228","开普云","广东","软件服务","kpy","科创板","20200327","","","SSE","L","开普云信息科技股份有限公司","Ucap Cloud Information Technology Co.,Ltd."
"688229.SH","688229","博睿数据","北京","软件服务","brsj","科创板","20200817","","","SSE","L","北京博睿宏远数据科技股份有限公司","Bonree Data Technology Co., Ltd"
"688230.SH","688230","芯导科技","上海","半导体","xdkj","科创板","20211201","","","SSE","L","上海芯导电子科技股份有限公司","Shanghai Prisemi Electronics Co.,Ltd."
"688231.SH","688231","隆达股份","江苏","航空","ldgf","科创板","20220722","","","SSE","L","江苏隆达超合金股份有限公司","Jiangsu Longda Superalloy Co., Ltd."
"688232.SH","688232","新点软件","江苏","软件服务","xdrj","科创板","20211117","","","SSE","L","国泰新点软件股份有限公司","Guotai Epoint Software Co., Ltd."
"688233.SH","688233","神工股份","辽宁","半导体","sggf","科创板","20200221","","","SSE","L","锦州神工半导体股份有限公司","Thinkon Semiconductor Jinzhou Corp."
"688234.SH","688234","天岳先进","山东","半导体","tyxj","科创板","20220112","","","SSE","L","山东天岳先进科技股份有限公司","SICC Co., Ltd."
"688235.SH","688235","百济神州-U","北京","生物制药","bjsz","科创板","20211215","","","SSE","L","百济神州有限公司","BeOne Medicines Ltd."
"688236.SH","688236","春立医疗","北京","医疗保健","clyl","科创板","20211230","","","SSE","L","北京市春立正达医疗器械股份有限公司","Beijing Chunlizhengda Medical Instruments Co.,Ltd."
"688237.SH","688237","超卓航科","湖北","航空","czhk","科创板","20220701","","","SSE","L","湖北超卓航空科技股份有限公司","Hubei Chaozhuo Aviation Technology Co., Ltd."
"688238.SH","688238","和元生物","上海","医疗保健","hysw","科创板","20220322","","","SSE","L","和元生物技术(上海)股份有限公司","Obio Technology (Shanghai) Corp.,Ltd."
"688239.SH","688239","航宇科技","贵州","航空","hykj","科创板","20210705","","","SSE","L","贵州航宇科技发展股份有限公司","Guizhou Aviation Technical Development Co., Ltd."
"688244.SH","688244","永信至诚","北京","软件服务","yxzc","科创板","20221019","","","SSE","L","永信至诚科技集团股份有限公司","Integrity Technology Group Inc."
"688246.SH","688246","嘉和美康","北京","软件服务","jhmk","科创板","20211214","","","SSE","L","嘉和美康(北京)科技股份有限公司","Goodwill E-Health Info Co., Ltd."
"688247.SH","688247","宣泰医药","上海","化学制药","xtyy","科创板","20220825","","","SSE","L","上海宣泰医药科技股份有限公司","Sinotherapeutics Inc."
"688248.SH","688248","南网科技","广东","电气设备","nwkj","科创板","20211222","","","SSE","L","南方电网电力科技股份有限公司","China Southern Power Grid Technology Co.,Ltd"
"688249.SH","688249","晶合集成","安徽","半导体","jhjc","科创板","20230505","","","SSE","L","合肥晶合集成电路股份有限公司","Nexchip Semiconductor Corporation"
"688251.SH","688251","井松智能","安徽","专用机械","jszn","科创板","20220606","","","SSE","L","合肥井松智能科技股份有限公司","Hefei Jingsong Intelligent Technology Co.,Ltd."
"688252.SH","688252","天德钰","深圳","半导体","tdy","科创板","20220927","","","SSE","L","深圳天德钰科技股份有限公司","Jadard Technology Inc."
"688253.SH","688253","英诺特","北京","医疗保健","ynt","科创板","20220728","","","SSE","L","北京英诺特生物技术股份有限公司","Innovita Biological Technology Co., Ltd."
"688255.SH","688255","凯尔达","浙江","机械基件","ked","科创板","20211025","","","SSE","L","杭州凯尔达焊接机器人股份有限公司","Hangzhou Kaierda Welding Robot Co.,Ltd"
"688256.SH","688256","寒武纪-U","北京","半导体","hwj","科创板","20200720","","","SSE","L","中科寒武纪科技股份有限公司","Cambricon Technologies Corporation Limited"
"688257.SH","688257","新锐股份","江苏","机械基件","xrgf","科创板","20211027","","","SSE","L","苏州新锐合金工具股份有限公司","Shareate Tools Ltd"
"688258.SH","688258","卓易信息","江苏","软件服务","zyxx","科创板","20191209","","","SSE","L","江苏卓易信息科技股份有限公司","Jiangsu Eazytec Co., Ltd."
"688259.SH","688259","创耀科技","江苏","半导体","cykj","科创板","20220112","","","SSE","L","创耀(苏州)通信科技股份有限公司","Triductor Technology(Suzhou) Inc."
"688260.SH","688260","昀冢科技","江苏","元器件","yzkj","科创板","20210406","","","SSE","L","苏州昀冢电子科技股份有限公司","Suzhou Gyz Electronic Technology Co., Ltd."
"688261.SH","688261","东微半导","江苏","半导体","dwbd","科创板","20220210","","","SSE","L","苏州东微半导体股份有限公司","Suzhou Oriental Semiconductor Company Limited"
"688262.SH","688262","国芯科技","江苏","半导体","gxkj","科创板","20220106","","","SSE","L","苏州国芯科技股份有限公司","C*Core Technology Co., Ltd."
"688265.SH","688265","南模生物","上海","医疗保健","nmsw","科创板","20211228","","","SSE","L","上海南方模式生物科技股份有限公司","Shanghai Model Organisms Center, Inc."
"688266.SH","688266","泽璟制药-U","江苏","生物制药","zjzy","科创板","20200123","","","SSE","L","苏州泽璟生物制药股份有限公司","Suzhou Zelgen Biopharmaceuticals Co., Ltd."
"688267.SH","688267","中触媒","辽宁","化工原料","zcm","科创板","20220216","","","SSE","L","中触媒新材料股份有限公司","China Catalyst Holding Co., Ltd."
"688268.SH","688268","华特气体","广东","化工原料","htqt","科创板","20191226","","","SSE","L","广东华特气体股份有限公司","Guangdong Huate Gas Co., Ltd"
"688269.SH","688269","凯立新材","陕西","化工原料","klxc","科创板","20210609","","","SSE","L","西安凯立新材料股份有限公司","Kaili Catalyst & New Materials Co.,Ltd"
"688270.SH","688270","臻镭科技","浙江","半导体","zlkj","科创板","20220127","","","SSE","L","浙江臻镭科技股份有限公司","Great Microwave Technology Co.,Ltd."
"688271.SH","688271","联影医疗","上海","医疗保健","lyyl","科创板","20220822","","","SSE","L","上海联影医疗科技股份有限公司","Shanghai United Imaging Healthcare Co., Ltd."
"688272.SH","688272","富吉瑞","北京","元器件","fjr","科创板","20211018","","","SSE","L","北京富吉瑞光电科技股份有限公司","Beijing Fjr Optoelectronic Technology Co., Ltd."
"688273.SH","688273","麦澜德","江苏","医疗保健","mld","科创板","20220811","","","SSE","L","南京麦澜德医疗科技股份有限公司","Nanjing Medlander Medical Technology Co.,Ltd"
"688275.SH","688275","万润新能","湖北","电气设备","wrxn","科创板","20220929","","","SSE","L","湖北万润新能源科技股份有限公司","Hubei Wanrun New Energy Technology Co.,Ltd."
"688276.SH","688276","百克生物","吉林","生物制药","bksw","科创板","20210625","","","SSE","L","长春百克生物科技股份公司","Changchun Bcht Biotechnology Co."
"688277.SH","688277","天智航-U","北京","医疗保健","tzh","科创板","20200707","","","SSE","L","北京天智航医疗科技股份有限公司","Tinavi Medical Technologies Co.,Ltd."
"688278.SH","688278","特宝生物","福建","生物制药","tbsw","科创板","20200117","","","SSE","L","厦门特宝生物工程股份有限公司","Xiamen Amoytop Biotech Co., Ltd."
"688279.SH","688279","峰岹科技","深圳","半导体","ftkj","科创板","20220420","","","SSE","L","峰岹科技(深圳)股份有限公司","Fortior Technology(Shenzhen)Co., Ltd."
"688280.SH","688280","精进电动-UW","北京","汽车配件","jjdd","科创板","20211027","","","SSE","L","精进电动科技股份有限公司","Jing-Jin Electric Technologies Co., Ltd."
"688281.SH","688281","华秦科技","陕西","航空","hqkj","科创板","20220307","","","SSE","L","陕西华秦科技实业股份有限公司","Shaanxi Huaqin Technology Industry Co., Ltd."
"688282.SH","688282","理工导航","北京","通信设备","lgdh","科创板","20220318","","","SSE","L","北京理工导航控制科技股份有限公司","Beijing Navigation Control Technology Co.,Ltd."
"688283.SH","688283","坤恒顺维","四川","电器仪表","khsw","科创板","20220215","","","SSE","L","成都坤恒顺维科技股份有限公司","Chengdu KSW Technologies Co.,Ltd."
"688285.SH","688285","高铁电气","陕西","运输设备","gtdq","科创板","20211020","","","SSE","L","中铁高铁电气装备股份有限公司","China Railway High-Speed Electrification Equipment Corporation Limited"
"688286.SH","688286","敏芯股份","江苏","半导体","mxgf","科创板","20200810","","","SSE","L","苏州敏芯微电子技术股份有限公司","Memsensing Microsystems (Suzhou, China) Co., Ltd."
"688287.SH","688287","*ST观典","北京","航空","stgd","科创板","20220525","","","SSE","L","观典防务技术股份有限公司","Guandian Defense Technology Co.,Ltd."
"688288.SH","688288","鸿泉物联","浙江","IT设备","hqwl","科创板","20191106","","","SSE","L","杭州鸿泉物联网技术股份有限公司","Hangzhou Hopechart IoT Technology Co., Ltd"
"688289.SH","688289","圣湘生物","湖南","医疗保健","sxsw","科创板","20200828","","","SSE","L","圣湘生物科技股份有限公司","Sansure Biotech Inc."
"688290.SH","688290","景业智能","浙江","专用机械","jyzn","科创板","20220429","","","SSE","L","杭州景业智能科技股份有限公司","Hangzhou Boomy Intelligent Technology Co., Ltd."
"688291.SH","688291","金橙子","北京","软件服务","jcz","科创板","20221026","","","SSE","L","北京金橙子科技股份有限公司","Beijing Jcz Technology Co.,Ltd."
"688292.SH","688292","浩瀚深度","北京","通信设备","hhsd","科创板","20220818","","","SSE","L","北京浩瀚深度信息技术股份有限公司","Beijing Haohan Data Technology Co., Ltd."
"688293.SH","688293","奥浦迈","上海","生物制药","apm","科创板","20220902","","","SSE","L","上海奥浦迈生物科技股份有限公司","Shanghai Opm Biosciences Co., Ltd."
"688295.SH","688295","中复神鹰","江苏","化纤","zfsy","科创板","20220406","","","SSE","L","中复神鹰碳纤维股份有限公司","Zhongfu Shenying Carbon Fiber Co.,Ltd."
"688296.SH","688296","和达科技","浙江","软件服务","hdkj","科创板","20210727","","","SSE","L","浙江和达科技股份有限公司","Zhejiang Heda Technology Co.,Ltd."
"688297.SH","688297","中无人机","四川","航空","zwrj","科创板","20220629","","","SSE","L","中航(成都)无人机系统股份有限公司","Avic (Chengdu) Uas Co., Ltd."
"688298.SH","688298","东方生物","浙江","医疗保健","dfsw","科创板","20200205","","","SSE","L","浙江东方基因生物制品股份有限公司","Zhejiang Orient Gene Biotech Co., Ltd"
"688299.SH","688299","长阳科技","浙江","元器件","cykj","科创板","20191106","","","SSE","L","宁波长阳科技股份有限公司","Ningbo Solartron Technology Co., Ltd."
"688300.SH","688300","联瑞新材","江苏","矿物制品","lrxc","科创板","20191115","","","SSE","L","江苏联瑞新材料股份有限公司","Novoray Corporation"
"688301.SH","688301","奕瑞科技","上海","医疗保健","yrkj","科创板","20200918","","","SSE","L","奕瑞电子科技集团股份有限公司","iRay Group"
"688302.SH","688302","海创药业-U","四川","生物制药","hcyy","科创板","20220412","","","SSE","L","海创药业股份有限公司","Hinova Pharmaceuticals Inc."
"688303.SH","688303","大全能源","新疆","电气设备","dqny","科创板","20210722","","","SSE","L","新疆大全新能源股份有限公司","Xinjiang Daqo New Energy Co.,Ltd."
"688305.SH","688305","科德数控","辽宁","机床制造","kdsk","科创板","20210709","","","SSE","L","科德数控股份有限公司","Kede Numerical Control Co., Ltd."
"688306.SH","688306","均普智能","浙江","专用机械","jpzn","科创板","20220322","","","SSE","L","宁波均普智能制造股份有限公司","Ningbo PIA Automation Holding Corp."
"688307.SH","688307","中润光学","浙江","元器件","zrgx","科创板","20230216","","","SSE","L","嘉兴中润光学科技股份有限公司","Jiaxing Zmax Optech Co., Ltd."
"688308.SH","688308","欧科亿","湖南","机械基件","oky","科创板","20201210","","","SSE","L","株洲欧科亿数控精密刀具股份有限公司","OKE Precision Cutting Tools Co., Ltd."
"688309.SH","688309","恒誉环保","山东","环境保护","hyhb","科创板","20200714","","","SSE","L","济南恒誉环保科技股份有限公司","Niutech Environment Technology Corporation"
"688310.SH","688310","迈得医疗","浙江","医疗保健","mdyl","科创板","20191203","","","SSE","L","迈得医疗工业设备股份有限公司","Maider Medical Industry Equipment Co., Ltd."
"688311.SH","688311","盟升电子","四川","元器件","msdz","科创板","20200731","","","SSE","L","成都盟升电子技术股份有限公司","Chengdu M&S Electronics Technology Co.,Ltd."
"688312.SH","688312","燕麦科技","深圳","专用机械","ymkj","科创板","20200608","","","SSE","L","深圳市燕麦科技股份有限公司","Shenzhen Yanmade Technology Inc."
"688313.SH","688313","仕佳光子","河南","通信设备","sjgz","科创板","20200812","","","SSE","L","河南仕佳光子科技股份有限公司","Henan Shijia Photons Technology Co., Ltd."
"688314.SH","688314","康拓医疗","陕西","医疗保健","ktyl","科创板","20210518","","","SSE","L","西安康拓医疗技术股份有限公司","Kontour(Xi'an) Medical Technology Co., Ltd."
"688315.SH","688315","诺禾致源","北京","医疗保健","nhzy","科创板","20210413","","","SSE","L","北京诺禾致源科技股份有限公司","Novogene Co., Ltd"
"688316.SH","688316","青云科技-U","北京","软件服务","qykj","科创板","20210316","","","SSE","L","北京青云科技集团股份有限公司","Beijing QingCloud Technology Group Co., Ltd"
"688317.SH","688317","之江生物","上海","医疗保健","zjsw","科创板","20210118","","","SSE","L","上海之江生物科技股份有限公司","Shanghai ZJ Bio-Tech Co., Ltd"
"688318.SH","688318","财富趋势","深圳","软件服务","cfqs","科创板","20200427","","","SSE","L","深圳市财富趋势科技股份有限公司","Shenzhen Fortune Trend Technology Co.,Ltd."
"688319.SH","688319","欧林生物","四川","生物制药","olsw","科创板","20210608","","","SSE","L","成都欧林生物科技股份有限公司","Chengdu Olymvax Biopharmaceuticals Inc."
"688320.SH","688320","禾川科技","浙江","电器仪表","hckj","科创板","20220428","","","SSE","L","浙江禾川科技股份有限公司","Zhejiang HeChuan Technology Co.LTD"
"688321.SH","688321","微芯生物","深圳","化学制药","wxsw","科创板","20190812","","","SSE","L","深圳微芯生物科技股份有限公司","Shenzhen Chipscreen Biosciences Co., Ltd."
"688322.SH","688322","奥比中光-UW","深圳","元器件","abzg","科创板","20220707","","","SSE","L","奥比中光科技集团股份有限公司","Orbbec Inc."
"688323.SH","688323","瑞华泰","深圳","塑料","rht","科创板","20210428","","","SSE","L","深圳瑞华泰薄膜科技股份有限公司","Rayitek Hi-Tech Film Company Ltd., Shenzhen"
"688325.SH","688325","赛微微电","广东","半导体","swwd","科创板","20220422","","","SSE","L","广东赛微微电子股份有限公司","Guangdong Cellwise Microelectronics Co., Ltd"
"688326.SH","688326","经纬恒润-W","北京","汽车配件","jwhr","科创板","20220419","","","SSE","L","北京经纬恒润科技股份有限公司","Beijing Jingwei Hirain Technologies Co., Inc."
"688327.SH","688327","云从科技-UW","广东","软件服务","yckj","科创板","20220527","","","SSE","L","云从科技集团股份有限公司","Cloudwalk Technology Co.,Ltd."
"688328.SH","688328","深科达","深圳","专用机械","skd","科创板","20210309","","","SSE","L","深圳市深科达智能装备股份有限公司","Shenzhen S-King Intelligent Equipment Co., Ltd"
"688329.SH","688329","艾隆科技","江苏","专用机械","alkj","科创板","20210329","","","SSE","L","苏州艾隆科技股份有限公司","Suzhou Iron Technology Co.,Ltd."
"688330.SH","688330","宏力达","上海","电气设备","hld","科创板","20201015","","","SSE","L","上海宏力达信息技术股份有限公司","Shanghai Holystar Electrical Technology Co., Ltd."
"688331.SH","688331","荣昌生物","山东","生物制药","rcsw","科创板","20220331","","","SSE","L","荣昌生物制药(烟台)股份有限公司","Remegen Co., Ltd."
"688332.SH","688332","中科蓝讯","深圳","半导体","zklx","科创板","20220715","","","SSE","L","深圳市中科蓝讯科技股份有限公司","Shenzhen Bluetrum Technology Co., Ltd."
"688333.SH","688333","铂力特","陕西","机械基件","blt","科创板","20190722","","","SSE","L","西安铂力特增材技术股份有限公司","Xi'an Bright Laser Technologies Co.,Ltd."
"688334.SH","688334","西高院","陕西","电气设备","xgy","科创板","20230619","","","SSE","L","西安高压电器研究院股份有限公司","Xi'an High Voltage Apparatus Research Institute Co., Ltd."
"688335.SH","688335","复洁环保","上海","环境保护","fjhb","科创板","20200817","","","SSE","L","上海复洁科技股份有限公司","Shanghai CEO Technology Co., Ltd."
"688336.SH","688336","三生国健","上海","生物制药","ssgj","科创板","20200722","","","SSE","L","三生国健药业(上海)股份有限公司","Sunshine Guojian Pharmaceutical(Shanghai)Co., Ltd."
"688337.SH","688337","普源精电","江苏","电器仪表","pyjd","科创板","20220408","","","SSE","L","普源精电科技股份有限公司","Rigol Technologies Co.,Ltd."
"688338.SH","688338","赛科希德","北京","医疗保健","skxd","科创板","20200806","","","SSE","L","北京赛科希德科技股份有限公司","Beijing Succeeder Technology Inc."
"688339.SH","688339","亿华通-U","北京","汽车配件","yht","科创板","20200810","","","SSE","L","北京亿华通科技股份有限公司","Beijing SinoHytec Co.,Ltd"
"688343.SH","688343","云天励飞-U","深圳","软件服务","ytlf","科创板","20230404","","","SSE","L","深圳云天励飞技术股份有限公司","Shenzhen Intellifusion Technologies Co., Ltd."
"688345.SH","688345","博力威","广东","电气设备","blw","科创板","20210611","","","SSE","L","广东博力威科技股份有限公司","Guangdong Greenway Technology Co.,Ltd"
"688347.SH","688347","华虹公司","上海","半导体","hhgs","科创板","20230807","","","SSE","L","华虹半导体有限公司","Hua Hong Semiconductor Limited"
"688348.SH","688348","昱能科技","浙江","电气设备","ynkj","科创板","20220608","","","SSE","L","昱能科技股份有限公司","Yuneng Technology Co., Ltd."
"688349.SH","688349","三一重能","北京","电气设备","syzn","科创板","20220622","","","SSE","L","三一重能股份有限公司","Sany Renewable Energy Co.,Ltd."
"688350.SH","688350","富淼科技","江苏","化工原料","fmkj","科创板","20210128","","","SSE","L","江苏富淼科技股份有限公司","Jiangsu Feymer Technology Co., Ltd."
"688351.SH","688351","微电生理","上海","医疗保健","wdsl","科创板","20220831","","","SSE","L","上海微创电生理医疗科技股份有限公司","Shanghai Microport EP Medtech Co., Ltd."
"688352.SH","688352","颀中科技","安徽","半导体","qzkj","科创板","20230420","","","SSE","L","合肥颀中科技股份有限公司","Hefei Chipmore Technology Co.,Ltd."
"688353.SH","688353","华盛锂电","江苏","化工原料","hsld","科创板","20220713","","","SSE","L","江苏华盛锂电材料股份有限公司","Jiangsu HSC New Energy Materials Co.,LTD."
"688355.SH","688355","明志科技","江苏","机械基件","mzkj","科创板","20210512","","","SSE","L","苏州明志科技股份有限公司","Suzhou Mingzhi Technology Co., Ltd."
"688356.SH","688356","键凯科技","北京","化学制药","jkkj","科创板","20200826","","","SSE","L","北京键凯科技股份有限公司","Jenkem Technology Co., Ltd."
"688357.SH","688357","建龙微纳","河南","化工原料","jlwn","科创板","20191204","","","SSE","L","洛阳建龙微纳新材料股份有限公司","Luoyang Jalon Micro-nano New Materials Co.,Ltd."
"688358.SH","688358","祥生医疗","江苏","医疗保健","xsyl","科创板","20191203","","","SSE","L","无锡祥生医疗科技股份有限公司","Chison Medical Technologies Co.,Ltd."
"688359.SH","688359","三孚新科","广东","化工原料","sfxk","科创板","20210521","","","SSE","L","广州三孚新材料科技股份有限公司","Guangzhou Sanfu New Materials Technology Co.,Ltd."
"688360.SH","688360","德马科技","浙江","机械基件","dmkj","科创板","20200602","","","SSE","L","德马科技集团股份有限公司","Damon Technology Group Co.,Ltd."
"688361.SH","688361","中科飞测","深圳","半导体","zkfc","科创板","20230519","","","SSE","L","深圳中科飞测科技股份有限公司","Skyverse Technology Co., Ltd."
"688362.SH","688362","甬矽电子","浙江","半导体","yxdz","科创板","20221116","","","SSE","L","甬矽电子(宁波)股份有限公司","Forehope Electronic (Ningbo) Co., Ltd."
"688363.SH","688363","华熙生物","山东","医疗保健","hxsw","科创板","20191106","","","SSE","L","华熙生物科技股份有限公司","Bloomage Biotechnology Corporation Limited"
"688365.SH","688365","光云科技","浙江","软件服务","gykj","科创板","20200429","","","SSE","L","杭州光云科技股份有限公司","Hangzhou Raycloud Technology Co.,Ltd"
"688366.SH","688366","昊海生科","上海","医疗保健","hhsk","科创板","20191030","","","SSE","L","上海昊海生物科技股份有限公司","Shanghai Haohai Biological Technology Co.,Ltd"
"688367.SH","688367","工大高科","安徽","运输设备","gdgk","科创板","20210628","","","SSE","L","合肥工大高科信息科技股份有限公司","Hefei Gocom Information Technology Co.,Ltd."
"688368.SH","688368","晶丰明源","上海","半导体","jfmy","科创板","20191014","","","SSE","L","上海晶丰明源半导体股份有限公司","Shanghai Bright Power Semiconductor Co., Ltd."
"688369.SH","688369","致远互联","北京","软件服务","zyhl","科创板","20191031","","","SSE","L","北京致远互联软件股份有限公司","Beijing Seeyon Internet Software Corp."
"688370.SH","688370","丛麟科技","上海","环境保护","clkj","科创板","20220825","","","SSE","L","上海丛麟环保科技股份有限公司","Shanghai Conglin Environmental Protection Technology Co., Ltd."
"688371.SH","688371","菲沃泰","江苏","元器件","fwt","科创板","20220802","","","SSE","L","江苏菲沃泰纳米科技股份有限公司","Jiangsu Favored Nanotechnology Co., Ltd."
"688372.SH","688372","伟测科技","上海","半导体","wckj","科创板","20221026","","","SSE","L","上海伟测半导体科技股份有限公司","Shanghai V-Test Semiconductor Tech. Co., Ltd."
"688373.SH","688373","盟科药业-U","上海","化学制药","mkyy","科创板","20220805","","","SSE","L","上海盟科药业股份有限公司","Shanghai MicuRx Pharmaceutical Co., Ltd."
"688375.SH","688375","国博电子","江苏","元器件","gbdz","科创板","20220722","","","SSE","L","南京国博电子股份有限公司","Guobo Electronics Co., Ltd."
"688376.SH","688376","美埃科技","江苏","专用机械","makj","科创板","20221118","","","SSE","L","美埃(中国)环境科技股份有限公司","Mayair Technology (China) Co., Ltd."
"688377.SH","688377","迪威尔","江苏","专用机械","dwe","科创板","20200708","","","SSE","L","南京迪威尔高端制造股份有限公司","Nanjing Develop Advanced Manufacturing Co., Ltd."
"688378.SH","688378","奥来德","吉林","专用机械","ald","科创板","20200903","","","SSE","L","吉林奥来德光电材料股份有限公司","Jilin OLED Material Tech Co.,Ltd"
"688379.SH","688379","华光新材","浙江","机械基件","hgxc","科创板","20200819","","","SSE","L","杭州华光焊接新材料股份有限公司","Hangzhou Huaguang Advanced Welding Materials Co.,Ltd."
"688380.SH","688380","中微半导","深圳","半导体","zwbd","科创板","20220805","","","SSE","L","中微半导体(深圳)股份有限公司","China Micro Semicon(Shenzhen) Limited"
"688381.SH","688381","帝奥微","江苏","半导体","daw","科创板","20220823","","","SSE","L","江苏帝奥微电子股份有限公司","Dioo Microcircuits Co., Ltd. Jiangsu"
"688382.SH","688382","益方生物-U","上海","生物制药","yfsw","科创板","20220725","","","SSE","L","益方生物科技(上海)股份有限公司","InventisBio Co., Limited"
"688383.SH","688383","新益昌","深圳","专用机械","xyc","科创板","20210428","","","SSE","L","深圳新益昌科技股份有限公司","Shenzhen Xinyichang Technology Co., Ltd."
"688385.SH","688385","复旦微电","上海","半导体","fdwd","科创板","20210804","","","SSE","L","上海复旦微电子集团股份有限公司","Shanghai Fudan Microelectronics Group Co.,Ltd."
"688386.SH","688386","泛亚微透","江苏","化工原料","fywt","科创板","20201016","","","SSE","L","江苏泛亚微透科技股份有限公司","Pan Asian Microvent Tech (Jiangsu) Corporation"
"688387.SH","688387","信科移动-U","湖北","通信设备","xkyd","科创板","20220926","","","SSE","L","中信科移动通信技术股份有限公司","Cict Mobile Communication Technology Co., Ltd."
"688388.SH","688388","嘉元科技","广东","电气设备","jykj","科创板","20190722","","","SSE","L","广东嘉元科技股份有限公司","Guangdong Jiayuan Technology Co.,Ltd."
"688389.SH","688389","普门科技","深圳","医疗保健","pmkj","科创板","20191105","","","SSE","L","深圳普门科技股份有限公司","Shenzhen Lifotronic Technology Co.,Ltd"
"688390.SH","688390","固德威","江苏","电气设备","gdw","科创板","20200904","","","SSE","L","固德威技术股份有限公司","GoodWe Technologies Co., Ltd."
"688391.SH","688391","钜泉科技","上海","半导体","jqkj","科创板","20220913","","","SSE","L","钜泉光电科技(上海)股份有限公司","Hi-Trend Technology (Shanghai) Co.,Ltd"
"688392.SH","688392","骄成超声","上海","专用机械","jccs","科创板","20220927","","","SSE","L","上海骄成超声波技术股份有限公司","SBT Ultrasonic Technology Co.,Ltd."
"688393.SH","688393","安必平","广东","医疗保健","abp","科创板","20200820","","","SSE","L","广州安必平医药科技股份有限公司","Guangzhou LBP Medicine Science & Technology Co., Ltd."
"688395.SH","688395","正弦电气","深圳","机械基件","zxdq","科创板","20210429","","","SSE","L","深圳市正弦电气股份有限公司","Shenzhen SINE Electric Co., Ltd"
"688396.SH","688396","华润微","江苏","半导体","hrw","科创板","20200227","","","SSE","L","华润微电子有限公司","China Resources Microelectronics Limited"
"688398.SH","688398","赛特新材","福建","矿物制品","stxc","科创板","20200211","","","SSE","L","福建赛特新材股份有限公司","Fujian Supertch Advanced Material CO.,Ltd."
"688399.SH","688399","硕世生物","江苏","医疗保健","sssw","科创板","20191205","","","SSE","L","江苏硕世生物科技股份有限公司","Jiangsu Bioperfectus Technologies Co., Ltd."
"688400.SH","688400","凌云光","北京","专用机械","lyg","科创板","20220706","","","SSE","L","凌云光技术股份有限公司","LUSTER LightTech Co., LTD."
"688401.SH","688401","路维光电","深圳","半导体","lwgd","科创板","20220817","","","SSE","L","深圳市路维光电股份有限公司","Shenzhen Newway Photomask Making Co., Ltd."
"688403.SH","688403","汇成股份","安徽","半导体","hcgf","科创板","20220818","","","SSE","L","合肥新汇成微电子股份有限公司","Union Semiconductor (Hefei) Co., Ltd."
"688408.SH","688408","中信博","江苏","电气设备","zxb","科创板","20200828","","","SSE","L","江苏中信博新能源科技股份有限公司","Arctech Solar Holding Co., Ltd."
"688409.SH","688409","富创精密","辽宁","半导体","fcjm","科创板","20221010","","","SSE","L","沈阳富创精密设备股份有限公司","Shenyang Fortune Precision Equipment Co., Ltd."
"688410.SH","688410","山外山","重庆","医疗保健","sws","科创板","20221226","","","SSE","L","重庆山外山血液净化技术股份有限公司","Sws Hemodialysis Care Co .,Ltd."
"688411.SH","688411","海博思创","北京","电气设备","hbsc","科创板","20250127","","","SSE","L","北京海博思创科技股份有限公司","Beijing Hyperstrong Technology Co., Ltd."
"688416.SH","688416","恒烁股份","安徽","半导体","hsgf","科创板","20220829","","","SSE","L","恒烁半导体(合肥)股份有限公司","Zbit Semiconductor, Inc."
"688418.SH","688418","震有科技","深圳","通信设备","zykj","科创板","20200722","","","SSE","L","深圳震有科技股份有限公司","Genew Technologies Co.,Ltd."
"688419.SH","688419","耐科装备","安徽","半导体","nkzb","科创板","20221107","","","SSE","L","安徽耐科装备科技股份有限公司","Nextool Technology Co., Ltd."
"688420.SH","688420","美腾科技","天津","专用机械","mtkj","科创板","20221209","","","SSE","L","天津美腾科技股份有限公司","Tianjin Meiteng Technology Co., Ltd"
"688425.SH","688425","铁建重工","湖南","工程机械","tjzg","科创板","20210622","","","SSE","L","中国铁建重工集团股份有限公司","China Railway Construction Heavy Industry Corporation Limited"
"688426.SH","688426","康为世纪","江苏","生物制药","kwsj","科创板","20221025","","","SSE","L","江苏康为世纪生物科技股份有限公司","Jiangsu Cowin Biotech Co., Ltd."
"688428.SH","688428","诺诚健华-U","北京","生物制药","ncjh","科创板","20220921","","","SSE","L","诺诚健华医药有限公司","Innocare Pharma Limited"
"688429.SH","688429","时创能源","江苏","电气设备","scny","科创板","20230629","","","SSE","L","常州时创能源股份有限公司","Changzhou Shichuang Energy Co.,Ltd."
"688432.SH","688432","有研硅","北京","半导体","yyg","科创板","20221110","","","SSE","L","有研半导体硅材料股份公司","Grinm Semiconductor Materials Co., Ltd."
"688433.SH","688433","华曙高科","湖南","专用机械","hsgk","科创板","20230417","","","SSE","L","湖南华曙高科技股份有限公司","Farsoon Technologies Co., Ltd."
"688435.SH","688435","英方软件","上海","软件服务","yfrj","科创板","20230119","","","SSE","L","上海英方软件股份有限公司","Shanghai Information2 Software Inc."
"688439.SH","688439","振华风光","贵州","元器件","zhfg","科创板","20220826","","","SSE","L","贵州振华风光半导体股份有限公司","Guizhou Zhenhua Fengguang Semiconductor Co., Ltd."
"688443.SH","688443","智翔金泰-U","重庆","生物制药","zxjt","科创板","20230620","","","SSE","L","重庆智翔金泰生物制药股份有限公司","Chongqing Genrix Biopharmaceutical Co., Ltd."
"688448.SH","688448","磁谷科技","江苏","专用机械","cgkj","科创板","20220921","","","SSE","L","南京磁谷科技股份有限公司","Nanjing Cigu Technology Corp.,Ltd."
"688449.SH","688449","联芸科技","浙江","半导体","lykj","科创板","20241129","","","SSE","L","联芸科技(杭州)股份有限公司","Maxio Technology (Hangzhou) Co., Ltd."
"688450.SH","688450","光格科技","江苏","电器仪表","ggkj","科创板","20230724","","","SSE","L","苏州光格科技股份有限公司","Suzhou Agioe Technologies Co., Ltd"
"688455.SH","688455","科捷智能","山东","机械基件","kjzn","科创板","20220915","","","SSE","L","科捷智能科技股份有限公司","KENGIC Intelligent Technology Co., Ltd."
"688456.SH","688456","有研粉材","北京","铜","yyfc","科创板","20210317","","","SSE","L","有研粉末新材料股份有限公司","Gripm Advanced Materials Co., Ltd."
"688458.SH","688458","美芯晟","北京","半导体","mxs","科创板","20230522","","","SSE","L","美芯晟科技(北京)股份有限公司","Maxic Technology, Inc."
"688459.SH","688459","哈铁科技","黑龙江","运输设备","htkj","科创板","20221012","","","SSE","L","哈尔滨国铁科技集团股份有限公司","China Railway Harbin Group of Technology Corporation"
"688466.SH","688466","金科环境","北京","环境保护","jkhj","科创板","20200508","","","SSE","L","金科环境股份有限公司","GreenTech Environmental Co., Ltd."
"688468.SH","688468","科美诊断","北京","医疗保健","kmzd","科创板","20210409","","","SSE","L","科美诊断技术股份有限公司","Chemclin Diagnostics Co., Ltd"
"688469.SH","688469","芯联集成-U","浙江","半导体","xljc","科创板","20230510","","","SSE","L","芯联集成电路制造股份有限公司","United Nova Technology Co.,Ltd."
"688472.SH","688472","阿特斯","江苏","电气设备","ats","科创板","20230609","","","SSE","L","阿特斯阳光电力集团股份有限公司","CSI Solar Co., Ltd."
"688475.SH","688475","萤石网络","浙江","IT设备","yswl","科创板","20221228","","","SSE","L","杭州萤石网络股份有限公司","Hangzhou Ezviz Network Co.,Ltd."
"688478.SH","688478","晶升股份","江苏","半导体","jsgf","科创板","20230424","","","SSE","L","南京晶升装备股份有限公司","Crystal Growth & Energy Equipment Inc."
"688479.SH","688479","友车科技","上海","软件服务","yckj","科创板","20230511","","","SSE","L","用友汽车信息科技(上海)股份有限公司","Yonyou Auto Information Technology (Shanghai) Co., Ltd."
"688480.SH","688480","赛恩斯","湖南","环境保护","ses","科创板","20221125","","","SSE","L","赛恩斯环保股份有限公司","Science Environmental Protection CO.,LTD."
"688484.SH","688484","南芯科技","上海","半导体","nxkj","科创板","20230407","","","SSE","L","上海南芯半导体科技股份有限公司","Southchip Semiconductor Technology(Shanghai) Co., Ltd."
"688485.SH","688485","九州一轨","北京","运输设备","jzyg","科创板","20230118","","","SSE","L","北京九州一轨环境科技股份有限公司","Beijing Jiuzhouyigui Environmental Technology Co., Ltd."
"688486.SH","688486","龙迅股份","安徽","半导体","lxgf","科创板","20230221","","","SSE","L","龙迅半导体(合肥)股份有限公司","Lontium Semiconductor Corporation"
"688488.SH","688488","艾迪药业","江苏","生物制药","adyy","科创板","20200720","","","SSE","L","江苏艾迪药业集团股份有限公司","Jiangsu Aidea Pharmaceutical Group Co., Ltd."
"688489.SH","688489","三未信安","北京","IT设备","swxa","科创板","20221202","","","SSE","L","三未信安科技股份有限公司","Sansec Technology Co., Ltd."
"688496.SH","688496","清越科技","江苏","元器件","qykj","科创板","20221228","","","SSE","L","苏州清越光电科技股份有限公司","Suzhou Qingyue Optoelectronics Technology Co., Ltd."
"688498.SH","688498","源杰科技","陕西","半导体","yjkj","科创板","20221221","","","SSE","L","陕西源杰半导体科技股份有限公司","Yuanjie Semiconductor Technology Co., Ltd."
"688499.SH","688499","利元亨","广东","专用机械","lyh","科创板","20210701","","","SSE","L","广东利元亨智能装备股份有限公司","Guangdong Lyric Robot Automation Co., Ltd."
"688500.SH","688500","慧辰股份","北京","互联网","hcgf","科创板","20200716","","","SSE","L","北京慧辰资道资讯股份有限公司","HCR Co.,Ltd."
"688501.SH","688501","青达环保","山东","环境保护","qdhb","科创板","20210716","","","SSE","L","青岛达能环保设备股份有限公司","Qingdao Daneng Environmental Protection Equipment Co., Ltd."
"688502.SH","688502","茂莱光学","江苏","元器件","mlgx","科创板","20230309","","","SSE","L","南京茂莱光学科技股份有限公司","Mloptic Corp."
"688503.SH","688503","聚和材料","江苏","电气设备","jhcl","科创板","20221209","","","SSE","L","常州聚和新材料股份有限公司","Changzhou Fusion New Material Co., Ltd."
"688505.SH","688505","复旦张江","上海","化学制药","fdzj","科创板","20200619","","","SSE","L","上海复旦张江生物医药股份有限公司","Shanghai Fudan-Zhangjiang Bio-Pharmaceutical Co., Ltd."
"688506.SH","688506","百利天恒","四川","化学制药","blth","科创板","20230106","","","SSE","L","四川百利天恒药业股份有限公司","Sichuan Biokin Pharmaceutical Co., Ltd."
"688507.SH","688507","索辰科技","上海","软件服务","sckj","科创板","20230418","","","SSE","L","上海索辰信息科技股份有限公司","Shanghai Suochen Information Technology Co.,Ltd."
"688508.SH","688508","芯朋微","江苏","半导体","xpw","科创板","20200722","","","SSE","L","无锡芯朋微电子股份有限公司","Wuxi Chipown Micro-Electronics Limited"
"688509.SH","688509","正元地信","北京","软件服务","zydx","科创板","20210730","","","SSE","L","正元地理信息集团股份有限公司","Zhengyuan Geomatics Group Co.,Ltd."
"688510.SH","688510","航亚科技","江苏","航空","hykj","科创板","20201216","","","SSE","L","无锡航亚科技股份有限公司","Wuxi Hyatech Co.,Ltd."
"688511.SH","688511","*ST天微","四川","元器件","sttw","科创板","20210730","","","SSE","L","四川天微电子股份有限公司","Sichuan Tianwei Electronic Co.,Ltd."
"688512.SH","688512","慧智微-U","广东","半导体","hzw","科创板","20230516","","","SSE","L","广州慧智微电子股份有限公司","Smarter Microelectronics(Guangzhou)Co., Ltd."
"688513.SH","688513","苑东生物","四川","化学制药","ydsw","科创板","20200902","","","SSE","L","成都苑东生物制药股份有限公司","Chengdu Easton Bio Pharmaceuticals Co.,Ltd"
"688515.SH","688515","裕太微-U","江苏","半导体","ytw","科创板","20230210","","","SSE","L","裕太微电子股份有限公司","Motorcomm Electronic Technology Co., Ltd."
"688516.SH","688516","奥特维","江苏","专用机械","atw","科创板","20200521","","","SSE","L","无锡奥特维科技股份有限公司","Wuxi Autowell Technology Co.,Ltd."
"688517.SH","688517","金冠电气","河南","电气设备","jgdq","科创板","20210618","","","SSE","L","金冠电气股份有限公司","Jinguan Electric Co., Ltd."
"688518.SH","688518","联赢激光","深圳","专用机械","lyjg","科创板","20200622","","","SSE","L","深圳市联赢激光股份有限公司","Shenzhen United Winners Laser Co.,Ltd."
"688519.SH","688519","南亚新材","上海","元器件","nyxc","科创板","20200818","","","SSE","L","南亚新材料科技股份有限公司","Nanya New Material Technology Co.,Ltd."
"688520.SH","688520","神州细胞","北京","生物制药","szxb","科创板","20200622","","","SSE","L","北京神州细胞生物技术集团股份公司","Sinocelltech Group Limited"
"688521.SH","688521","芯原股份","上海","半导体","xygf","科创板","20200818","","","SSE","L","芯原微电子(上海)股份有限公司","Verisilicon Microelectronics (Shanghai) Co., Ltd."
"688522.SH","688522","纳睿雷达","广东","通信设备","nrld","科创板","20230301","","","SSE","L","广东纳睿雷达科技股份有限公司","Naruida Technology Co., Ltd."
"688523.SH","688523","航天环宇","湖南","航空","hthy","科创板","20230602","","","SSE","L","湖南航天环宇通信科技股份有限公司","Hunan Aerospace Huanyu Communication Technology Co.,Ltd."
"688525.SH","688525","佰维存储","深圳","半导体","bwcc","科创板","20221230","","","SSE","L","深圳佰维存储科技股份有限公司","Biwin Storage Technology Co., Ltd."
"688526.SH","688526","科前生物","湖北","农业综合","kqsw","科创板","20200922","","","SSE","L","武汉科前生物股份有限公司","Wuhan Keqian Biology Co.,Ltd"
"688528.SH","688528","秦川物联","四川","电器仪表","qcwl","科创板","20200701","","","SSE","L","成都秦川物联网科技股份有限公司","Chengdu Qinchuan Iot Technology Co., Ltd."
"688529.SH","688529","豪森智能","辽宁","专用机械","hszn","科创板","20201109","","","SSE","L","大连豪森智能制造股份有限公司","Dalian Haosen Intelligent Manufacturing Co., Ltd."
"688530.SH","688530","欧莱新材","广东","半导体","olxc","科创板","20240509","","","SSE","L","广东欧莱高新材料股份有限公司","Omat Advanced Materials (Guangdong) Co.,Ltd."
"688531.SH","688531","日联科技","江苏","专用机械","rlkj","科创板","20230331","","","SSE","L","日联科技集团股份有限公司","Unicomp Technology Group Co.,Ltd."
"688533.SH","688533","上声电子","江苏","汽车配件","ssdz","科创板","20210419","","","SSE","L","苏州上声电子股份有限公司","Suzhou SONAVOX Electronics Co.,Ltd."
"688535.SH","688535","华海诚科","江苏","半导体","hhck","科创板","20230404","","","SSE","L","江苏华海诚科新材料股份有限公司","Jiangsu HHCK Advanced Materials Co.,Ltd."
"688536.SH","688536","思瑞浦","江苏","半导体","srp","科创板","20200921","","","SSE","L","思瑞浦微电子科技(苏州)股份有限公司","3Peak Incorporated"
"688538.SH","688538","和辉光电-U","上海","半导体","hhgd","科创板","20210528","","","SSE","L","上海和辉光电股份有限公司","Everdisplay Optronics (Shanghai) Co.,Ltd."
"688539.SH","688539","高华科技","江苏","电器仪表","ghkj","科创板","20230418","","","SSE","L","南京高华科技股份有限公司","Nanjing Gova Technology Co., Ltd"
"688543.SH","688543","国科军工","江西","专用机械","gkjg","科创板","20230621","","","SSE","L","江西国科军工集团股份有限公司","Jiangxi Guoke Defence Group Co.,Ltd."
"688545.SH","688545","兴福电子","湖北","元器件","xfdz","科创板","20250122","","","SSE","L","湖北兴福电子材料股份有限公司","Hubei Sinophorus Electronic Materials Co.,Ltd."
"688548.SH","688548","广钢气体","广东","化工原料","ggqt","科创板","20230815","","","SSE","L","广州广钢气体能源股份有限公司","Guangzhou Guanggang Gases & Energy Co.,Ltd."
"688549.SH","688549","中巨芯-U","浙江","元器件","zjx","科创板","20230908","","","SSE","L","中巨芯科技股份有限公司","Grandit Co.,Ltd."
"688550.SH","688550","瑞联新材","陕西","化工原料","rlxc","科创板","20200902","","","SSE","L","西安瑞联新材料股份有限公司","Xi'an Manareco New Materials Co., Ltd."
"688551.SH","688551","科威尔","安徽","专用机械","kwe","科创板","20200910","","","SSE","L","科威尔技术股份有限公司","Kewell Technology Co., Ltd."
"688552.SH","688552","航天南湖","湖北","通信设备","htnh","科创板","20230518","","","SSE","L","航天南湖电子信息技术股份有限公司","Aerospace Nanhu Electronic Information Technology Co., Ltd."
"688553.SH","688553","汇宇制药-W","四川","化学制药","hyzy","科创板","20211026","","","SSE","L","四川汇宇制药股份有限公司","Sichuan Huiyu Pharmaceutical Co., Ltd."
"688556.SH","688556","高测股份","山东","专用机械","gcgf","科创板","20200807","","","SSE","L","青岛高测科技股份有限公司","Qingdao Gaoce Technology Co., Ltd."
"688557.SH","688557","兰剑智能","山东","专用机械","ljzn","科创板","20201202","","","SSE","L","兰剑智能科技股份有限公司","BlueSword Intelligent Technology Co.,Ltd."
"688558.SH","688558","国盛智科","江苏","机床制造","gszk","科创板","20200630","","","SSE","L","南通国盛智能科技集团股份有限公司","Nantong Guosheng Intelligence Technology Group Co., Ltd."
"688559.SH","688559","海目星","深圳","专用机械","hmx","科创板","20200909","","","SSE","L","海目星激光科技集团股份有限公司","Hymson Laser Technology Group Co.,Ltd."
"688560.SH","688560","明冠新材","江西","电气设备","mgxc","科创板","20201224","","","SSE","L","明冠新材料股份有限公司","Crown Advanced Material Co., Ltd."
"688561.SH","688561","奇安信-U","北京","软件服务","qax","科创板","20200722","","","SSE","L","奇安信科技集团股份有限公司","Qi An Xin Technology Group Inc."
"688562.SH","688562","航天软件","北京","软件服务","htrj","科创板","20230524","","","SSE","L","北京神舟航天软件技术股份有限公司","Beijing Shenzhou Aerospace Software Technology Co., Ltd."
"688563.SH","688563","航材股份","北京","航空","hcgf","科创板","20230719","","","SSE","L","北京航空材料研究院股份有限公司","Baimtec Material Co.,Ltd"
"688565.SH","688565","力源科技","浙江","环境保护","lykj","科创板","20210513","","","SSE","L","浙江海盐力源环保科技股份有限公司","Zhejiang Haiyan Power System Resources Environmental Technology Co.,Ltd"
"688566.SH","688566","吉贝尔","江苏","化学制药","jbe","科创板","20200518","","","SSE","L","江苏吉贝尔药业股份有限公司","Jiangsu Jibeier Pharmaceutical Co.,Ltd."
"688567.SH","688567","孚能科技","江西","电气设备","fnkj","科创板","20200717","","","SSE","L","孚能科技(赣州)股份有限公司","Farasis Energy (Gan Zhou) Co., Ltd."
"688568.SH","688568","中科星图","北京","软件服务","zkxt","科创板","20200708","","","SSE","L","中科星图股份有限公司","Geovis Technology Co.,Ltd"
"688569.SH","688569","铁科轨道","北京","运输设备","tkgd","科创板","20200831","","","SSE","L","北京铁科首钢轨道技术股份有限公司","Beijing Tieke Shougang Railway-Tech Co.,Ltd."
"688570.SH","688570","天玛智控","北京","专用机械","tmzk","科创板","20230605","","","SSE","L","北京天玛智控科技股份有限公司","Beijing Tianma Intelligent Control Technology Co., Ltd."
"688571.SH","688571","杭华股份","浙江","染料涂料","hhgf","科创板","20201211","","","SSE","L","杭华油墨股份有限公司","Hangzhou Tokaink Co.,Ltd."
"688573.SH","688573","信宇人","深圳","专用机械","xyr","科创板","20230817","","","SSE","L","深圳市信宇人科技股份有限公司","Shenzhen Xinyuren Technology Co.,Ltd."
"688575.SH","688575","亚辉龙","深圳","医疗保健","yhl","科创板","20210517","","","SSE","L","深圳市亚辉龙生物科技股份有限公司","Shenzhen Yhlo Biotech Co., Ltd."
"688576.SH","688576","西山科技","重庆","医疗保健","xskj","科创板","20230606","","","SSE","L","重庆西山科技股份有限公司","Chongqing Xishan Science & Technology Co., Ltd."
"688577.SH","688577","浙海德曼","浙江","机床制造","zhdm","科创板","20200916","","","SSE","L","浙江海德曼智能装备股份有限公司","Zhe Jiang Headman Machinery Co., Ltd."
"688578.SH","688578","艾力斯","上海","化学制药","als","科创板","20201202","","","SSE","L","上海艾力斯医药科技股份有限公司","Shanghai Allist Pharmaceuticals Co., Ltd"
"688579.SH","688579","山大地纬","山东","软件服务","sddw","科创板","20200717","","","SSE","L","山大地纬软件股份有限公司","Dareway Software Co.,Ltd."
"688580.SH","688580","伟思医疗","江苏","医疗保健","wsyl","科创板","20200721","","","SSE","L","南京伟思医疗科技股份有限公司","Nanjing Vishee Medical Technology Co., Ltd."
"688581.SH","688581","安杰思","浙江","医疗保健","ajs","科创板","20230519","","","SSE","L","杭州安杰思医学科技股份有限公司","Hangzhou AGS MedTech Co.,Ltd"
"688582.SH","688582","芯动联科","安徽","元器件","xdlk","科创板","20230630","","","SSE","L","安徽芯动联科微系统股份有限公司","Anhui Xdlk Microsystem Corporation Limited"
"688583.SH","688583","思看科技","浙江","电器仪表","skkj","科创板","20250115","","","SSE","L","思看科技(杭州)股份有限公司","Scantech (Hangzhou) Co., Ltd."
"688584.SH","688584","上海合晶","上海","半导体","shhj","科创板","20240208","","","SSE","L","上海合晶硅材料股份有限公司","Wafer Works (Shanghai) Co., Ltd."
"688585.SH","688585","上纬新材","上海","化工原料","swxc","科创板","20200928","","","SSE","L","上纬新材料科技股份有限公司","Swancor Advanced Materials Co., Ltd."
"688586.SH","688586","江航装备","安徽","航空","jhzb","科创板","20200731","","","SSE","L","合肥江航飞机装备股份有限公司","Avic Hefei Jianghang Aircraft Equipment Corporation Ltd."
"688588.SH","688588","凌志软件","江苏","软件服务","lzrj","科创板","20200511","","","SSE","L","苏州工业园区凌志软件股份有限公司","Linkage Software Co.,LTD"
"688589.SH","688589","力合微","深圳","半导体","lhw","科创板","20200722","","","SSE","L","深圳市力合微电子股份有限公司","Leaguer (Shenzhen) Microelectronics Corp."
"688590.SH","688590","新致软件","上海","软件服务","xzrj","科创板","20201207","","","SSE","L","上海新致软件股份有限公司","Shanghai Newtouch Software Co.,Ltd."
"688591.SH","688591","泰凌微","上海","半导体","tlw","科创板","20230825","","","SSE","L","泰凌微电子(上海)股份有限公司","Telink Semiconductor(Shanghai)Co.,Ltd."
"688592.SH","688592","司南导航","上海","通信设备","sndh","科创板","20230816","","","SSE","L","上海司南导航技术股份有限公司","Comnav Technology Ltd."
"688593.SH","688593","新相微","上海","半导体","xxw","科创板","20230601","","","SSE","L","上海新相微电子股份有限公司","Shanghai New Vision Microelectronics Co., Ltd."
"688595.SH","688595","芯海科技","深圳","半导体","xhkj","科创板","20200928","","","SSE","L","芯海科技(深圳)股份有限公司","Chipsea Technologies (Shenzhen) Corp., Ltd."
"688596.SH","688596","正帆科技","上海","专用机械","zfkj","科创板","20200820","","","SSE","L","上海正帆科技股份有限公司","Shanghai Gentech Co., Ltd."
"688597.SH","688597","煜邦电力","北京","电器仪表","ybdl","科创板","20210617","","","SSE","L","北京煜邦电力技术股份有限公司","Beijing Yupont Electric Power Technology Co., Ltd."
"688598.SH","688598","金博股份","湖南","矿物制品","jbgf","科创板","20200518","","","SSE","L","湖南金博碳素股份有限公司","KBC Corporation, Ltd."
"688599.SH","688599","天合光能","江苏","电气设备","thgn","科创板","20200610","","","SSE","L","天合光能股份有限公司","Trina Solar Co., Ltd."
"688600.SH","688600","皖仪科技","安徽","电器仪表","wykj","科创板","20200703","","","SSE","L","安徽皖仪科技股份有限公司","Anhui Wanyi Science and Technology Co.,Ltd."
"688601.SH","688601","力芯微","江苏","半导体","lxw","科创板","20210628","","","SSE","L","无锡力芯微电子股份有限公司","Wuxi Etek Microelectronics Co.,Ltd."
"688602.SH","688602","康鹏科技","上海","化工原料","kpkj","科创板","20230720","","","SSE","L","上海康鹏科技股份有限公司","Shanghai Chemspec Corporation"
"688603.SH","688603","天承科技","上海","化工原料","tckj","科创板","20230710","","","SSE","L","上海天承科技股份有限公司","Shanghai Skychem Technology Co., Ltd."
"688605.SH","688605","先锋精科","江苏","半导体","xfjk","科创板","20241212","","","SSE","L","江苏先锋精密科技股份有限公司","Sprint Precision Technologies Co., Ltd."
"688606.SH","688606","奥泰生物","浙江","医疗保健","atsw","科创板","20210325","","","SSE","L","杭州奥泰生物技术股份有限公司","Hangzhou Alltest Biotech Co., Ltd"
"688607.SH","688607","康众医疗","江苏","医疗保健","kzyl","科创板","20210201","","","SSE","L","江苏康众数字医疗科技股份有限公司","CareRay Digital Medical Technology Co., Ltd."
"688608.SH","688608","恒玄科技","上海","半导体","hxkj","科创板","20201216","","","SSE","L","恒玄科技(上海)股份有限公司","Bestechnic (Shanghai) Co., Ltd."
"688609.SH","688609","九联科技","广东","家用电器","jlkj","科创板","20210323","","","SSE","L","广东九联科技股份有限公司","Unionman Technology Co., Ltd."
"688610.SH","688610","埃科光电","安徽","电器仪表","akgd","科创板","20230719","","","SSE","L","合肥埃科光电科技股份有限公司","Hefei I-Tek Optoelectronics Co., Ltd."
"688611.SH","688611","杭州柯林","浙江","电气设备","hzkl","科创板","20210412","","","SSE","L","杭州柯林电气股份有限公司","Hangzhou Kelin Electric Co.Ltd."
"688612.SH","688612","威迈斯","深圳","汽车配件","wms","科创板","20230726","","","SSE","L","深圳威迈斯新能源(集团)股份有限公司","Shenzhen VMAX New Energy (Group) Co., Ltd"
"688613.SH","688613","奥精医疗","北京","医疗保健","ajyl","科创板","20210521","","","SSE","L","奥精医疗科技股份有限公司","Allgens Medical Technology Co., Ltd."
"688615.SH","688615","合合信息","上海","软件服务","hhxx","科创板","20240926","","","SSE","L","上海合合信息科技股份有限公司","Intsig Information Co., Ltd."
"688616.SH","688616","西力科技","浙江","电器仪表","xlkj","科创板","20210318","","","SSE","L","杭州西力智能科技股份有限公司","Hangzhou Xili Intelligent Technology Co.,Ltd."
"688617.SH","688617","惠泰医疗","深圳","医疗保健","htyl","科创板","20210107","","","SSE","L","深圳惠泰医疗器械股份有限公司","APT Medical Inc."
"688618.SH","688618","三旺通信","深圳","通信设备","swtx","科创板","20201230","","","SSE","L","深圳市三旺通信股份有限公司","3Onedata Co., Ltd."
"688619.SH","688619","罗普特","福建","软件服务","lpt","科创板","20210223","","","SSE","L","罗普特科技集团股份有限公司","Ropeok Technology Group Co.,Ltd."
"688620.SH","688620","安凯微","广东","半导体","akw","科创板","20230627","","","SSE","L","广州安凯微电子股份有限公司","Guangzhou Anyka Microelectronics Co., Ltd."
"688621.SH","688621","阳光诺和","北京","医疗保健","ygnh","科创板","20210621","","","SSE","L","北京阳光诺和药物研究股份有限公司","Beijing Sun-Novo Pharmaceutical Research Co.,Ltd."
"688622.SH","688622","禾信仪器","广东","电器仪表","hxyq","科创板","20210913","","","SSE","L","广州禾信仪器股份有限公司","Guangzhou Hexin Instrument Co.,Ltd"
"688623.SH","688623","双元科技","浙江","专用机械","sykj","科创板","20230608","","","SSE","L","浙江双元科技股份有限公司","Zhejiang Shuangyuan Technology Co., Ltd."
"688625.SH","688625","呈和科技","广东","化工原料","chkj","科创板","20210607","","","SSE","L","呈和科技股份有限公司","GCH Technology Co.,Ltd."
"688626.SH","688626","翔宇医疗","河南","医疗保健","xyyl","科创板","20210331","","","SSE","L","河南翔宇医疗设备股份有限公司","Xiangyu Medical Co.,Ltd"
"688627.SH","688627","精智达","深圳","专用机械","jzd","科创板","20230718","","","SSE","L","深圳精智达技术股份有限公司","Shenzhen SEICHI Technologies Co., Ltd."
"688628.SH","688628","优利德","广东","电器仪表","yld","科创板","20210201","","","SSE","L","优利德科技(中国)股份有限公司","Uni-Trend Technology (China) Co.,Ltd."
"688629.SH","688629","华丰科技","四川","元器件","hfkj","科创板","20230627","","","SSE","L","四川华丰科技股份有限公司","Sichuan Huafeng Technology Co., LTD."
"688630.SH","688630","芯碁微装","安徽","专用机械","xqwz","科创板","20210401","","","SSE","L","合肥芯碁微电子装备股份有限公司","Circuit Fabology Microelectronics Equipment Co., Ltd"
"688631.SH","688631","莱斯信息","江苏","软件服务","lsxx","科创板","20230628","","","SSE","L","南京莱斯信息技术股份有限公司","Nanjing Les Information Technology Co., Ltd"
"688633.SH","688633","星球石墨","江苏","专用机械","xqsm","科创板","20210324","","","SSE","L","南通星球石墨股份有限公司","Nantong Xingqiu Graphite Co., Ltd."
"688636.SH","688636","智明达","四川","元器件","zmd","科创板","20210408","","","SSE","L","成都智明达电子股份有限公司","Chengdu Zhimingda Electronics Co., Ltd."
"688638.SH","688638","誉辰智能","深圳","专用机械","yczn","科创板","20230712","","","SSE","L","深圳市誉辰智能装备股份有限公司","Shenzhen Utimes Intelligent Equipment Co., Ltd."
"688639.SH","688639","华恒生物","安徽","化学制药","hhsw","科创板","20210422","","","SSE","L","安徽华恒生物科技股份有限公司","Anhui Huaheng Biotechnology Co., Ltd."
"688646.SH","688646","ST逸飞","湖北","专用机械","styf","科创板","20230728","","","SSE","L","武汉逸飞激光股份有限公司","Wuhan Yifi Laser Corporation Limited"
"688648.SH","688648","中邮科技","上海","机床制造","zykj","科创板","20231113","","","SSE","L","中邮科技股份有限公司","China Post Technology Co., Ltd."
"688651.SH","688651","盛邦安全","北京","软件服务","sbaq","科创板","20230726","","","SSE","L","远江盛邦安全科技集团股份有限公司","WebRAY Tech Group Inc."
"688652.SH","688652","京仪装备","北京","半导体","jyzb","科创板","20231129","","","SSE","L","北京京仪自动化装备技术股份有限公司","Beijing Jingyi Automation Equipment Co., Ltd."
"688653.SH","688653","康希通信","上海","半导体","kxtx","科创板","20231117","","","SSE","L","格兰康希通信科技(上海)股份有限公司","Grand Kangxi Communication Technologies (Shanghai) Co., Ltd."
"688655.SH","688655","迅捷兴","深圳","元器件","xjx","科创板","20210511","","","SSE","L","深圳市迅捷兴科技股份有限公司","Shenzhen Xunjiexing Technology Corp. Ltd"
"688656.SH","688656","浩欧博","江苏","医疗保健","hob","科创板","20210113","","","SSE","L","江苏浩欧博生物医药股份有限公司","Hob Biotech Group Corp., Ltd"
"688657.SH","688657","浩辰软件","江苏","软件服务","hcrj","科创板","20231010","","","SSE","L","苏州浩辰软件股份有限公司","Gstarsoft Co., Ltd."
"688658.SH","688658","悦康药业","北京","化学制药","ykyy","科创板","20201224","","","SSE","L","悦康药业集团股份有限公司","Youcare Pharmaceutical Group Co.,Ltd."
"688659.SH","688659","元琛科技","安徽","环境保护","yckj","科创板","20210331","","","SSE","L","安徽元琛环保科技股份有限公司","Anhui Yuanchen Environmental Protection Science & Technology Co., Ltd."
"688660.SH","688660","电气风电","上海","电气设备","dqfd","科创板","20210519","","","SSE","L","上海电气风电集团股份有限公司","Shanghai Electric Wind Power Group Co., Ltd."
"688661.SH","688661","和林微纳","江苏","元器件","hlwn","科创板","20210329","","","SSE","L","苏州和林微纳科技股份有限公司","Suzhou UIGreen Micro&Nano Technologies Co.,Ltd"
"688662.SH","688662","富信科技","广东","元器件","fxkj","科创板","20210401","","","SSE","L","广东富信科技股份有限公司","Guangdong Fuxin Technology Co., Ltd."
"688663.SH","688663","新风光","山东","电气设备","xfg","科创板","20210413","","","SSE","L","新风光电子科技股份有限公司","Windsun Science Technology Co.,Ltd."
"688665.SH","688665","四方光电","湖北","电器仪表","sfgd","科创板","20210209","","","SSE","L","四方光电股份有限公司","Cubic Sensor and Instrument Co.,Ltd"
"688667.SH","688667","菱电电控","湖北","汽车配件","lddk","科创板","20210312","","","SSE","L","武汉菱电汽车电控系统股份有限公司","Wuhan Lincontrol Automotive Electronics Co., Ltd."
"688668.SH","688668","鼎通科技","广东","通信设备","dtkj","科创板","20201221","","","SSE","L","东莞市鼎通精密科技股份有限公司","Dongguan Dingtong Precision Metal Co.,Ltd."
"688669.SH","688669","聚石化学","广东","化工原料","jshx","科创板","20210125","","","SSE","L","广东聚石化学股份有限公司","Polyrocks Chemical Co.,Ltd."
"688670.SH","688670","金迪克","江苏","生物制药","jdk","科创板","20210802","","","SSE","L","江苏金迪克生物技术股份有限公司","Jiangsu Gdk Biological Technology Co., Ltd"
"688671.SH","688671","碧兴物联","深圳","环境保护","bxwl","科创板","20230809","","","SSE","L","碧兴物联科技(深圳)股份有限公司","Bescient Technologies Co.,Ltd."
"688676.SH","688676","金盘科技","海南","电气设备","jpkj","科创板","20210309","","","SSE","L","海南金盘智能科技股份有限公司","Hainan Jinpan Smart Technology Co., Ltd."
"688677.SH","688677","海泰新光","山东","医疗保健","htxg","科创板","20210226","","","SSE","L","青岛海泰新光科技股份有限公司","Qingdao Novelbeam Technology Co.,Ltd."
"688678.SH","688678","福立旺","江苏","元器件","flw","科创板","20201223","","","SSE","L","福立旺精密机电(中国)股份有限公司","Freewon China Co.,Ltd."
"688679.SH","688679","通源环境","安徽","环境保护","tyhj","科创板","20201225","","","SSE","L","安徽省通源环境节能股份有限公司","Anhui Tongyuan Environment Energy Saving Co.,Ltd."
"688680.SH","688680","海优新材","上海","塑料","hyxc","科创板","20210122","","","SSE","L","上海海优威新材料股份有限公司","Shanghai HIUV New Materials Co.,Ltd"
"688681.SH","688681","科汇股份","山东","电气设备","khgf","科创板","20210616","","","SSE","L","山东科汇电力自动化股份有限公司","Shandong Kehui Power Automation Co., Ltd."
"688682.SH","688682","霍莱沃","上海","软件服务","hlw","科创板","20210420","","","SSE","L","上海霍莱沃电子系统技术股份有限公司","Shanghai Hollywave Electronic System Co., Ltd."
"688683.SH","688683","莱尔科技","广东","元器件","lekj","科创板","20210412","","","SSE","L","广东莱尔新材料科技股份有限公司","Guangdong Leary New Material Technology Co.,Ltd"
"688685.SH","688685","迈信林","江苏","航空","mxl","科创板","20210513","","","SSE","L","江苏迈信林航空科技股份有限公司","Jiangsu Maixinlin Aviation Science and Technology Corp."
"688686.SH","688686","奥普特","广东","电器仪表","apt","科创板","20201231","","","SSE","L","广东奥普特科技股份有限公司","OPT Machine Vision Tech Co., Ltd"
"688687.SH","688687","凯因科技","北京","生物制药","kykj","科创板","20210208","","","SSE","L","北京凯因科技股份有限公司","Beijing Kawin Technology Share-Holding Co., Ltd."
"688689.SH","688689","银河微电","江苏","半导体","yhwd","科创板","20210127","","","SSE","L","常州银河世纪微电子股份有限公司","Changzhou Galaxy Century Microelectronics Co.,Ltd."
"688690.SH","688690","纳微科技","江苏","化工原料","nwkj","科创板","20210623","","","SSE","L","苏州纳微科技股份有限公司","Suzhou Nanomicro Technology Co., Ltd"
"688691.SH","688691","灿芯股份","上海","半导体","cxgf","科创板","20240411","","","SSE","L","灿芯半导体(上海)股份有限公司","Brite Semiconductor (Shanghai) Co., Ltd."
"688692.SH","688692","达梦数据","湖北","软件服务","dmsj","科创板","20240612","","","SSE","L","武汉达梦数据库股份有限公司","Wuhan Dameng Database Company Limited"
"688693.SH","688693","锴威特","江苏","半导体","kwt","科创板","20230818","","","SSE","L","苏州锴威特半导体股份有限公司","SuZhou Convert Semiconductor Co., Ltd."
"688695.SH","688695","中创股份","山东","软件服务","zcgf","科创板","20240313","","","SSE","L","山东中创软件商用中间件股份有限公司","Shandong Cvicse Middleware Co., Ltd."
"688696.SH","688696","极米科技","四川","家用电器","jmkj","科创板","20210303","","","SSE","L","极米科技股份有限公司","Xgimi Technology Co., Ltd."
"688697.SH","688697","纽威数控","江苏","机床制造","nwsk","科创板","20210917","","","SSE","L","纽威数控装备(苏州)股份有限公司","Neway CNC Equipment (Suzhou) Co., Ltd."
"688698.SH","688698","伟创电气","江苏","电气设备","wcdq","科创板","20201229","","","SSE","L","苏州伟创电气科技股份有限公司","Suzhou Veichi Electric Co., Ltd."
"688699.SH","688699","明微电子","深圳","半导体","mwdz","科创板","20201218","","","SSE","L","深圳市明微电子股份有限公司","Shenzhen Sunmoon Microelectronics Co., Ltd."
"688700.SH","688700","东威科技","江苏","专用机械","dwkj","科创板","20210615","","","SSE","L","昆山东威科技股份有限公司","Kunshan Dongwei Technology Co.,Ltd."
"688701.SH","688701","卓锦股份","浙江","环境保护","zjgf","科创板","20210916","","","SSE","L","浙江卓锦环保科技股份有限公司","Zhejiang Zone-King Environmental Sci&Tech Co., Ltd."
"688702.SH","688702","盛科通信-U","江苏","半导体","sktx","科创板","20230914","","","SSE","L","苏州盛科通信股份有限公司","Suzhou Centec Communications Co., Ltd."
"688707.SH","688707","振华新材","贵州","电气设备","zhxc","科创板","20210914","","","SSE","L","贵州振华新材料股份有限公司","Guizhou Zhenhua E-Chem Inc."
"688708.SH","688708","佳驰科技","四川","化工原料","jckj","科创板","20241205","","","SSE","L","成都佳驰电子科技股份有限公司","Chengdu Jiachi Electronic Technology Co., Ltd."
"688709.SH","688709","成都华微","四川","半导体","cdhw","科创板","20240207","","","SSE","L","成都华微电子科技股份有限公司","Chengdu Sino-Microelectronics Tech. Co., Ltd."
"688710.SH","688710","益诺思","上海","生物制药","yns","科创板","20240903","","","SSE","L","上海益诺思生物技术股份有限公司","Shanghai InnoStar Bio-tech Co., Ltd."
"688711.SH","688711","宏微科技","江苏","半导体","hwkj","科创板","20210901","","","SSE","L","江苏宏微科技股份有限公司","Macmic Science&Technology Co., Ltd."
"688716.SH","688716","中研股份","吉林","化工原料","zygf","科创板","20230920","","","SSE","L","吉林省中研高分子材料股份有限公司","Jilin Joinature Polymer Co., Ltd."
"688717.SH","688717","艾罗能源","浙江","电气设备","alny","科创板","20240103","","","SSE","L","浙江艾罗网络能源技术股份有限公司","SolaX Power Network Technology (Zhejiang) Co., Ltd."
"688718.SH","688718","唯赛勃","上海","塑料","wsb","科创板","20210728","","","SSE","L","上海唯赛勃新材料股份有限公司","Wave Cyber(Shanghai)Co., Ltd."
"688719.SH","688719","爱科赛博","陕西","电气设备","aksb","科创板","20230928","","","SSE","L","西安爱科赛博电气股份有限公司","Xi'an Actionpower Electric Co., Ltd."
"688720.SH","688720","艾森股份","江苏","半导体","asgf","科创板","20231206","","","SSE","L","江苏艾森半导体材料股份有限公司","Jiangsu Aisen Semiconductor Material Co.,Ltd."
"688721.SH","688721","龙图光罩","深圳","半导体","ltgz","科创板","20240806","","","SSE","L","深圳市龙图光罩股份有限公司","ShenZhen Longtu Photomask Co., Ltd."
"688722.SH","688722","同益中","北京","化纤","tyz","科创板","20211019","","","SSE","L","北京同益中新材料科技股份有限公司","Beijing Tongyizhong New Material Technology Corporation"
"688726.SH","688726","拉普拉斯","深圳","专用机械","lpls","科创板","20241029","","","SSE","L","拉普拉斯新能源科技股份有限公司","Laplace Renewable Energy Technology Co., Ltd."
"688728.SH","688728","格科微","上海","半导体","gkw","科创板","20210818","","","SSE","L","格科微有限公司","Galaxycore Inc."
"688729.SH","688729","屹唐股份","北京","半导体","ytgf","科创板","20250708","","","SSE","L","北京屹唐半导体科技股份有限公司","Beijing E-Town Semiconductor Technology Co., Ltd."
"688733.SH","688733","壹石通","安徽","矿物制品","yst","科创板","20210817","","","SSE","L","安徽壹石通材料科技股份有限公司","Anhui Estone Materials Technology Co., Ltd."
"688737.SH","688737","中自科技","四川","汽车配件","zzkj","科创板","20211022","","","SSE","L","中自科技股份有限公司","SINOTECH Company Limited"
"688739.SH","688739","成大生物","辽宁","生物制药","cdsw","科创板","20211028","","","SSE","L","辽宁成大生物股份有限公司","Liaoning Chengda Biotechnology Co.,Ltd."
"688750.SH","688750","金天钛业","湖南","小金属","jtty","科创板","20241120","","","SSE","L","湖南湘投金天钛业科技股份有限公司","Hunan Xiangtou Goldsky Titanium Industry Technology Co., Ltd."
"688755.SH","688755","汉邦科技","江苏","专用机械","hbkj","科创板","20250516","","","SSE","L","江苏汉邦科技股份有限公司","Jiangsu Hanbon Science and Technology Co., Ltd."
"688757.SH","688757","胜科纳米","江苏","电器仪表","sknm","科创板","20250325","","","SSE","L","胜科纳米(苏州)股份有限公司","Wintech Nano (Suzhou) Co., Ltd."
"688758.SH","688758","赛分科技","江苏","化工原料","sfkj","科创板","20250110","","","SSE","L","苏州赛分科技股份有限公司","Suzhou Sepax Technologies Co., Ltd."
"688766.SH","688766","普冉股份","上海","半导体","prgf","科创板","20210823","","","SSE","L","普冉半导体(上海)股份有限公司","Puya Semiconductor (Shanghai) Co., Ltd."
"688767.SH","688767","博拓生物","浙江","医疗保健","btsw","科创板","20210908","","","SSE","L","杭州博拓生物科技股份有限公司","Hangzhou Biotest Biotech Co.,Ltd."
"688768.SH","688768","容知日新","安徽","电器仪表","rzrx","科创板","20210726","","","SSE","L","安徽容知日新科技股份有限公司","Anhui Ronds Science&Technology Incorporated Company"
"688772.SH","688772","珠海冠宇","广东","电气设备","zhgy","科创板","20211015","","","SSE","L","珠海冠宇电池股份有限公司","Zhuhai CosMX Battery Co., Ltd."
"688775.SH","688775","影石创新","深圳","IT设备","yscx","科创板","20250611","","","SSE","L","影石创新科技股份有限公司","Arashi Vision Inc."
"688776.SH","688776","国光电气","四川","元器件","ggdq","科创板","20210831","","","SSE","L","成都国光电气股份有限公司","Guoguang Electric Co.,Ltd.Chengdu"
"688777.SH","688777","中控技术","浙江","专用机械","zkjs","科创板","20201124","","","SSE","L","中控技术股份有限公司","Supcon Technology Co.,Ltd."
"688778.SH","688778","厦钨新能","福建","电气设备","xwxn","科创板","20210805","","","SSE","L","厦门厦钨新能源材料股份有限公司","Xtc New Energy Materials(Xiamen) Co.,Ltd."
"688779.SH","688779","五矿新能","湖南","电气设备","wkxn","科创板","20210811","","","SSE","L","五矿新能源材料(湖南)股份有限公司","Minmetals New Energy Materials(Hunan)Co.,Ltd."
"688786.SH","688786","悦安新材","江西","小金属","yaxc","科创板","20210826","","","SSE","L","江西悦安新材料股份有限公司","Jiangxi Yuean Advanced Materials Co.,Ltd."
"688787.SH","688787","海天瑞声","北京","软件服务","htrs","科创板","20210813","","","SSE","L","北京海天瑞声科技股份有限公司","Beijing Haitian Ruisheng Science Technology Ltd."
"688788.SH","688788","科思科技","深圳","通信设备","kskj","科创板","20201022","","","SSE","L","深圳市科思科技股份有限公司","Shenzhen Consys Science&Technology Co., Ltd."
"688789.SH","688789","宏华数科","浙江","专用机械","hhsk","科创板","20210708","","","SSE","L","杭州宏华数码科技股份有限公司","Hangzhou Honghua Digital Technology Stock Company LTD."
"688793.SH","688793","倍轻松","深圳","家用电器","bqs","科创板","20210715","","","SSE","L","深圳市倍轻松科技股份有限公司","Shenzhen Breo Technology Co.,Ltd"
"688798.SH","688798","艾为电子","上海","半导体","awdz","科创板","20210816","","","SSE","L","上海艾为电子技术股份有限公司","Shanghai Awinic Technology Co.,Ltd."
"688799.SH","688799","华纳药厂","湖南","化学制药","hnyc","科创板","20210713","","","SSE","L","湖南华纳大药厂股份有限公司","Hunan Warrant Pharmaceutical Co.,Ltd"
"688800.SH","688800","瑞可达","江苏","元器件","rkd","科创板","20210722","","","SSE","L","苏州瑞可达连接系统股份有限公司","Suzhou Recodeal Interconnect System Co.,Ltd"
"688819.SH","688819","天能股份","浙江","电气设备","tngf","科创板","20210118","","","SSE","L","天能电池集团股份有限公司","Tianneng Battery Group Co.,Ltd."
"688981.SH","688981","中芯国际","上海","半导体","zxgj","科创板","20200716","","","SSE","L","中芯国际集成电路制造有限公司","Semiconductor Manufacturing International Corporation"
"920000.BJ","920000","安徽凤凰","安徽","汽车配件","ahfh","北交所","20201223","","","BSE","L","安徽凤凰滤清器股份有限公司","Anhui Phoenix Filter Co.,Ltd."
"920001.BJ","920001","纬达光电","广东","元器件","wdgd","北交所","20221227","","","BSE","L","佛山纬达光电材料股份有限公司","Winda Opto-Electronics Co.,Ltd"
"920002.BJ","920002","万达轴承","江苏","工程机械","wdzc","北交所","20240530","","","BSE","L","江苏万达特种轴承股份有限公司","Jiangsu Wanda Special Bearing Co., Ltd"
"920005.BJ","920005","鼎佳精密","江苏","元器件","djjm","北交所","20250731","","","BSE","L","苏州鼎佳精密科技股份有限公司","Suzhou Topbest Precision Technology Co.,Ltd."
"920006.BJ","920006","晟楠科技","江苏","航空","snkj","北交所","20230518","","","BSE","L","江苏晟楠电子科技股份有限公司","Jiangsu Shengnan Electronic Technology Co.,Ltd."
"920007.BJ","920007","酉立智能","江苏","电气设备","ylzn","北交所","20250808","","","BSE","L","江苏酉立智能装备股份有限公司","Jiangsu Youli Intelligent Equipment Co.,Ltd"
"920008.BJ","920008","成电光信","四川","通信设备","cdgx","北交所","20240829","","","BSE","L","成都成电光信科技股份有限公司","Chengdu Uestc Optical Communications Corp."
"920010.BJ","920010","凯添燃气","宁夏","供气供热","ktrq","北交所","20200727","","","BSE","L","宁夏凯添燃气发展股份有限公司","Ning Xia Kai Tian Gas Development Company Limited"
"920014.BJ","920014","特瑞斯","江苏","专用机械","trs","北交所","20221213","","","BSE","L","特瑞斯能源装备股份有限公司","Terrence Energy Co., Ltd."
"920015.BJ","920015","锦华新材","浙江","化工原料","jhxc","北交所","20250925","","","BSE","L","浙江锦华新材料股份有限公司","Zhejiang Jinhua New Material Co., Ltd"
"920016.BJ","920016","中草香料","安徽","日用化工","zcxl","北交所","20240913","","","BSE","L","安徽中草香料股份有限公司","Anhui Chinaherb Flavors & Fragrances Co.,Ltd."
"920017.BJ","920017","星昊医药","北京","化学制药","xhyy","北交所","20230531","","","BSE","L","北京星昊医药股份有限公司","Beijing Sunho Pharmaceutical Co., Ltd."
"920018.BJ","920018","宏远股份","辽宁","电气设备","hygf","北交所","20250820","","","BSE","L","沈阳宏远电磁线股份有限公司","Shenyang Hongyuan Magnet Wire Co., Ltd."
"920019.BJ","920019","铜冠矿建","安徽","建筑工程","tgkj","北交所","20241011","","","BSE","L","铜陵有色金属集团铜冠矿山建设股份有限公司","Tongguan Mines Construction Co., Ltd. of Tongling Nonferrous Metals Group"
"920021.BJ","920021","流金科技","北京","影视音像","ljkj","北交所","20200727","","","BSE","L","北京流金岁月传媒科技股份有限公司","Beijing Golden Times Media Technology Corp., Ltd."
"920022.BJ","920022","世昌股份","河北","汽车配件","scgf","北交所","20250919","","","BSE","L","河北世昌汽车部件股份有限公司","Hebei Shichang Auto Parts Co.,Ltd."
"920023.BJ","920023","田野股份","广西","食品","tygf","北交所","20230202","","","BSE","L","田野创新股份有限公司","Tianye Innovation Company"
"920026.BJ","920026","卓兆点胶","江苏","机械基件","zzdj","北交所","20231019","","","BSE","L","苏州卓兆点胶股份有限公司","Suzhou Zhuozhao Dispensing Technology Co., Ltd"
"920027.BJ","920027","交大铁发","四川","运输设备","jdtf","北交所","20250610","","","BSE","L","四川西南交大铁路发展股份有限公司","Sichuan Swjtu Railway Development Co., Ltd."
"920029.BJ","920029","开发科技","四川","电器仪表","kfkj","北交所","20250328","","","BSE","L","成都长城开发科技股份有限公司","Shenzhen Kaifa Technology (Chengdu) Co., Ltd."
"920030.BJ","920030","德众汽车","湖南","汽车服务","dzqc","北交所","20201127","","","BSE","L","湖南德众汽车销售服务股份有限公司","Hunan Dezhong Automotive Sales Service Limited By Share Ltd"
"920033.BJ","920033","康普化学","重庆","化工原料","kphx","北交所","20221221","","","BSE","L","重庆康普化学工业股份有限公司","Kopper Chemical Industry Corp.,Ltd"
"920037.BJ","920037","广信科技","湖南","电气设备","gxkj","北交所","20250626","","","BSE","L","湖南广信科技股份有限公司","Hunan Guangxin Technology Co., Ltd."
"920039.BJ","920039","国义招标","广东","建筑工程","gyzb","北交所","20210818","","","BSE","L","国义招标股份有限公司","Gmg International Tendering Co.,Ltd"
"920046.BJ","920046","亿能电力","江苏","电气设备","yndl","北交所","20221013","","","BSE","L","无锡亿能电力设备股份有限公司","Wuxi Yinow Electric Equipment Co., Ltd."
"920047.BJ","920047","诺思兰德","北京","生物制药","nsld","北交所","20201124","","","BSE","L","北京诺思兰德生物技术股份有限公司","Beijing Northland Biotech Co.,Ltd."
"920056.BJ","920056","能之光","浙江","塑料","nzg","北交所","20250822","","","BSE","L","宁波能之光新材料科技股份有限公司","Ningbo Nengzhiguang New Materials Technology Co.,Ltd."
"920057.BJ","920057","百甲科技","江苏","钢加工","bjkj","北交所","20230314","","","BSE","L","徐州中煤百甲重钢科技股份有限公司","Xuzhou Zm-Besta Heavy Steel Structure Co.,Ltd."
"920058.BJ","920058","华洋赛车","浙江","摩托车","hysc","北交所","20230810","","","BSE","L","浙江华洋赛车股份有限公司","Zhejiang Kayo Motor Co.,Ltd."
"920060.BJ","920060","万源通","江苏","元器件","wyt","北交所","20241119","","","BSE","L","昆山万源通电子科技股份有限公司","Kunshan Wanyuantong Electronic Technology Co., Ltd."
"920061.BJ","920061","西磁科技","浙江","专用机械","xckj","北交所","20231221","","","BSE","L","宁波西磁科技发展股份有限公司","Ningbo Souwest Magnetech Development Co., Ltd"
"920062.BJ","920062","科润智控","浙江","电气设备","krzk","北交所","20220713","","","BSE","L","科润智能控制股份有限公司","Kerun Intelligent Control Co.,Ltd"
"920066.BJ","920066","科拜尔","安徽","塑料","kbe","北交所","20241031","","","BSE","L","合肥科拜尔新材料股份有限公司","Hefei Cobel Advanced Plastics Co.,Ltd."
"920068.BJ","920068","天工股份","江苏","小金属","tggf","北交所","20250513","","","BSE","L","江苏天工科技股份有限公司","Jiangsu Tiangong Technology Co., Ltd."
"920075.BJ","920075","柏星龙","深圳","广告包装","bxl","北交所","20221214","","","BSE","L","深圳市柏星龙创意包装股份有限公司","Shenzhen Baixinglong Creative Packaging Co., Ltd"
"920077.BJ","920077","吉林碳谷","吉林","化纤","jltg","北交所","20210831","","","BSE","L","吉林碳谷碳纤维股份有限公司","Jilin Tangu Carbon Fiber Co.,Ltd"
"920080.BJ","920080","N奥美森","广东","专用机械","ams","北交所","20251010","","","BSE","L","奥美森智能装备股份有限公司","OMS Machinery Co.,Ltd."
"920082.BJ","920082","方正阀门","浙江","机械基件","fzfm","北交所","20241226","","","BSE","L","方正阀门集团股份有限公司","Fangzheng Valve Group Co.,Ltd."
"920087.BJ","920087","秋乐种业","河南","种植业","qlzy","北交所","20221207","","","BSE","L","河南秋乐种业科技股份有限公司","Henan Qiule Seeds Technology,Co.,Ltd"
"920088.BJ","920088","科力股份","新疆","石油开采","klgf","北交所","20241029","","","BSE","L","新疆科力新技术发展股份有限公司","Xinjiang Keli New Technology Development Co.Ltd"
"920089.BJ","920089","禾昌聚合","江苏","塑料","hcjh","北交所","20211109","","","BSE","L","苏州禾昌聚合材料股份有限公司","Suzhou Hechang Polymeric Materials Co., Ltd"
"920090.BJ","920090","同辉信息","北京","IT设备","thxx","北交所","20210809","","","BSE","L","同辉佳视(北京)信息技术股份有限公司","Tonghuijiashi (Beijing) Information Technology Co.,Ltd."
"920092.BJ","920092","汉鑫科技","山东","软件服务","hxkj","北交所","20211115","","","BSE","L","山东汉鑫科技股份有限公司","Shandong Hiacent Technology Co., Ltd."
"920098.BJ","920098","科隆新材","陕西","橡胶","klxc","北交所","20241205","","","BSE","L","陕西科隆新材料科技股份有限公司","Shaanxi Kelong New Materials Technology Co.,Ltd"
"920099.BJ","920099","瑞华技术","江苏","石油加工","rhjs","北交所","20240925","","","BSE","L","常州瑞华化工工程技术股份有限公司","Changzhou Ruihua Chemical Eng And Tech Co., Ltd."
"920100.BJ","920100","三协电机","江苏","电气设备","sxdj","北交所","20250908","","","BSE","L","常州三协电机股份有限公司","Changzhou 3X Motion Technologies Co.Ltd."
"920101.BJ","920101","志高机械","浙江","专用机械","zgjx","北交所","20250814","","","BSE","L","浙江志高机械股份有限公司","Zhejiang Zhigao Machinery Co., Ltd."
"920106.BJ","920106","林泰新材","江苏","汽车配件","ltxc","北交所","20241218","","","BSE","L","江苏林泰新材科技股份有限公司","Jiangsu Lintex Advanced Materials Co.,Ltd"
"920108.BJ","920108","宏海科技","湖北","家用电器","hhkj","北交所","20250206","","","BSE","L","武汉宏海科技股份有限公司","Wuhan Honghai Technology Co., Ltd."
"920110.BJ","920110","雷特科技","广东","电气设备","ltkj","北交所","20221206","","","BSE","L","珠海雷特科技股份有限公司","Zhuhai Ltech Technology Co.,Ltd."
"920111.BJ","920111","聚星科技","浙江","电气设备","jxkj","北交所","20241111","","","BSE","L","温州聚星科技股份有限公司","Wenzhou Juxing Science And Technology Co.,Ltd."
"920112.BJ","920112","巴兰仕","上海","专用机械","bls","北交所","20250828","","","BSE","L","上海巴兰仕汽车检测设备股份有限公司","Shanghai Balance Automotive Equipment Co., Ltd"
"920116.BJ","920116","星图测控","安徽","软件服务","xtck","北交所","20250102","","","BSE","L","中科星图测控技术股份有限公司","Geovis Insighter Technology Co.,Ltd."
"920118.BJ","920118","太湖远大","浙江","塑料","thyd","北交所","20240822","","","BSE","L","浙江太湖远大新材料股份有限公司","Zhejiang Taihu Yuanda New Material Co., Ltd"
"920122.BJ","920122","中纺标","北京","综合类","zfb","北交所","20220927","","","BSE","L","中纺标检验认证股份有限公司","Chinatesta Textile Testing & Certification Services Co.,Ltd"
"920123.BJ","920123","芭薇股份","广东","日用化工","bwgf","北交所","20240329","","","BSE","L","广东芭薇生物科技股份有限公司","Guangdong Bawei Biotechnology Corporation"
"920128.BJ","920128","胜业电气","广东","元器件","sydq","北交所","20241129","","","BSE","L","胜业电气股份有限公司","Shengye Electric Co., Ltd."
"920130.BJ","920130","立方控股","浙江","软件服务","lfkg","北交所","20231102","","","BSE","L","杭州立方控股股份有限公司","Hangzhou Reformer Holding Co.,Ltd."
"920132.BJ","920132","泰鹏智能","山东","家居用品","tpzn","北交所","20231116","","","BSE","L","山东泰鹏智能家居股份有限公司","Shandong Taipeng Intelligent Household Products Co., Ltd."
"920139.BJ","920139","华岭股份","上海","半导体","hlgf","北交所","20221028","","","BSE","L","上海华岭集成电路技术股份有限公司","Sino Ic Technology Co.,Ltd."
"920145.BJ","920145","恒合股份","北京","环境保护","hhgf","北交所","20211115","","","BSE","L","北京恒合信业技术股份有限公司","Beijing Henghe Information & Technology Co.,Ltd."
"920146.BJ","920146","华阳变速","湖北","汽车配件","hybs","北交所","20210720","","","BSE","L","湖北华阳汽车变速系统股份有限公司","Hubei Huayang Automobile Gearshift System Co.,Ltd"
"920149.BJ","920149","旭杰科技","江苏","建筑工程","xjkj","北交所","20200727","","","BSE","L","旭杰科技(苏州)股份有限公司","Jcon Technology (Suzhou) Co.,Ltd."
"920152.BJ","920152","昆工科技","云南","小金属","kgkj","北交所","20220901","","","BSE","L","昆明理工恒达科技股份有限公司","Kunming Hendera Science And Technology Co.,Ltd"
"920163.BJ","920163","方大新材","河北","塑料","fdxc","北交所","20200727","","","BSE","L","河北方大新材料股份有限公司","Fangda Packaging Co., Ltd.(Hebei, China)"
"920167.BJ","920167","同享科技","江苏","小金属","txkj","北交所","20200727","","","BSE","L","同享(苏州)电子材料科技股份有限公司","Tonyshare (Suzhou) Electronic Material Technology Co.,Ltd"
"920169.BJ","920169","七丰精工","浙江","机械基件","qfjg","北交所","20220415","","","BSE","L","七丰精工科技股份有限公司","Qifeng Precision Industry Science and Technic Corp."
"920171.BJ","920171","志晟信息","河北","软件服务","zsxx","北交所","20211115","","","BSE","L","河北志晟信息技术股份有限公司","Hebei Raisesun Information Technology Co.,Ltd"
"920174.BJ","920174","五新隧装","湖南","工程机械","wxsz","北交所","20210820","","","BSE","L","湖南五新隧道智能装备股份有限公司","Hunan Wuxin Tunnel Intelligent Equipment Co.,Ltd."
"920175.BJ","920175","东方碳素","河南","化工原料","dfts","北交所","20230630","","","BSE","L","平顶山东方碳素股份有限公司","Pingdingshan Oriental Carbon Co.,Ltd"
"920179.BJ","920179","凯德石英","北京","矿物制品","kdsy","北交所","20220304","","","BSE","L","北京凯德石英股份有限公司","Beijing Kaide Quartz Co.,Ltd."
"920184.BJ","920184","国源科技","北京","软件服务","gykj","北交所","20200727","","","BSE","L","北京世纪国源科技股份有限公司","Beijing Century Grand Tech Corp.,Ltd."
"920185.BJ","920185","贝特瑞","深圳","化工原料","btr","北交所","20200727","","","BSE","L","贝特瑞新材料集团股份有限公司","BTR New Material Group Co., Ltd."
"920190.BJ","920190","雷神科技","山东","IT设备","lskj","北交所","20221223","","","BSE","L","青岛雷神科技股份有限公司","Qingdao Thunderobot Technology Co.,Ltd."
"920195.BJ","920195","三祥科技","山东","汽车配件","sxkj","北交所","20221230","","","BSE","L","青岛三祥科技股份有限公司","Qingdao Sunsong Co.,Ltd."
"920198.BJ","920198","微创光电","湖北","IT设备","wcgd","北交所","20200727","","","BSE","L","武汉微创光电股份有限公司","Welltrans O&E Co., Ltd."
"920199.BJ","920199","倍益康","四川","家用电器","byk","北交所","20221201","","","BSE","L","四川千里倍益康医疗科技股份有限公司","Sichuan Qian Li Beoka Medical Technology Co.,Ltd."
"920204.BJ","920204","沪江材料","江苏","塑料","hjcl","北交所","20220118","","","BSE","L","南京沪江复合材料股份有限公司","Nanjing Hujiang Composite Materials Co., Ltd."
"920207.BJ","920207","众诚科技","河南","软件服务","zckj","北交所","20220923","","","BSE","L","河南众诚信息科技股份有限公司","Henan Cocyber Information And Technology Co., Ltd."
"920208.BJ","920208","青矩技术","北京","建筑工程","qjjs","北交所","20230629","","","BSE","L","青矩技术股份有限公司","Greetec Co.,Ltd."
"920212.BJ","920212","智新电子","山东","元器件","zxdz","北交所","20210608","","","BSE","L","潍坊智新电子股份有限公司","Weifang Genius Electronics Co., Ltd."
"920221.BJ","920221","易实精密","江苏","汽车配件","ysjm","北交所","20230608","","","BSE","L","江苏易实精密科技股份有限公司","Ec Precision Technology (Jiangsu) Corporation"
"920223.BJ","920223","荣亿精密","浙江","机械基件","ryjm","北交所","20220609","","","BSE","L","浙江荣亿精密机械股份有限公司","Zhejiang Ronnie Precision Machine Co.,Ltd."
"920225.BJ","920225","利通科技","河南","橡胶","ltkj","北交所","20210225","","","BSE","L","漯河利通液压科技股份有限公司","Luohe Letone Hydraulics Technology Co.,Ltd"
"920227.BJ","920227","美登科技","浙江","软件服务","mdkj","北交所","20221228","","","BSE","L","杭州美登科技股份有限公司","Hangzhou Meideng Technology Co.,Ltd."
"920230.BJ","920230","欧康医药","四川","生物制药","okyy","北交所","20221209","","","BSE","L","成都欧康医药股份有限公司","Chengdu Okay Pharmaceutical Co.,Ltd"
"920237.BJ","920237","力佳科技","湖北","电气设备","ljkj","北交所","20221125","","","BSE","L","力佳电源科技(湖北)股份有限公司","Power Glory Battery Tech (Hubei) Co.,Ltd"
"920239.BJ","920239","长虹能源","四川","电气设备","chny","北交所","20210209","","","BSE","L","四川长虹新能源科技股份有限公司","Sichuan Changhong Newenergy Technology Co.,Ltd."
"920242.BJ","920242","建邦科技","山东","汽车配件","jbkj","北交所","20200727","","","BSE","L","青岛建邦汽车科技股份有限公司","Qi Automotive Co.,Ltd."
"920245.BJ","920245","威博液压","江苏","机械基件","wbyy","北交所","20220106","","","BSE","L","江苏威博液压股份有限公司","Jiangsu Vibo Hydraulics Joint Stock Co.,Ltd"
"920247.BJ","920247","华密新材","河北","橡胶","hmxc","北交所","20221223","","","BSE","L","河北华密新材科技股份有限公司","Hebei Huami New Material Technology Co.,Ltd"
"920249.BJ","920249","利尔达","浙江","元器件","led","北交所","20230217","","","BSE","L","利尔达科技集团股份有限公司","Lierda Science And Technology Group Co.,Ltd."
"920252.BJ","920252","天宏锂电","浙江","电气设备","thld","北交所","20230119","","","BSE","L","浙江天宏锂电股份有限公司","Zhejiang Tianhong Lithiumion Battery Co.,Ltd."
"920260.BJ","920260","中寰股份","四川","专用机械","zhgf","北交所","20211115","","","BSE","L","成都中寰流体控制设备股份有限公司","Chengdu Zhonghuan Flow Controls Mfg. Co., Ltd"
"920261.BJ","920261","一诺威","山东","化工原料","ynw","北交所","20230403","","","BSE","L","山东一诺威聚氨酯股份有限公司","Shandong Inov Polyurethane Co., Ltd."
"920262.BJ","920262","太湖雪","江苏","纺织","thx","北交所","20221230","","","BSE","L","苏州太湖雪丝绸股份有限公司","Suzhou Taihusnow Silk Co.,Ltd."
"920263.BJ","920263","中航泰达","北京","环境保护","zhtd","北交所","20200727","","","BSE","L","北京中航泰达环保科技股份有限公司","Beijing Zhtd Environmental Protection Technology Co.,Ltd"
"920266.BJ","920266","生物谷","云南","中成药","swg","北交所","20200727","","","BSE","L","云南生物谷药业股份有限公司","Yunnan Biovalley Pharmaceutical Co.,Ltd"
"920267.BJ","920267","鑫汇科","深圳","元器件","xhk","北交所","20220527","","","BSE","L","深圳市鑫汇科股份有限公司","Shenzhen CHK Co.,Ltd"
"920270.BJ","920270","天铭科技","浙江","汽车配件","tmkj","北交所","20220902","","","BSE","L","杭州天铭科技股份有限公司","T-Max (Hangzhou) Technology Co., Ltd."
"920271.BJ","920271","邦德股份","山东","汽车配件","bdgf","北交所","20220602","","","BSE","L","威海邦德散热系统股份有限公司","Weihai Bangde Cooling System Co.,Ltd."
"920273.BJ","920273","一致魔芋","湖北","食品","yzmy","北交所","20230221","","","BSE","L","湖北一致魔芋生物科技股份有限公司","Hubei Yizhi Konjac Biotechnology Co.,Ltd."
"920274.BJ","920274","宏裕包材","湖北","广告包装","hybc","北交所","20230818","","","BSE","L","湖北宏裕新型包材股份有限公司","Hubei Hongyu New Packaging Materials Co., Ltd."
"920275.BJ","920275","驱动力","广东","农业综合","qdl","北交所","20210125","","","BSE","L","广东驱动力生物科技集团股份有限公司","Guangdong Drive Bio-Tech Group Co., Ltd."
"920278.BJ","920278","鹿得医疗","江苏","医疗保健","ldyl","北交所","20200727","","","BSE","L","江苏鹿得医疗电子股份有限公司","Honsun (Nantong) Co.,Ltd"
"920284.BJ","920284","灵鸽科技","江苏","专用机械","lgkj","北交所","20231219","","","BSE","L","无锡灵鸽机械科技股份有限公司","Wuxi Lingood Machinery Technology Co.Ltd"
"920299.BJ","920299","灿能电力","江苏","电气设备","cndl","北交所","20220610","","","BSE","L","南京灿能电力自动化股份有限公司","Nanjing Shining Electric Automation Co.,Ltd."
"920300.BJ","920300","辰光医疗","上海","医疗保健","cgyl","北交所","20221207","","","BSE","L","上海辰光医疗科技股份有限公司","Shanghai Chenguang Medical Technologies Co., Ltd."
"920304.BJ","920304","迪尔化工","山东","化工原料","dehg","北交所","20230418","","","BSE","L","山东华阳迪尔化工股份有限公司","Shandong Huayang Dr Chemical Industry Co.,Ltd."
"920305.BJ","920305","*ST云创","江苏","软件服务","styc","北交所","20210826","","","BSE","L","南京云创大数据科技股份有限公司","Nanjing Innovative Data Technologies,Inc."
"920339.BJ","920339","恒太照明","江苏","家用电器","htzm","北交所","20221117","","","BSE","L","江苏恒太照明股份有限公司","Jiangsu Ever-Tie Lighting Co., Ltd"
"920344.BJ","920344","三元基因","北京","生物制药","syjy","北交所","20210108","","","BSE","L","北京三元基因药业股份有限公司","Beijing Tri-Prime Gene Pharmaceutical Co., Ltd."
"920346.BJ","920346","威贸电子","上海","元器件","wmdz","北交所","20220223","","","BSE","L","上海威贸电子股份有限公司","Shanghai Weimao Electronic Co.,Ltd"
"920351.BJ","920351","华光源海","湖南","仓储物流","hgyh","北交所","20221229","","","BSE","L","华光源海国际物流集团股份有限公司","Higoshipping Co., Ltd"
"920357.BJ","920357","雅葆轩","安徽","元器件","ybx","北交所","20221118","","","BSE","L","芜湖雅葆轩电子科技股份有限公司","Wuhu Yabosion Electronic Technology Co.,Ltd"
"920363.BJ","920363","莱赛激光","江苏","电器仪表","lsjg","北交所","20231228","","","BSE","L","莱赛激光科技股份有限公司","Laisai Laser Technology Co.,Ltd."
"920367.BJ","920367","新赣江","江西","化学制药","xgj","北交所","20230209","","","BSE","L","江西新赣江药业股份有限公司","Jiangxi Xinganjiang Pharmaceutical Co.,Ltd."
"920368.BJ","920368","连城数控","辽宁","专用机械","lcsk","北交所","20200727","","","BSE","L","大连连城数控机器股份有限公司","Linton Technologies Group"
"920370.BJ","920370","新安洁","重庆","环境保护","xaj","北交所","20200727","","","BSE","L","新安洁智能环境技术服务股份有限公司","Newange Ambient Intelligence Technical Service Co. Ltd"
"920371.BJ","920371","欧福蛋业","江苏","食品","ofdy","北交所","20230118","","","BSE","L","苏州欧福蛋业股份有限公司","Suzhou Ovodan Foods Co.,Ltd."
"920374.BJ","920374","云里物里","深圳","通信设备","ylwl","北交所","20221129","","","BSE","L","深圳云里物里科技股份有限公司","Shenzhen Minew Technologies Co.,Ltd."
"920375.BJ","920375","派诺科技","广东","电气设备","pnkj","北交所","20231214","","","BSE","L","珠海派诺科技股份有限公司","Zhuhai Pilot Technology Co.,Ltd"
"920378.BJ","920378","泰德股份","山东","汽车配件","tdgf","北交所","20220620","","","BSE","L","青岛泰德轴承科技股份有限公司","Qingdao Taide Bearing Technology Co., Ltd."
"920392.BJ","920392","佳合科技","江苏","广告包装","jhkj","北交所","20221230","","","BSE","L","昆山佳合纸制品科技股份有限公司","Kunshan Supermix Printing Technology Co.,Ltd."
"920394.BJ","920394","民士达","山东","造纸","msd","北交所","20230425","","","BSE","L","烟台民士达特种纸业股份有限公司","Yantai Metastar Special Paper Co.,Ltd."
"920395.BJ","920395","朗鸿科技","浙江","IT设备","lhkj","北交所","20220901","","","BSE","L","杭州朗鸿科技股份有限公司","Hangzhou Langhong Technology Co.,Ltd."
"920396.BJ","920396","常辅股份","江苏","电器仪表","cfgf","北交所","20201118","","","BSE","L","常州电站辅机股份有限公司","Changzhou Power Station Auxiliary Equipment Co.,Ltd"
"920402.BJ","920402","硅烷科技","河南","化工原料","gwkj","北交所","20220928","","","BSE","L","河南硅烷科技发展股份有限公司","Henan Silane Technology Development Co., Ltd."
"920403.BJ","920403","康农种业","湖北","种植业","knzy","北交所","20240118","","","BSE","L","湖北康农种业股份有限公司","Hubei Kangnong Seed Co., Ltd."
"920405.BJ","920405","海希通讯","上海","电器仪表","hxtx","北交所","20211105","","","BSE","L","上海海希工业通讯股份有限公司","Shanghai Hysea Industrial Communication Co., Ltd."
"920407.BJ","920407","驰诚股份","河南","电器仪表","ccgf","北交所","20230216","","","BSE","L","河南驰诚电气股份有限公司","Henan Chicheng Electric Co.,Ltd"
"920414.BJ","920414","欧普泰","上海","电器仪表","opt","北交所","20221212","","","BSE","L","上海欧普泰科技创业股份有限公司","Shanghai Optech Science and Technology Co.,Ltd"
"920415.BJ","920415","恒拓开源","河南","软件服务","htky","北交所","20200727","","","BSE","L","恒拓开源信息科技股份有限公司","Forever Opensource Software Inc."
"920418.BJ","920418","苏轴股份","江苏","汽车配件","szgf","北交所","20200727","","","BSE","L","苏州轴承厂股份有限公司","Suzhou Bearing Factory Co.,Ltd."
"920419.BJ","920419","路斯股份","山东","饲料","lsgf","北交所","20220311","","","BSE","L","山东路斯宠物食品股份有限公司","Shandong Luscious Pet Food Inc."
"920422.BJ","920422","润普食品","江苏","食品","rpsp","北交所","20230301","","","BSE","L","江苏润普食品科技股份有限公司","Jiangsu Mupro Ift Corp."
"920425.BJ","920425","乐创技术","四川","专用机械","lcjs","北交所","20230130","","","BSE","L","成都乐创自动化技术股份有限公司","Chengdu Leetro Automation Co.,Ltd."
"920427.BJ","920427","华维设计","江西","建筑工程","hwsj","北交所","20210205","","","BSE","L","华维设计集团股份有限公司","Hua Wei Design Group Co.,Ltd."
"920429.BJ","920429","康比特","北京","食品","kbt","北交所","20221215","","","BSE","L","北京康比特体育科技股份有限公司","Beijing Competitor Sports Science Technology Joint Stock Co., Ltd"
"920433.BJ","920433","大唐药业","内蒙","中成药","dtyy","北交所","20200727","","","BSE","L","内蒙古大唐药业股份有限公司","Inner Mongolia Grand Pharmaceutical Co.,Ltd."
"920436.BJ","920436","大地电气","江苏","汽车配件","dddq","北交所","20211115","","","BSE","L","南通大地电气股份有限公司","Nantong Great Electric Co.,Ltd."
"920438.BJ","920438","戈碧迦","湖北","元器件","gbj","北交所","20240325","","","BSE","L","湖北戈碧迦光电科技股份有限公司","Hubei Gabrielle Optech Co.,Ltd"
"920445.BJ","920445","龙竹科技","福建","家居用品","lzkj","北交所","20200727","","","BSE","L","龙竹科技集团股份有限公司","Long Bamboo Technology Group Co.,Ltd."
"920454.BJ","920454","同心传动","河南","汽车配件","txcd","北交所","20211115","","","BSE","L","河南同心传动股份有限公司","Henan Tongxin Transmission Co.,Ltd."
"920455.BJ","920455","汇隆活塞","辽宁","专用机械","hlhs","北交所","20230621","","","BSE","L","大连汇隆活塞股份有限公司","Dalian Hellon Piston Co.,Ltd."
"920469.BJ","920469","富恒新材","深圳","塑料","fhxc","北交所","20230918","","","BSE","L","深圳市富恒新材料股份有限公司","Shenzhen Fuheng New Material Co., Ltd."
"920471.BJ","920471","美邦科技","河北","化工原料","mbkj","北交所","20230525","","","BSE","L","河北美邦工程科技股份有限公司","Hebei Meibang Engineering And Technology Co.,Ltd."
"920475.BJ","920475","三友科技","浙江","专用机械","sykj","北交所","20200727","","","BSE","L","三门三友科技股份有限公司","Sanmen Sanyou Technology Inc"
"920476.BJ","920476","海能技术","山东","电器仪表","hnjs","北交所","20221014","","","BSE","L","海能未来技术集团股份有限公司","Hanon Advanced Technology Group Co.,Ltd."
"920478.BJ","920478","峆一药业","安徽","化学制药","hyyy","北交所","20230223","","","BSE","L","安徽峆一药业股份有限公司","Anhui Heryi Pharmaceutical Co.,Ltd."
"920489.BJ","920489","佳先股份","安徽","化工原料","jxgf","北交所","20200727","","","BSE","L","安徽佳先功能助剂股份有限公司","Anhui Jiaxian Functional Auxiliary Co., Ltd."
"920491.BJ","920491","奥迪威","广东","元器件","adw","北交所","20220614","","","BSE","L","广东奥迪威传感科技股份有限公司","Audiowell Electronics (Guangdong) Co., Ltd."
"920493.BJ","920493","并行科技","北京","软件服务","bhkj","北交所","20231101","","","BSE","L","北京并行科技股份有限公司","Beijing Paratera Tech Corp.,Ltd"
"920496.BJ","920496","许昌智能","河南","电气设备","xczn","北交所","20240126","","","BSE","L","许昌智能继电器股份有限公司","Xuchang Intelligent Relay Co., Ltd"
"920504.BJ","920504","博迅生物","上海","医疗保健","bxsw","北交所","20230817","","","BSE","L","上海博迅医疗生物仪器股份有限公司","Shanghai Boxun Medical Biological Instrument Corp."
"920505.BJ","920505","九菱科技","湖北","机械基件","jlkj","北交所","20221221","","","BSE","L","荆州九菱科技股份有限公司","Jingzhou Jiuling Science And Technology Co.,Ltd"
"920508.BJ","920508","殷图网联","北京","电气设备","ytwl","北交所","20200727","","","BSE","L","北京殷图网联科技股份有限公司","Beijing In-To Digital Technology Stock Co.,Ltd."
"920509.BJ","920509","同惠电子","江苏","电器仪表","thdz","北交所","20210111","","","BSE","L","常州同惠电子股份有限公司","Changzhou Tonghui Electronic Co.,Ltd"
"920510.BJ","920510","丰光精密","山东","机械基件","fgjm","北交所","20201228","","","BSE","L","青岛丰光精密机械股份有限公司","Qingdao Fengguang Precision Machinery Co.,Ltd."
"920519.BJ","920519","万德股份","陕西","化工原料","wdgf","北交所","20230915","","","BSE","L","西安万德能源化学股份有限公司","Xi An Wonder Energy Chemical Co.,Ltd"
"920522.BJ","920522","纳科诺尔","河北","专用机械","nkne","北交所","20231116","","","BSE","L","邢台纳科诺尔精轧科技股份有限公司","Xingtai Naknor Technology Co.,Ltd."
"920523.BJ","920523","德瑞锂电","广东","电气设备","drld","北交所","20210603","","","BSE","L","惠州市惠德瑞锂电科技股份有限公司","Huizhou Huiderui Lithium Battery Technology Co., Ltd"
"920526.BJ","920526","凯华材料","天津","化工原料","khcl","北交所","20221222","","","BSE","L","天津凯华绝缘材料股份有限公司","Tianjin Kaihua Insulation Material Co.,Ltd."
"920527.BJ","920527","夜光明","浙江","化工原料","ygm","北交所","20221027","","","BSE","L","浙江夜光明光电科技股份有限公司","Zhejiang Ygm Technology Co.,Ltd"
"920533.BJ","920533","骏创科技","江苏","汽车配件","jckj","北交所","20220524","","","BSE","L","苏州骏创汽车科技股份有限公司","Suzhou Junchuang Auto Technologies Co.,Ltd"
"920541.BJ","920541","铁大科技","上海","运输设备","tdkj","北交所","20230310","","","BSE","L","上海铁大电信科技股份有限公司","Shanghai Tieda Telecom Technology Co.,Ltd."
"920547.BJ","920547","无锡晶海","江苏","化学制药","wxjh","北交所","20231212","","","BSE","L","无锡晶海氨基酸股份有限公司","Wuxi Jinghai Amino Acid Co.,Ltd."
"920553.BJ","920553","凯腾精工","北京","专用机械","ktjg","北交所","20210806","","","BSE","L","北京凯腾精工制版股份有限公司","Beijing Kaiteng Jinggong Gravure Cylinder Co.,Ltd."
"920556.BJ","920556","雅达股份","广东","电器仪表","ydgf","北交所","20230317","","","BSE","L","广东雅达电子股份有限公司","Guangdong Yada Electronics Co., Ltd"
"920564.BJ","920564","天润科技","陕西","软件服务","trkj","北交所","20220617","","","BSE","L","陕西天润科技股份有限公司","Shaanxi Tirain Science Technology Co.,Ltd."
"920566.BJ","920566","梓橦宫","四川","化学制药","ztg","北交所","20210813","","","BSE","L","四川梓橦宫药业股份有限公司","Sichuan Zitonggong Pharmaceutical Co.,Ltd"
"920570.BJ","920570","坤博精工","浙江","机械基件","kbjg","北交所","20231123","","","BSE","L","浙江坤博精工科技股份有限公司","Zhejiang Kunbo Precision Technology Co., Ltd."
"920571.BJ","920571","国航远洋","福建","水运","ghyy","北交所","20221215","","","BSE","L","福建国航远洋运输(集团)股份有限公司","Fujian Guohang Ocean Shipping(Group) Co.,Ltd"
"920575.BJ","920575","康乐卫士","北京","生物制药","klws","北交所","20230315","","","BSE","L","北京康乐卫士生物技术股份有限公司","Beijing Health Guard Biotechnology Inc."
"920576.BJ","920576","天力复合","陕西","小金属","tlfh","北交所","20230712","","","BSE","L","西安天力金属复合材料股份有限公司","Xi'an Tianli Clad Metal Materials Co., Ltd."
"920578.BJ","920578","巨能股份","宁夏","专用机械","jngf","北交所","20230512","","","BSE","L","宁夏巨能机器人股份有限公司","Ningxia Ju Neng Robotics Co.,Ltd."
"920579.BJ","920579","机科股份","北京","机械基件","jkgf","北交所","20231130","","","BSE","L","机科发展科技股份有限公司","Machinery Technology Development Co.,Ltd"
"920580.BJ","920580","科创新材","河南","其他建材","kcxc","北交所","20220513","","","BSE","L","洛阳科创新材料股份有限公司","Luoyang Kechuang New Material Co., Ltd."
"920592.BJ","920592","华信永道","北京","软件服务","hxyd","北交所","20230710","","","BSE","L","华信永道(北京)科技股份有限公司","Hi-Think Yondervision(Beijing)Tech.Co.,Ltd."
"920593.BJ","920593","鼎智科技","江苏","机械基件","dzkj","北交所","20230413","","","BSE","L","江苏鼎智智能控制科技股份有限公司","Jiangsu DINGS Intelligent Control Technology Co., Ltd"
"920599.BJ","920599","同力股份","陕西","工程机械","tlgf","北交所","20210222","","","BSE","L","陕西同力重工股份有限公司","Shaanxi Tonly Heavy Industries Co.,Ltd."
"920608.BJ","920608","丰安股份","浙江","机械基件","fagf","北交所","20221216","","","BSE","L","浙江丰安齿轮股份有限公司","Zhejiang Pjgear Co.,Ltd."
"920627.BJ","920627","力王股份","广东","电气设备","lwgf","北交所","20230907","","","BSE","L","广东力王新能源股份有限公司","Guangdong Liwang New Energy Co.,Ltd."
"920634.BJ","920634","新威凌","湖南","铅锌","xwl","北交所","20221124","","","BSE","L","湖南新威凌金属新材料科技股份有限公司","Hunan New Welllink Advanced Metallic Material Co.,Ltd."
"920639.BJ","920639","晨光电缆","浙江","电气设备","cgdl","北交所","20220712","","","BSE","L","浙江晨光电缆股份有限公司","Zhejiang Chenguang Cable Co., Ltd"
"920640.BJ","920640","富士达","陕西","通信设备","fsd","北交所","20200727","","","BSE","L","中航富士达科技股份有限公司","Avic Forstar St Co.,Ltd."
"920641.BJ","920641","格利尔","江苏","矿物制品","gle","北交所","20221202","","","BSE","L","格利尔数码科技股份有限公司","Gloria Technology Llc"
"920642.BJ","920642","通易航天","江苏","航空","tyht","北交所","20210816","","","BSE","L","南通通易航天科技股份有限公司","Nantong Tongyi Aerospace Science and Technology Co., Ltd"
"920651.BJ","920651","天罡股份","山东","电器仪表","tggf","北交所","20230627","","","BSE","L","威海市天罡仪表股份有限公司","Weihai Ploumeter Co.,Ltd."
"920656.BJ","920656","海昇药业","浙江","化学制药","hsyy","北交所","20240202","","","BSE","L","浙江海昇药业股份有限公司","Zhejiang Chemsyn Pharm Co.,Ltd."
"920662.BJ","920662","方盛股份","江苏","机械基件","fsgf","北交所","20221128","","","BSE","L","无锡方盛换热器股份有限公司","Wuxi Fangsheng Heat Exchanger Co., Ltd."
"920663.BJ","920663","明阳科技","江苏","汽车配件","mykj","北交所","20230315","","","BSE","L","明阳科技(苏州)股份有限公司","Mingyang Technology(Suzhou) Co., Ltd."
"920665.BJ","920665","科强股份","江苏","橡胶","kqgf","北交所","20230926","","","BSE","L","江苏科强新材料股份有限公司","Jiangsu Keqiang New Material Co., Ltd."
"920670.BJ","920670","数字人","山东","软件服务","szr","北交所","20201208","","","BSE","L","山东数字人科技股份有限公司","Shandong Digihuman Technology Co.,Ltd"
"920675.BJ","920675","秉扬科技","四川","矿物制品","bykj","北交所","20201228","","","BSE","L","攀枝花秉扬科技股份有限公司","Panzhihua Bing Yang Technology Co., Ltd."
"920679.BJ","920679","前进科技","浙江","机械基件","qjkj","北交所","20231110","","","BSE","L","浙江前进暖通科技股份有限公司","Zhejiang Forward Heating Technologies Co., Ltd."
"920680.BJ","920680","*ST广道","深圳","软件服务","stgd","北交所","20211115","","","BSE","L","深圳市广道数字技术股份有限公司","Shenzhen Suntang Digital Technology Co., Ltd."
"920682.BJ","920682","球冠电缆","浙江","电气设备","qgdl","北交所","20200727","","","BSE","L","宁波球冠电缆股份有限公司","Ningbo Qrunning Cable Co.,Ltd"
"920685.BJ","920685","新芝生物","浙江","电器仪表","xzsw","北交所","20221010","","","BSE","L","宁波新芝生物科技股份有限公司","Ningbo Scientz Biotechnology Co.,Ltd"
"920689.BJ","920689","克莱特","山东","专用机械","klt","北交所","20220321","","","BSE","L","威海克莱特菲尔风机股份有限公司","Weihai Creditfan Ventilator Co.,Ltd"
"920690.BJ","920690","捷众科技","浙江","汽车配件","jzkj","北交所","20240105","","","BSE","L","浙江捷众科技股份有限公司","Zhejiang Jiezhong Science&Technology Co.,Ltd."
"920693.BJ","920693","阿为特","上海","机械基件","awt","北交所","20231027","","","BSE","L","上海阿为特精密机械股份有限公司","Ahwit Precision (Shanghai) Co.,Ltd."
"920694.BJ","920694","中裕科技","江苏","塑料","zykj","北交所","20230424","","","BSE","L","中裕软管科技股份有限公司","Zyfire Hose Corporation"
"920699.BJ","920699","海达尔","江苏","家用电器","hde","北交所","20230509","","","BSE","L","无锡海达尔精密滑轨股份有限公司","Wuxi Haidaer Precision Slides Co.,Ltd"
"920701.BJ","920701","豪声电子","浙江","元器件","hsdz","北交所","20230719","","","BSE","L","浙江豪声电子科技股份有限公司","Zhejiang Haosheng Electronic Technology Co.,Ltd."
"920703.BJ","920703","广厦环能","北京","专用机械","gxhn","北交所","20231205","","","BSE","L","北京广厦环能科技股份有限公司","Beijing Groundsun Technology Co., Ltd."
"920706.BJ","920706","铁拓机械","福建","工程机械","ttjx","北交所","20240308","","","BSE","L","福建省铁拓机械股份有限公司","Fujian Tietuo Machinery Co., Ltd."
"920717.BJ","920717","瑞星股份","河北","专用机械","rxgf","北交所","20230703","","","BSE","L","河北瑞星燃气设备股份有限公司","Hebei Ruixing Gas Equipment Co.,Ltd"
"920718.BJ","920718","合肥高科","安徽","家用电器","hfgk","北交所","20221222","","","BSE","L","合肥高科科技股份有限公司","Hefei Gaoco Technology Co.,Ltd."
"920719.BJ","920719","宁新新材","江西","化工原料","nxxc","北交所","20230526","","","BSE","L","江西宁新新材料股份有限公司","Jiangxi Ningxin New Material Co., Ltd."
"920720.BJ","920720","吉冈精密","江苏","机械基件","jgjm","北交所","20211124","","","BSE","L","无锡吉冈精密科技股份有限公司","Wuxi Yoshioka Precision Technology Corp.,Ltd"
"920725.BJ","920725","惠丰钻石","河南","矿物制品","hfzs","北交所","20220718","","","BSE","L","惠丰钻石股份有限公司","Huifeng Dimond Co., Ltd."
"920726.BJ","920726","朱老六","吉林","食品","zll","北交所","20210527","","","BSE","L","长春市朱老六食品股份有限公司","Changchun Zhulaoliu Food Co.,Ltd"
"920729.BJ","920729","永顺生物","广东","农业综合","yssw","北交所","20200727","","","BSE","L","广东永顺生物制药股份有限公司","Guangdong Winsun Biopharmaceutical Co.,Ltd"
"920735.BJ","920735","德源药业","江苏","化学制药","dyyy","北交所","20210219","","","BSE","L","江苏德源药业股份有限公司","Jiangsu Deyuan Pharmaceutical Co., Ltd"
"920748.BJ","920748","路桥信息","福建","软件服务","lqxx","北交所","20230816","","","BSE","L","厦门路桥信息股份有限公司","Xiamen Road And Bridge Information Co.,Ltd."
"920751.BJ","920751","惠同新材","湖南","小金属","htxc","北交所","20230717","","","BSE","L","湖南惠同新材料股份有限公司","Hunan Huitong Advanced Materials Co.,Ltd."
"920753.BJ","920753","天纺标","天津","纺织","tfb","北交所","20221031","","","BSE","L","天纺标检测认证股份有限公司","Tianfangbiao Standardization Certification & Testing Co.,Ltd"
"920765.BJ","920765","美之高","深圳","家居用品","mzg","北交所","20210705","","","BSE","L","深圳市美之高科技股份有限公司","Shenzhen Meizhigao Technology Co.,Ltd"
"920768.BJ","920768","拾比佰","广东","家用电器","sbb","北交所","20210628","","","BSE","L","珠海拾比佰彩图板股份有限公司","Zhuhai Speedbird Pvc Film Laminated Metal Sheet Co.,Ltd"
"920770.BJ","920770","艾能聚","浙江","电气设备","anj","北交所","20230228","","","BSE","L","浙江艾能聚光伏科技股份有限公司","Zhejiang Energy Pv-Tech Co.,Ltd"
"920779.BJ","920779","武汉蓝电","湖北","电器仪表","whld","北交所","20230601","","","BSE","L","武汉市蓝电电子股份有限公司","Wuhan Land Electronic Co.,Ltd"
"920781.BJ","920781","瑞奇智造","四川","专用机械","rqzz","北交所","20221226","","","BSE","L","成都瑞奇智造科技股份有限公司","Chengdu Rich Technology Co.,Ltd."
"920786.BJ","920786","骑士乳业","内蒙","乳制品","qsry","北交所","20231013","","","BSE","L","内蒙古骑士乳业集团股份有限公司","Inner Mongolia Chevalese Dairy Group Co.,Ltd."
"920790.BJ","920790","联迪信息","江苏","软件服务","ldxx","北交所","20220902","","","BSE","L","南京联迪信息系统股份有限公司","Nanjing Liandi Information Systems Co.,Ltd."
"920792.BJ","920792","东和新材","辽宁","其他建材","dhxc","北交所","20230330","","","BSE","L","辽宁东和新材料股份有限公司","Liaoning Donghe New Materials Co.,Ltd"
"920799.BJ","920799","艾融软件","上海","软件服务","arrj","北交所","20200727","","","BSE","L","上海艾融软件股份有限公司","Shanghai I2finance Technology Co.,Ltd."
"920802.BJ","920802","保丽洁","江苏","环境保护","blj","北交所","20230206","","","BSE","L","江苏保丽洁环境科技股份有限公司","Jiangsu Polygee Environmental Technology Co.,Ltd"
"920806.BJ","920806","云星宇","北京","软件服务","yxy","北交所","20240111","","","BSE","L","北京云星宇交通科技股份有限公司","Beijing Yunxingyu Traffic Technology Ltd"
"920807.BJ","920807","奔朗新材","广东","机械基件","blxc","北交所","20221220","","","BSE","L","广东奔朗新材料股份有限公司","Monte Bianco Diamond Applications Co.,Ltd."
"920808.BJ","920808","曙光数创","北京","IT设备","sgsc","北交所","20221118","","","BSE","L","曙光数据基础设施创新技术(北京)股份有限公司","Sugon Data Energy (Beijing) Co.,Ltd."
"920809.BJ","920809","安达科技","贵州","电气设备","adkj","北交所","20230323","","","BSE","L","贵州安达科技能源股份有限公司","Guizhou Anda Energy Technology Co., Ltd."
"920810.BJ","920810","春光智能","辽宁","专用机械","cgzn","北交所","20221216","","","BSE","L","辽宁春光智能装备集团股份有限公司","Liaoning Chunguang Intelligent Equipment Group Corp.,Ltd."
"920819.BJ","920819","颖泰生物","北京","农药化肥","ytsw","北交所","20200727","","","BSE","L","北京颖泰嘉和生物科技股份有限公司","Nutrichem Company Limited"
"920821.BJ","920821","则成电子","深圳","元器件","zcdz","北交所","20220706","","","BSE","L","深圳市则成电子股份有限公司","Shenzhen Zecheng Electronics Co.,Ltd"
"920826.BJ","920826","盖世食品","辽宁","食品","gssp","北交所","20210112","","","BSE","L","盖世食品股份有限公司","Gaishi Food Co., Ltd"
"920832.BJ","920832","齐鲁华信","山东","化工原料","qlhx","北交所","20210223","","","BSE","L","山东齐鲁华信实业股份有限公司","Shandong Qilu Huaxin Industry Co.,Ltd."
"920833.BJ","920833","美心翼申","重庆","汽车配件","mxys","北交所","20231108","","","BSE","L","重庆美心翼申机械股份有限公司","Chongqing Meixin Yishen Machinery Co.,Ltd."
"920834.BJ","920834","三维装备","江苏","塑料","swzb","北交所","20220822","","","BSE","L","镇江三维输送装备股份有限公司","Zhenjiang Sanwei Conveying Equipment Co., Ltd"
"920837.BJ","920837","华原股份","广西","汽车配件","hygf","北交所","20230515","","","BSE","L","广西华原过滤系统股份有限公司","Guangxi Watyuan Filtration System Co., Ltd"
"920839.BJ","920839","万通液压","山东","工程机械","wtyy","北交所","20201109","","","BSE","L","山东万通液压股份有限公司","Shandong Wantong Hydraumatic Co., Ltd."
"920855.BJ","920855","浙江大农","浙江","机床制造","zjdn","北交所","20221229","","","BSE","L","浙江大农实业股份有限公司","Zhejiang Danau Industries Co., Ltd."
"920856.BJ","920856","浩淼科技","安徽","专用机械","hmkj","北交所","20201225","","","BSE","L","明光浩淼安防科技股份公司","Mingguang Haomiao Security Protection Technology Co.,Ltd."
"920857.BJ","920857","泓禧科技","重庆","元器件","hxkj","北交所","20220228","","","BSE","L","重庆市泓禧科技股份有限公司","Chongqing Hong Xi Technology Co.,Ltd."
"920866.BJ","920866","绿亨科技","广东","农药化肥","lhkj","北交所","20221209","","","BSE","L","绿亨科技集团股份有限公司","Luheng Technology Group Co.,Ltd."
"920870.BJ","920870","恒进感应","湖北","机床制造","hjgy","北交所","20220705","","","BSE","L","恒进感应科技(十堰)股份有限公司","Heatking Induction Technology (Shiyan)Co .,Ltd."
"920871.BJ","920871","派特尔","广东","塑料","pte","北交所","20220722","","","BSE","L","珠海市派特尔科技股份有限公司","Zhuhai Painter Technology Co., Ltd."
"920873.BJ","920873","中设咨询","重庆","建筑工程","zszx","北交所","20211115","","","BSE","L","中设工程咨询(重庆)股份有限公司","Zhongshe Engineering Consulting (Chongqing) Co., Ltd."
"920876.BJ","920876","慧为智能","深圳","元器件","hwzn","北交所","20221109","","","BSE","L","深圳市慧为智能科技股份有限公司","Techvision Intelligent Technology Co.,Ltd."
"920879.BJ","920879","基康技术","北京","电器仪表","jkjs","北交所","20221220","","","BSE","L","基康技术股份有限公司","Geokang Technologies Co., Ltd."
"920885.BJ","920885","星辰科技","广西","电器仪表","xckj","北交所","20210708","","","BSE","L","桂林星辰科技股份有限公司","Guilin Stars Science and Technology Co., Ltd."
"920892.BJ","920892","广咨国际","广东","建筑工程","gzgj","北交所","20211028","","","BSE","L","广东广咨国际投资咨询集团股份有限公司","Guangdong Guangzi International Investment Consultants Group Co., Ltd."
"920895.BJ","920895","花溪科技","河南","农用机械","hxkj","北交所","20230406","","","BSE","L","新乡市花溪科技股份有限公司","Xinxiang Huaxi Technology Co.,Ltd."
"920896.BJ","920896","旺成科技","重庆","汽车配件","wckj","北交所","20230419","","","BSE","L","重庆市旺成科技股份有限公司","Chongqing Wangcheng Technology Co.,Ltd."
"920906.BJ","920906","舜宇精工","浙江","汽车配件","syjg","北交所","20230222","","","BSE","L","宁波舜宇精工股份有限公司","Ningbo Sunny Precision Industry Co.,Ltd."
"920914.BJ","920914","远航精密","江苏","小金属","yhjm","北交所","20221111","","","BSE","L","江苏远航精密合金科技股份有限公司","Jiangsu Sinonic Precision Alloy Co., Ltd."
"920924.BJ","920924","广脉科技","浙江","通信设备","gmkj","北交所","20211103","","","BSE","L","广脉科技股份有限公司","Gcom Technology Co., Ltd."
"920925.BJ","920925","锦好医疗","广东","医疗保健","jhyl","北交所","20211025","","","BSE","L","惠州市锦好医疗科技股份有限公司","Huizhou Jinghao Medical Technology Co.,Ltd."
"920926.BJ","920926","鸿智科技","广东","家用电器","hzkj","北交所","20230808","","","BSE","L","广东鸿智智能科技股份有限公司","Guangdong Hallsmart Intelligence Technology Corp.,Ltd."
"920931.BJ","920931","无锡鼎邦","江苏","化工机械","wxdb","北交所","20240408","","","BSE","L","无锡鼎邦换热设备股份有限公司","Wuxi Dingbang Heat Exchange Equipment Co., Ltd."
"920932.BJ","920932","科达自控","山西","软件服务","kdzk","北交所","20211115","","","BSE","L","山西科达自控股份有限公司","Shanxi Keda Automatic Control Co., Ltd."
"920942.BJ","920942","恒立钻具","湖北","机械基件","hlzj","北交所","20221208","","","BSE","L","武汉恒立工程钻具股份有限公司","Wuhan Hl Engineering Tool Co., Ltd"
"920943.BJ","920943","优机股份","四川","机械基件","yjgf","北交所","20220624","","","BSE","L","四川优机实业股份有限公司","Sichuan Y&J Industries Co.,Ltd"
"920946.BJ","920946","森萱医药","江苏","化学制药","sxyy","北交所","20200727","","","BSE","L","江苏森萱医药股份有限公司","Jiangsu Senxuan Pharmaceutical Co., Ltd."
"920950.BJ","920950","迅安科技","江苏","元器件","xakj","北交所","20230111","","","BSE","L","常州迅安科技股份有限公司","Changzhou Shine Science & Technology Co.,Ltd."
"920953.BJ","920953","国子软件","山东","软件服务","gzrj","北交所","20230823","","","BSE","L","山东国子软件股份有限公司","Shandong Guozi Software Co., Ltd."
"920957.BJ","920957","汉维科技","广东","化工原料","hwkj","北交所","20221214","","","BSE","L","东莞市汉维科技股份有限公司","Chnv Technology Co.,Ltd"
"920961.BJ","920961","创远信科","上海","电器仪表","cyxk","北交所","20200727","","","BSE","L","创远信科(上海)技术股份有限公司","Transcom (Shanghai) Technology Co., Ltd."
"920964.BJ","920964","润农节水","河北","建筑工程","rnjs","北交所","20200727","","","BSE","L","河北润农节水科技股份有限公司","Hebei Runnong Water-Saving Technology Co., Ltd."
"920970.BJ","920970","大禹生物","山西","饲料","dysw","北交所","20220518","","","BSE","L","山西大禹生物工程股份有限公司","Shanxi Dayu Bioengineering Co.,Ltd."
"920971.BJ","920971","天马新材","河南","化工原料","tmxc","北交所","20220927","","","BSE","L","河南天马新材料股份有限公司","Henan Tianma New Material Co., Ltd."
"920974.BJ","920974","凯大催化","浙江","化工原料","kdch","北交所","20230308","","","BSE","L","杭州凯大催化金属材料股份有限公司","Hangzhou Kaida Metal Catalyst And Compounds Co.,Ltd."
"920976.BJ","920976","视声智能","广东","通信设备","sszn","北交所","20230901","","","BSE","L","广州视声智能股份有限公司","GVS Smart Co.,Ltd."
"920978.BJ","920978","开特股份","湖北","汽车配件","ktgf","北交所","20230928","","","BSE","L","湖北开特汽车电子电器系统股份有限公司","Hubei Kait Automotive Electronic & Electrical Systems Co.,Ltd"
"920981.BJ","920981","晶赛科技","安徽","元器件","jskj","北交所","20211115","","","BSE","L","安徽晶赛科技股份有限公司","Anhui Jing Sai Technology Co., Ltd"
"920982.BJ","920982","锦波生物","山西","医疗保健","jbsw","北交所","20230720","","","BSE","L","山西锦波生物医药股份有限公司","Shanxi Jinbo Bio-Pharmaceutical Co., Ltd."
"920985.BJ","920985","海泰新能","河北","电气设备","htxn","北交所","20220808","","","BSE","L","唐山海泰新能科技股份有限公司","Tangshan Haitai New Energy Technology Co.,Ltd."
"920992.BJ","920992","中科美菱","安徽","医疗保健","zkml","北交所","20221018","","","BSE","L","中科美菱低温科技股份有限公司","Zhongke Meiling Cryogenics Co.,Ltd."
"689009.SH","689009","九号公司-WD","北京","摩托车","jhgs","科创板","20201029","","","SSE","L","九号有限公司","Ninebot Limited"